#, DOE RESULTS FROM ANLAYSIS "PGT4"
#, THE ANALYSIS TOOK PLACE ON: Thursday, April 11th, 2013 at 01:08:17 PM
#, THE INPUT FILE WAS: C:\Dan\DEV\pywork\FEADOE\playground.py
#, PERFORMED BY: dannyt
#, ANALYSIS FILES ARE STORED IN : PGT4_MODELS.zip
#
#, INDEPENDENT VARIABLES:
#,NEX,40
#,Pressure,-10000.0
#,matty,Alloy_713LC

################################################################################
#, THE NUMBER OF ANALYSES IN DOE = 1
################################################################################
ALL,MAX_ALL, 0.0017335080482, AID, 1, matty, Alloy_713LC, Pressure, -10000.0, NEX, 40, ANALYSIS_NAME, PGT4_X1
ALL_ID,MAX_ALL_ID, 1846, AID, 1, matty, Alloy_713LC, Pressure, -10000.0, NEX, 40, ANALYSIS_NAME, PGT4_X1
D1,MAX_D1, 0.00173195, AID, 1, matty, Alloy_713LC, Pressure, -10000.0, NEX, 40, ANALYSIS_NAME, PGT4_X1
D1_ID,MAX_D1_ID, 1846, AID, 1, matty, Alloy_713LC, Pressure, -10000.0, NEX, 40, ANALYSIS_NAME, PGT4_X1
D2,MAX_D2, 5.19584e-05, AID, 1, matty, Alloy_713LC, Pressure, -10000.0, NEX, 40, ANALYSIS_NAME, PGT4_X1
D2_ID,MAX_D2_ID, 9, AID, 1, matty, Alloy_713LC, Pressure, -10000.0, NEX, 40, ANALYSIS_NAME, PGT4_X1
D3,MAX_D3, 5.19584e-05, AID, 1, matty, Alloy_713LC, Pressure, -10000.0, NEX, 40, ANALYSIS_NAME, PGT4_X1
D3_ID,MAX_D3_ID, 966, AID, 1, matty, Alloy_713LC, Pressure, -10000.0, NEX, 40, ANALYSIS_NAME, PGT4_X1
ID,MAX_ID, 1862, AID, 1, matty, Alloy_713LC, Pressure, -10000.0, NEX, 40, ANALYSIS_NAME, PGT4_X1
ID_ID,MAX_ID_ID, 1862, AID, 1, matty, Alloy_713LC, Pressure, -10000.0, NEX, 40, ANALYSIS_NAME, PGT4_X1
MOSU,MAX_MOSU, 12.0005200208, AID, 1, matty, Alloy_713LC, Pressure, -10000.0, NEX, 40, ANALYSIS_NAME, PGT4_X1
MOSU_ID,MAX_MOSU_ID, 1705, AID, 1, matty, Alloy_713LC, Pressure, -10000.0, NEX, 40, ANALYSIS_NAME, PGT4_X1
MOSY,MAX_MOSY, 9.88966359373, AID, 1, matty, Alloy_713LC, Pressure, -10000.0, NEX, 40, ANALYSIS_NAME, PGT4_X1
MOSY_ID,MAX_MOSY_ID, 1705, AID, 1, matty, Alloy_713LC, Pressure, -10000.0, NEX, 40, ANALYSIS_NAME, PGT4_X1
SFU,MAX_SFU, 1.0, AID, 1, matty, Alloy_713LC, Pressure, -10000.0, NEX, 40, ANALYSIS_NAME, PGT4_X1
SFU_ID,MAX_SFU_ID, 247, AID, 1, matty, Alloy_713LC, Pressure, -10000.0, NEX, 40, ANALYSIS_NAME, PGT4_X1
SFY,MAX_SFY, 1.0, AID, 1, matty, Alloy_713LC, Pressure, -10000.0, NEX, 40, ANALYSIS_NAME, PGT4_X1
SFY_ID,MAX_SFY_ID, 247, AID, 1, matty, Alloy_713LC, Pressure, -10000.0, NEX, 40, ANALYSIS_NAME, PGT4_X1
SU,MAX_SU, 130000.0, AID, 1, matty, Alloy_713LC, Pressure, -10000.0, NEX, 40, ANALYSIS_NAME, PGT4_X1
SU_ID,MAX_SU_ID, 247, AID, 1, matty, Alloy_713LC, Pressure, -10000.0, NEX, 40, ANALYSIS_NAME, PGT4_X1
SXX,MAX_SXX, 9999.6, AID, 1, matty, Alloy_713LC, Pressure, -10000.0, NEX, 40, ANALYSIS_NAME, PGT4_X1
SXX_ID,MAX_SXX_ID, 247, AID, 1, matty, Alloy_713LC, Pressure, -10000.0, NEX, 40, ANALYSIS_NAME, PGT4_X1
SXY,MAX_SXY, 3.25578e-10, AID, 1, matty, Alloy_713LC, Pressure, -10000.0, NEX, 40, ANALYSIS_NAME, PGT4_X1
SXY_ID,MAX_SXY_ID, 1329, AID, 1, matty, Alloy_713LC, Pressure, -10000.0, NEX, 40, ANALYSIS_NAME, PGT4_X1
SY,MAX_SY, 108892.280072, AID, 1, matty, Alloy_713LC, Pressure, -10000.0, NEX, 40, ANALYSIS_NAME, PGT4_X1
SY_ID,MAX_SY_ID, 247, AID, 1, matty, Alloy_713LC, Pressure, -10000.0, NEX, 40, ANALYSIS_NAME, PGT4_X1
SYY,MAX_SYY, 2.39176e-10, AID, 1, matty, Alloy_713LC, Pressure, -10000.0, NEX, 40, ANALYSIS_NAME, PGT4_X1
SYY_ID,MAX_SYY_ID, 1705, AID, 1, matty, Alloy_713LC, Pressure, -10000.0, NEX, 40, ANALYSIS_NAME, PGT4_X1
SYZ,MAX_SYZ, 6.93658e-11, AID, 1, matty, Alloy_713LC, Pressure, -10000.0, NEX, 40, ANALYSIS_NAME, PGT4_X1
SYZ_ID,MAX_SYZ_ID, 1744, AID, 1, matty, Alloy_713LC, Pressure, -10000.0, NEX, 40, ANALYSIS_NAME, PGT4_X1
SZX,MAX_SZX, 4.10068e-10, AID, 1, matty, Alloy_713LC, Pressure, -10000.0, NEX, 40, ANALYSIS_NAME, PGT4_X1
SZX_ID,MAX_SZX_ID, 1244, AID, 1, matty, Alloy_713LC, Pressure, -10000.0, NEX, 40, ANALYSIS_NAME, PGT4_X1
SZZ,MAX_SZZ, 3.00113e-10, AID, 1, matty, Alloy_713LC, Pressure, -10000.0, NEX, 40, ANALYSIS_NAME, PGT4_X1
SZZ_ID,MAX_SZZ_ID, 1705, AID, 1, matty, Alloy_713LC, Pressure, -10000.0, NEX, 40, ANALYSIS_NAME, PGT4_X1
VM,MAX_VM, 9999.6, AID, 1, matty, Alloy_713LC, Pressure, -10000.0, NEX, 40, ANALYSIS_NAME, PGT4_X1
VM_ID,MAX_VM_ID, 1613, AID, 1, matty, Alloy_713LC, Pressure, -10000.0, NEX, 40, ANALYSIS_NAME, PGT4_X1
================================================================================
ALL,MIN_ALL, 0.0, AID, 1, matty, Alloy_713LC, Pressure, -10000.0, NEX, 40, ANALYSIS_NAME, PGT4_X1
ALL_ID,MIN_ALL_ID, 113, AID, 1, matty, Alloy_713LC, Pressure, -10000.0, NEX, 40, ANALYSIS_NAME, PGT4_X1
D1,MIN_D1, 0.0, AID, 1, matty, Alloy_713LC, Pressure, -10000.0, NEX, 40, ANALYSIS_NAME, PGT4_X1
D1_ID,MIN_D1_ID, 9, AID, 1, matty, Alloy_713LC, Pressure, -10000.0, NEX, 40, ANALYSIS_NAME, PGT4_X1
D2,MIN_D2, -5.19584e-05, AID, 1, matty, Alloy_713LC, Pressure, -10000.0, NEX, 40, ANALYSIS_NAME, PGT4_X1
D2_ID,MIN_D2_ID, 592, AID, 1, matty, Alloy_713LC, Pressure, -10000.0, NEX, 40, ANALYSIS_NAME, PGT4_X1
D3,MIN_D3, -5.19584e-05, AID, 1, matty, Alloy_713LC, Pressure, -10000.0, NEX, 40, ANALYSIS_NAME, PGT4_X1
D3_ID,MIN_D3_ID, 1153, AID, 1, matty, Alloy_713LC, Pressure, -10000.0, NEX, 40, ANALYSIS_NAME, PGT4_X1
ID,MIN_ID, 1, AID, 1, matty, Alloy_713LC, Pressure, -10000.0, NEX, 40, ANALYSIS_NAME, PGT4_X1
ID_ID,MIN_ID_ID, 1, AID, 1, matty, Alloy_713LC, Pressure, -10000.0, NEX, 40, ANALYSIS_NAME, PGT4_X1
MOSU,MIN_MOSU, 12.0005200208, AID, 1, matty, Alloy_713LC, Pressure, -10000.0, NEX, 40, ANALYSIS_NAME, PGT4_X1
MOSU_ID,MIN_MOSU_ID, 1613, AID, 1, matty, Alloy_713LC, Pressure, -10000.0, NEX, 40, ANALYSIS_NAME, PGT4_X1
MOSY,MIN_MOSY, 9.88966359372, AID, 1, matty, Alloy_713LC, Pressure, -10000.0, NEX, 40, ANALYSIS_NAME, PGT4_X1
MOSY_ID,MIN_MOSY_ID, 1613, AID, 1, matty, Alloy_713LC, Pressure, -10000.0, NEX, 40, ANALYSIS_NAME, PGT4_X1
SFU,MIN_SFU, 1.0, AID, 1, matty, Alloy_713LC, Pressure, -10000.0, NEX, 40, ANALYSIS_NAME, PGT4_X1
SFU_ID,MIN_SFU_ID, 247, AID, 1, matty, Alloy_713LC, Pressure, -10000.0, NEX, 40, ANALYSIS_NAME, PGT4_X1
SFY,MIN_SFY, 1.0, AID, 1, matty, Alloy_713LC, Pressure, -10000.0, NEX, 40, ANALYSIS_NAME, PGT4_X1
SFY_ID,MIN_SFY_ID, 247, AID, 1, matty, Alloy_713LC, Pressure, -10000.0, NEX, 40, ANALYSIS_NAME, PGT4_X1
SU,MIN_SU, 130000.0, AID, 1, matty, Alloy_713LC, Pressure, -10000.0, NEX, 40, ANALYSIS_NAME, PGT4_X1
SU_ID,MIN_SU_ID, 247, AID, 1, matty, Alloy_713LC, Pressure, -10000.0, NEX, 40, ANALYSIS_NAME, PGT4_X1
SXX,MIN_SXX, 9999.6, AID, 1, matty, Alloy_713LC, Pressure, -10000.0, NEX, 40, ANALYSIS_NAME, PGT4_X1
SXX_ID,MIN_SXX_ID, 247, AID, 1, matty, Alloy_713LC, Pressure, -10000.0, NEX, 40, ANALYSIS_NAME, PGT4_X1
SXY,MIN_SXY, -4.26155e-10, AID, 1, matty, Alloy_713LC, Pressure, -10000.0, NEX, 40, ANALYSIS_NAME, PGT4_X1
SXY_ID,MIN_SXY_ID, 1319, AID, 1, matty, Alloy_713LC, Pressure, -10000.0, NEX, 40, ANALYSIS_NAME, PGT4_X1
SY,MIN_SY, 108892.280072, AID, 1, matty, Alloy_713LC, Pressure, -10000.0, NEX, 40, ANALYSIS_NAME, PGT4_X1
SY_ID,MIN_SY_ID, 247, AID, 1, matty, Alloy_713LC, Pressure, -10000.0, NEX, 40, ANALYSIS_NAME, PGT4_X1
SYY,MIN_SYY, -2.3947e-10, AID, 1, matty, Alloy_713LC, Pressure, -10000.0, NEX, 40, ANALYSIS_NAME, PGT4_X1
SYY_ID,MIN_SYY_ID, 1679, AID, 1, matty, Alloy_713LC, Pressure, -10000.0, NEX, 40, ANALYSIS_NAME, PGT4_X1
SYZ,MIN_SYZ, -1.59423e-10, AID, 1, matty, Alloy_713LC, Pressure, -10000.0, NEX, 40, ANALYSIS_NAME, PGT4_X1
SYZ_ID,MIN_SYZ_ID, 1710, AID, 1, matty, Alloy_713LC, Pressure, -10000.0, NEX, 40, ANALYSIS_NAME, PGT4_X1
SZX,MIN_SZX, -2.93184e-10, AID, 1, matty, Alloy_713LC, Pressure, -10000.0, NEX, 40, ANALYSIS_NAME, PGT4_X1
SZX_ID,MIN_SZX_ID, 1523, AID, 1, matty, Alloy_713LC, Pressure, -10000.0, NEX, 40, ANALYSIS_NAME, PGT4_X1
SZZ,MIN_SZZ, -2.77177e-10, AID, 1, matty, Alloy_713LC, Pressure, -10000.0, NEX, 40, ANALYSIS_NAME, PGT4_X1
SZZ_ID,MIN_SZZ_ID, 1613, AID, 1, matty, Alloy_713LC, Pressure, -10000.0, NEX, 40, ANALYSIS_NAME, PGT4_X1
VM,MIN_VM, 9999.6, AID, 1, matty, Alloy_713LC, Pressure, -10000.0, NEX, 40, ANALYSIS_NAME, PGT4_X1
VM_ID,MIN_VM_ID, 1705, AID, 1, matty, Alloy_713LC, Pressure, -10000.0, NEX, 40, ANALYSIS_NAME, PGT4_X1
################################################################################



INDEPENDENT VARIABLES:
AID,1,
ANALYSIS_NAME,PGT4_X1,
NEX,40,
Pressure,-10000.0,
matty,Alloy_713LC,

MAX RESULTS:
ALL,0.0017335080482,
ALL_ID,1846,
D1,0.00173195,
D1_ID,1846,
D2,5.19584e-05,
D2_ID,9,
D3,5.19584e-05,
D3_ID,966,
ID,1862,
ID_ID,1862,
MOSU,12.0005200208,
MOSU_ID,1705,
MOSY,9.88966359373,
MOSY_ID,1705,
SFU,1.0,
SFU_ID,247,
SFY,1.0,
SFY_ID,247,
SU,130000.0,
SU_ID,247,
SXX,9999.6,
SXX_ID,247,
SXY,3.25578e-10,
SXY_ID,1329,
SY,108892.280072,
SY_ID,247,
SYY,2.39176e-10,
SYY_ID,1705,
SYZ,6.93658e-11,
SYZ_ID,1744,
SZX,4.10068e-10,
SZX_ID,1244,
SZZ,3.00113e-10,
SZZ_ID,1705,
VM,9999.6,
VM_ID,1613,

MIN RESULTS:
ALL,0.0,
ALL_ID,113,
D1,0.0,
D1_ID,9,
D2,-5.19584e-05,
D2_ID,592,
D3,-5.19584e-05,
D3_ID,1153,
ID,1,
ID_ID,1,
MOSU,12.0005200208,
MOSU_ID,1613,
MOSY,9.88966359372,
MOSY_ID,1613,
SFU,1.0,
SFU_ID,247,
SFY,1.0,
SFY_ID,247,
SU,130000.0,
SU_ID,247,
SXX,9999.6,
SXX_ID,247,
SXY,-4.26155e-10,
SXY_ID,1319,
SY,108892.280072,
SY_ID,247,
SYY,-2.3947e-10,
SYY_ID,1679,
SYZ,-1.59423e-10,
SYZ_ID,1710,
SZX,-2.93184e-10,
SZX_ID,1523,
SZZ,-2.77177e-10,
SZZ_ID,1613,
VM,9999.6,
VM_ID,1705,

AVERAGE RESULTS:
ALL,0.000530864234768,
ALL_ID,NA,
D1,0.000524065029567,
D1_ID,NA,
D2,-1.11818027051e-17,
D2_ID,NA,
D3,2.86047195278e-17,
D3_ID,NA,
ID,815.538014784,
ID_ID,NA,
MOSU,10.2771084867,
MOSU_ID,NA,
MOSY,8.46939511564,
MOSY_ID,NA,
SFU,0.856388595565,
SFU_ID,NA,
SFY,0.856388595565,
SFY_ID,NA,
SU,111330.517423,
SU_ID,NA,
SXX,8563.54340021,
SXX_ID,NA,
SXY,-1.78126092898e-11,
SXY_ID,NA,
SY,93254.1067986,
SY_ID,NA,
SYY,-4.54480422782e-12,
SYY_ID,NA,
SYZ,-7.98496205058e-13,
SYZ_ID,NA,
SZX,4.6840818054e-11,
SZX_ID,NA,
SZZ,-2.55682393173e-12,
SZZ_ID,NA,
VM,8563.54340021,
VM_ID,NA,
