#, DOE RESULTS FROM ANLAYSIS "PGV1"
#, THE ANALYSIS TOOK PLACE ON: Thursday, April 11th, 2013 at 05:20:52 PM
#, THE INPUT FILE WAS: C:\Dan\DEV\pywork\FEADOE\playground.py
#, PERFORMED BY: dannyt
#, ANALYSIS FILES ARE STORED IN : PGV1_MODELS.zip
#
#, INDEPENDENT VARIABLES:
#,Pressure,-10000.0
#,matty,Alloy_713LC

################################################################################
#, THE NUMBER OF ANALYSES IN DOE = 1
################################################################################
ALL,MAX_ALL, 34073616454.0, AID, 1, Pressure, -10000.0, matty, Alloy_713LC, ANALYSIS_NAME, PGV1_X1
ALL_ID,MAX_ALL_ID, 310, AID, 1, Pressure, -10000.0, matty, Alloy_713LC, ANALYSIS_NAME, PGV1_X1
D1,MAX_D1, 0.0, AID, 1, Pressure, -10000.0, matty, Alloy_713LC, ANALYSIS_NAME, PGV1_X1
D1_ID,MAX_D1_ID, 52, AID, 1, Pressure, -10000.0, matty, Alloy_713LC, ANALYSIS_NAME, PGV1_X1
D2,MAX_D2, 1939940000.0, AID, 1, Pressure, -10000.0, matty, Alloy_713LC, ANALYSIS_NAME, PGV1_X1
D2_ID,MAX_D2_ID, 524, AID, 1, Pressure, -10000.0, matty, Alloy_713LC, ANALYSIS_NAME, PGV1_X1
D3,MAX_D3, 21794900000.0, AID, 1, Pressure, -10000.0, matty, Alloy_713LC, ANALYSIS_NAME, PGV1_X1
D3_ID,MAX_D3_ID, 63, AID, 1, Pressure, -10000.0, matty, Alloy_713LC, ANALYSIS_NAME, PGV1_X1
ID,MAX_ID, 586, AID, 1, Pressure, -10000.0, matty, Alloy_713LC, ANALYSIS_NAME, PGV1_X1
ID_ID,MAX_ID_ID, 586, AID, 1, Pressure, -10000.0, matty, Alloy_713LC, ANALYSIS_NAME, PGV1_X1
MOSU,MAX_MOSU, 195.803353779, AID, 1, Pressure, -10000.0, matty, Alloy_713LC, ANALYSIS_NAME, PGV1_X1
MOSU_ID,MAX_MOSU_ID, 206, AID, 1, Pressure, -10000.0, matty, Alloy_713LC, ANALYSIS_NAME, PGV1_X1
MOSY,MAX_MOSY, 163.848968606, AID, 1, Pressure, -10000.0, matty, Alloy_713LC, ANALYSIS_NAME, PGV1_X1
MOSY_ID,MAX_MOSY_ID, 206, AID, 1, Pressure, -10000.0, matty, Alloy_713LC, ANALYSIS_NAME, PGV1_X1
SFU,MAX_SFU, 1.0, AID, 1, Pressure, -10000.0, matty, Alloy_713LC, ANALYSIS_NAME, PGV1_X1
SFU_ID,MAX_SFU_ID, 131, AID, 1, Pressure, -10000.0, matty, Alloy_713LC, ANALYSIS_NAME, PGV1_X1
SFY,MAX_SFY, 1.0, AID, 1, Pressure, -10000.0, matty, Alloy_713LC, ANALYSIS_NAME, PGV1_X1
SFY_ID,MAX_SFY_ID, 131, AID, 1, Pressure, -10000.0, matty, Alloy_713LC, ANALYSIS_NAME, PGV1_X1
SU,MAX_SU, 130000.0, AID, 1, Pressure, -10000.0, matty, Alloy_713LC, ANALYSIS_NAME, PGV1_X1
SU_ID,MAX_SU_ID, 131, AID, 1, Pressure, -10000.0, matty, Alloy_713LC, ANALYSIS_NAME, PGV1_X1
SXX,MAX_SXX, 22596.1, AID, 1, Pressure, -10000.0, matty, Alloy_713LC, ANALYSIS_NAME, PGV1_X1
SXX_ID,MAX_SXX_ID, 582, AID, 1, Pressure, -10000.0, matty, Alloy_713LC, ANALYSIS_NAME, PGV1_X1
SXY,MAX_SXY, 4993.71, AID, 1, Pressure, -10000.0, matty, Alloy_713LC, ANALYSIS_NAME, PGV1_X1
SXY_ID,MAX_SXY_ID, 294, AID, 1, Pressure, -10000.0, matty, Alloy_713LC, ANALYSIS_NAME, PGV1_X1
SY,MAX_SY, 108892.280072, AID, 1, Pressure, -10000.0, matty, Alloy_713LC, ANALYSIS_NAME, PGV1_X1
SY_ID,MAX_SY_ID, 131, AID, 1, Pressure, -10000.0, matty, Alloy_713LC, ANALYSIS_NAME, PGV1_X1
SYY,MAX_SYY, 4810.42, AID, 1, Pressure, -10000.0, matty, Alloy_713LC, ANALYSIS_NAME, PGV1_X1
SYY_ID,MAX_SYY_ID, 313, AID, 1, Pressure, -10000.0, matty, Alloy_713LC, ANALYSIS_NAME, PGV1_X1
SYZ,MAX_SYZ, 4748.9, AID, 1, Pressure, -10000.0, matty, Alloy_713LC, ANALYSIS_NAME, PGV1_X1
SYZ_ID,MAX_SYZ_ID, 314, AID, 1, Pressure, -10000.0, matty, Alloy_713LC, ANALYSIS_NAME, PGV1_X1
SZX,MAX_SZX, 9526.58, AID, 1, Pressure, -10000.0, matty, Alloy_713LC, ANALYSIS_NAME, PGV1_X1
SZX_ID,MAX_SZX_ID, 312, AID, 1, Pressure, -10000.0, matty, Alloy_713LC, ANALYSIS_NAME, PGV1_X1
SZZ,MAX_SZZ, 10589.2, AID, 1, Pressure, -10000.0, matty, Alloy_713LC, ANALYSIS_NAME, PGV1_X1
SZZ_ID,MAX_SZZ_ID, 313, AID, 1, Pressure, -10000.0, matty, Alloy_713LC, ANALYSIS_NAME, PGV1_X1
VM,MAX_VM, 22213.5601044, AID, 1, Pressure, -10000.0, matty, Alloy_713LC, ANALYSIS_NAME, PGV1_X1
VM_ID,MAX_VM_ID, 582, AID, 1, Pressure, -10000.0, matty, Alloy_713LC, ANALYSIS_NAME, PGV1_X1
================================================================================
ALL,MIN_ALL, 15044400000.0, AID, 1, Pressure, -10000.0, matty, Alloy_713LC, ANALYSIS_NAME, PGV1_X1
ALL_ID,MIN_ALL_ID, 241, AID, 1, Pressure, -10000.0, matty, Alloy_713LC, ANALYSIS_NAME, PGV1_X1
D1,MIN_D1, -28460100000.0, AID, 1, Pressure, -10000.0, matty, Alloy_713LC, ANALYSIS_NAME, PGV1_X1
D1_ID,MIN_D1_ID, 524, AID, 1, Pressure, -10000.0, matty, Alloy_713LC, ANALYSIS_NAME, PGV1_X1
D2,MIN_D2, -3.51216e-05, AID, 1, Pressure, -10000.0, matty, Alloy_713LC, ANALYSIS_NAME, PGV1_X1
D2_ID,MIN_D2_ID, 241, AID, 1, Pressure, -10000.0, matty, Alloy_713LC, ANALYSIS_NAME, PGV1_X1
D3,MIN_D3, -7257390000.0, AID, 1, Pressure, -10000.0, matty, Alloy_713LC, ANALYSIS_NAME, PGV1_X1
D3_ID,MIN_D3_ID, 570, AID, 1, Pressure, -10000.0, matty, Alloy_713LC, ANALYSIS_NAME, PGV1_X1
ID,MIN_ID, 1, AID, 1, Pressure, -10000.0, matty, Alloy_713LC, ANALYSIS_NAME, PGV1_X1
ID_ID,MIN_ID_ID, 1, AID, 1, Pressure, -10000.0, matty, Alloy_713LC, ANALYSIS_NAME, PGV1_X1
MOSU,MIN_MOSU, 4.85228119172, AID, 1, Pressure, -10000.0, matty, Alloy_713LC, ANALYSIS_NAME, PGV1_X1
MOSU_ID,MIN_MOSU_ID, 582, AID, 1, Pressure, -10000.0, matty, Alloy_713LC, ANALYSIS_NAME, PGV1_X1
MOSY,MIN_MOSY, 3.90206340452, AID, 1, Pressure, -10000.0, matty, Alloy_713LC, ANALYSIS_NAME, PGV1_X1
MOSY_ID,MIN_MOSY_ID, 582, AID, 1, Pressure, -10000.0, matty, Alloy_713LC, ANALYSIS_NAME, PGV1_X1
SFU,MIN_SFU, 1.0, AID, 1, Pressure, -10000.0, matty, Alloy_713LC, ANALYSIS_NAME, PGV1_X1
SFU_ID,MIN_SFU_ID, 131, AID, 1, Pressure, -10000.0, matty, Alloy_713LC, ANALYSIS_NAME, PGV1_X1
SFY,MIN_SFY, 1.0, AID, 1, Pressure, -10000.0, matty, Alloy_713LC, ANALYSIS_NAME, PGV1_X1
SFY_ID,MIN_SFY_ID, 131, AID, 1, Pressure, -10000.0, matty, Alloy_713LC, ANALYSIS_NAME, PGV1_X1
SU,MIN_SU, 130000.0, AID, 1, Pressure, -10000.0, matty, Alloy_713LC, ANALYSIS_NAME, PGV1_X1
SU_ID,MIN_SU_ID, 131, AID, 1, Pressure, -10000.0, matty, Alloy_713LC, ANALYSIS_NAME, PGV1_X1
SXX,MIN_SXX, -10930.8, AID, 1, Pressure, -10000.0, matty, Alloy_713LC, ANALYSIS_NAME, PGV1_X1
SXX_ID,MIN_SXX_ID, 314, AID, 1, Pressure, -10000.0, matty, Alloy_713LC, ANALYSIS_NAME, PGV1_X1
SXY,MIN_SXY, -4824.19, AID, 1, Pressure, -10000.0, matty, Alloy_713LC, ANALYSIS_NAME, PGV1_X1
SXY_ID,MIN_SXY_ID, 378, AID, 1, Pressure, -10000.0, matty, Alloy_713LC, ANALYSIS_NAME, PGV1_X1
SY,MIN_SY, 108892.280072, AID, 1, Pressure, -10000.0, matty, Alloy_713LC, ANALYSIS_NAME, PGV1_X1
SY_ID,MIN_SY_ID, 131, AID, 1, Pressure, -10000.0, matty, Alloy_713LC, ANALYSIS_NAME, PGV1_X1
SYY,MIN_SYY, -5943.56, AID, 1, Pressure, -10000.0, matty, Alloy_713LC, ANALYSIS_NAME, PGV1_X1
SYY_ID,MIN_SYY_ID, 302, AID, 1, Pressure, -10000.0, matty, Alloy_713LC, ANALYSIS_NAME, PGV1_X1
SYZ,MIN_SYZ, -5579.0, AID, 1, Pressure, -10000.0, matty, Alloy_713LC, ANALYSIS_NAME, PGV1_X1
SYZ_ID,MIN_SYZ_ID, 312, AID, 1, Pressure, -10000.0, matty, Alloy_713LC, ANALYSIS_NAME, PGV1_X1
SZX,MIN_SZX, -9443.8, AID, 1, Pressure, -10000.0, matty, Alloy_713LC, ANALYSIS_NAME, PGV1_X1
SZX_ID,MIN_SZX_ID, 277, AID, 1, Pressure, -10000.0, matty, Alloy_713LC, ANALYSIS_NAME, PGV1_X1
SZZ,MIN_SZZ, -12395.5, AID, 1, Pressure, -10000.0, matty, Alloy_713LC, ANALYSIS_NAME, PGV1_X1
SZZ_ID,MIN_SZZ_ID, 9, AID, 1, Pressure, -10000.0, matty, Alloy_713LC, ANALYSIS_NAME, PGV1_X1
VM,MIN_VM, 660.557848754, AID, 1, Pressure, -10000.0, matty, Alloy_713LC, ANALYSIS_NAME, PGV1_X1
VM_ID,MIN_VM_ID, 206, AID, 1, Pressure, -10000.0, matty, Alloy_713LC, ANALYSIS_NAME, PGV1_X1
################################################################################



INDEPENDENT VARIABLES:
AID,1,
ANALYSIS_NAME,PGV1_X1,
Pressure,-10000.0,
matty,Alloy_713LC,

MAX RESULTS:
ALL,34073616454.0,
ALL_ID,310,
D1,0.0,
D1_ID,52,
D2,1939940000.0,
D2_ID,524,
D3,21794900000.0,
D3_ID,63,
ID,586,
ID_ID,586,
MOSU,195.803353779,
MOSU_ID,206,
MOSY,163.848968606,
MOSY_ID,206,
SFU,1.0,
SFU_ID,131,
SFY,1.0,
SFY_ID,131,
SU,130000.0,
SU_ID,131,
SXX,22596.1,
SXX_ID,582,
SXY,4993.71,
SXY_ID,294,
SY,108892.280072,
SY_ID,131,
SYY,4810.42,
SYY_ID,313,
SYZ,4748.9,
SYZ_ID,314,
SZX,9526.58,
SZX_ID,312,
SZZ,10589.2,
SZZ_ID,313,
VM,22213.5601044,
VM_ID,582,

MIN RESULTS:
ALL,15044400000.0,
ALL_ID,241,
D1,-28460100000.0,
D1_ID,524,
D2,-3.51216e-05,
D2_ID,241,
D3,-7257390000.0,
D3_ID,570,
ID,1,
ID_ID,1,
MOSU,4.85228119172,
MOSU_ID,582,
MOSY,3.90206340452,
MOSY_ID,582,
SFU,1.0,
SFU_ID,131,
SFY,1.0,
SFY_ID,131,
SU,130000.0,
SU_ID,131,
SXX,-10930.8,
SXX_ID,314,
SXY,-4824.19,
SXY_ID,378,
SY,108892.280072,
SY_ID,131,
SYY,-5943.56,
SYY_ID,302,
SYZ,-5579.0,
SYZ_ID,312,
SZX,-9443.8,
SZX_ID,277,
SZZ,-12395.5,
SZZ_ID,9,
VM,660.557848754,
VM_ID,206,

AVERAGE RESULTS:
ALL,22941744502.2,
ALL_ID,NA,
D1,-17713631923.1,
D1_ID,NA,
D2,1208399944.62,
D2_ID,NA,
D3,10272233953.2,
D3_ID,NA,
ID,279.026153846,
ID_ID,NA,
MOSU,26.8069630926,
MOSU_ID,NA,
MOSY,22.3080147047,
MOSY_ID,NA,
SFU,0.901538461538,
SFU_ID,NA,
SFY,0.901538461538,
SFY_ID,NA,
SU,117200.0,
SU_ID,NA,
SXX,2633.24941077,
SXX_ID,NA,
SXY,7.31448601692,
SXY_ID,NA,
SY,98170.5786494,
SY_ID,NA,
SYY,44.1583349723,
SYY_ID,NA,
SYZ,-17.0897518317,
SYZ_ID,NA,
SZX,61.0567524868,
SZX_ID,NA,
SZZ,-154.287984855,
SZZ_ID,NA,
VM,5289.60931828,
VM_ID,NA,
