#, DOE RESULTS FROM ANLAYSIS "PGT6"
#, THE ANALYSIS TOOK PLACE ON: Thursday, April 11th, 2013 at 01:37:49 PM
#, THE INPUT FILE WAS: C:\Dan\DEV\pywork\FEADOE\playground.py
#, PERFORMED BY: dannyt
#, ANALYSIS FILES ARE STORED IN : PGT6_MODELS.zip
#
#, INDEPENDENT VARIABLES:
#,NEX,40
#,Pressure,-10000.0
#,matty,Alloy_713LC

################################################################################
#, THE NUMBER OF ANALYSES IN DOE = 1
################################################################################
ALL,MAX_ALL, 0.00173482541944, AID, 1, matty, Alloy_713LC, Pressure, -10000.0, NEX, 40, ANALYSIS_NAME, PGT6_X1
ALL_ID,MAX_ALL_ID, 441, AID, 1, matty, Alloy_713LC, Pressure, -10000.0, NEX, 40, ANALYSIS_NAME, PGT6_X1
D1,MAX_D1, 0.00173342, AID, 1, matty, Alloy_713LC, Pressure, -10000.0, NEX, 40, ANALYSIS_NAME, PGT6_X1
D1_ID,MAX_D1_ID, 451, AID, 1, matty, Alloy_713LC, Pressure, -10000.0, NEX, 40, ANALYSIS_NAME, PGT6_X1
D2,MAX_D2, 5.28641e-05, AID, 1, matty, Alloy_713LC, Pressure, -10000.0, NEX, 40, ANALYSIS_NAME, PGT6_X1
D2_ID,MAX_D2_ID, 238, AID, 1, matty, Alloy_713LC, Pressure, -10000.0, NEX, 40, ANALYSIS_NAME, PGT6_X1
D3,MAX_D3, 5.28641e-05, AID, 1, matty, Alloy_713LC, Pressure, -10000.0, NEX, 40, ANALYSIS_NAME, PGT6_X1
D3_ID,MAX_D3_ID, 250, AID, 1, matty, Alloy_713LC, Pressure, -10000.0, NEX, 40, ANALYSIS_NAME, PGT6_X1
ID,MAX_ID, 457, AID, 1, matty, Alloy_713LC, Pressure, -10000.0, NEX, 40, ANALYSIS_NAME, PGT6_X1
ID_ID,MAX_ID_ID, 457, AID, 1, matty, Alloy_713LC, Pressure, -10000.0, NEX, 40, ANALYSIS_NAME, PGT6_X1
MOSU,MAX_MOSU, 13.3493095583, AID, 1, matty, Alloy_713LC, Pressure, -10000.0, NEX, 40, ANALYSIS_NAME, PGT6_X1
MOSU_ID,MAX_MOSU_ID, 317, AID, 1, matty, Alloy_713LC, Pressure, -10000.0, NEX, 40, ANALYSIS_NAME, PGT6_X1
MOSY,MAX_MOSY, 11.0194541174, AID, 1, matty, Alloy_713LC, Pressure, -10000.0, NEX, 40, ANALYSIS_NAME, PGT6_X1
MOSY_ID,MAX_MOSY_ID, 317, AID, 1, matty, Alloy_713LC, Pressure, -10000.0, NEX, 40, ANALYSIS_NAME, PGT6_X1
SFU,MAX_SFU, 1.0, AID, 1, matty, Alloy_713LC, Pressure, -10000.0, NEX, 40, ANALYSIS_NAME, PGT6_X1
SFU_ID,MAX_SFU_ID, 181, AID, 1, matty, Alloy_713LC, Pressure, -10000.0, NEX, 40, ANALYSIS_NAME, PGT6_X1
SFY,MAX_SFY, 1.0, AID, 1, matty, Alloy_713LC, Pressure, -10000.0, NEX, 40, ANALYSIS_NAME, PGT6_X1
SFY_ID,MAX_SFY_ID, 181, AID, 1, matty, Alloy_713LC, Pressure, -10000.0, NEX, 40, ANALYSIS_NAME, PGT6_X1
SU,MAX_SU, 130000.0, AID, 1, matty, Alloy_713LC, Pressure, -10000.0, NEX, 40, ANALYSIS_NAME, PGT6_X1
SU_ID,MAX_SU_ID, 181, AID, 1, matty, Alloy_713LC, Pressure, -10000.0, NEX, 40, ANALYSIS_NAME, PGT6_X1
SXX,MAX_SXX, 10629.8, AID, 1, matty, Alloy_713LC, Pressure, -10000.0, NEX, 40, ANALYSIS_NAME, PGT6_X1
SXX_ID,MAX_SXX_ID, 267, AID, 1, matty, Alloy_713LC, Pressure, -10000.0, NEX, 40, ANALYSIS_NAME, PGT6_X1
SXY,MAX_SXY, 869.217, AID, 1, matty, Alloy_713LC, Pressure, -10000.0, NEX, 40, ANALYSIS_NAME, PGT6_X1
SXY_ID,MAX_SXY_ID, 303, AID, 1, matty, Alloy_713LC, Pressure, -10000.0, NEX, 40, ANALYSIS_NAME, PGT6_X1
SY,MAX_SY, 108892.280072, AID, 1, matty, Alloy_713LC, Pressure, -10000.0, NEX, 40, ANALYSIS_NAME, PGT6_X1
SY_ID,MAX_SY_ID, 181, AID, 1, matty, Alloy_713LC, Pressure, -10000.0, NEX, 40, ANALYSIS_NAME, PGT6_X1
SYY,MAX_SYY, 406.925, AID, 1, matty, Alloy_713LC, Pressure, -10000.0, NEX, 40, ANALYSIS_NAME, PGT6_X1
SYY_ID,MAX_SYY_ID, 319, AID, 1, matty, Alloy_713LC, Pressure, -10000.0, NEX, 40, ANALYSIS_NAME, PGT6_X1
SYZ,MAX_SYZ, 47.8768, AID, 1, matty, Alloy_713LC, Pressure, -10000.0, NEX, 40, ANALYSIS_NAME, PGT6_X1
SYZ_ID,MAX_SYZ_ID, 261, AID, 1, matty, Alloy_713LC, Pressure, -10000.0, NEX, 40, ANALYSIS_NAME, PGT6_X1
SZX,MAX_SZX, 869.217, AID, 1, matty, Alloy_713LC, Pressure, -10000.0, NEX, 40, ANALYSIS_NAME, PGT6_X1
SZX_ID,MAX_SZX_ID, 309, AID, 1, matty, Alloy_713LC, Pressure, -10000.0, NEX, 40, ANALYSIS_NAME, PGT6_X1
SZZ,MAX_SZZ, 406.925, AID, 1, matty, Alloy_713LC, Pressure, -10000.0, NEX, 40, ANALYSIS_NAME, PGT6_X1
SZZ_ID,MAX_SZZ_ID, 309, AID, 1, matty, Alloy_713LC, Pressure, -10000.0, NEX, 40, ANALYSIS_NAME, PGT6_X1
VM,MAX_VM, 10433.5727706, AID, 1, matty, Alloy_713LC, Pressure, -10000.0, NEX, 40, ANALYSIS_NAME, PGT6_X1
VM_ID,MAX_VM_ID, 285, AID, 1, matty, Alloy_713LC, Pressure, -10000.0, NEX, 40, ANALYSIS_NAME, PGT6_X1
================================================================================
ALL,MIN_ALL, 1.7309e-05, AID, 1, matty, Alloy_713LC, Pressure, -10000.0, NEX, 40, ANALYSIS_NAME, PGT6_X1
ALL_ID,MIN_ALL_ID, 15, AID, 1, matty, Alloy_713LC, Pressure, -10000.0, NEX, 40, ANALYSIS_NAME, PGT6_X1
D1,MIN_D1, 0.0, AID, 1, matty, Alloy_713LC, Pressure, -10000.0, NEX, 40, ANALYSIS_NAME, PGT6_X1
D1_ID,MIN_D1_ID, 15, AID, 1, matty, Alloy_713LC, Pressure, -10000.0, NEX, 40, ANALYSIS_NAME, PGT6_X1
D2,MIN_D2, -5.28641e-05, AID, 1, matty, Alloy_713LC, Pressure, -10000.0, NEX, 40, ANALYSIS_NAME, PGT6_X1
D2_ID,MIN_D2_ID, 258, AID, 1, matty, Alloy_713LC, Pressure, -10000.0, NEX, 40, ANALYSIS_NAME, PGT6_X1
D3,MIN_D3, -5.28641e-05, AID, 1, matty, Alloy_713LC, Pressure, -10000.0, NEX, 40, ANALYSIS_NAME, PGT6_X1
D3_ID,MIN_D3_ID, 246, AID, 1, matty, Alloy_713LC, Pressure, -10000.0, NEX, 40, ANALYSIS_NAME, PGT6_X1
ID,MIN_ID, 1, AID, 1, matty, Alloy_713LC, Pressure, -10000.0, NEX, 40, ANALYSIS_NAME, PGT6_X1
ID_ID,MIN_ID_ID, 1, AID, 1, matty, Alloy_713LC, Pressure, -10000.0, NEX, 40, ANALYSIS_NAME, PGT6_X1
MOSU,MIN_MOSU, 11.4597779552, AID, 1, matty, Alloy_713LC, Pressure, -10000.0, NEX, 40, ANALYSIS_NAME, PGT6_X1
MOSU_ID,MIN_MOSU_ID, 285, AID, 1, matty, Alloy_713LC, Pressure, -10000.0, NEX, 40, ANALYSIS_NAME, PGT6_X1
MOSY,MIN_MOSY, 9.43672023635, AID, 1, matty, Alloy_713LC, Pressure, -10000.0, NEX, 40, ANALYSIS_NAME, PGT6_X1
MOSY_ID,MIN_MOSY_ID, 285, AID, 1, matty, Alloy_713LC, Pressure, -10000.0, NEX, 40, ANALYSIS_NAME, PGT6_X1
SFU,MIN_SFU, 1.0, AID, 1, matty, Alloy_713LC, Pressure, -10000.0, NEX, 40, ANALYSIS_NAME, PGT6_X1
SFU_ID,MIN_SFU_ID, 181, AID, 1, matty, Alloy_713LC, Pressure, -10000.0, NEX, 40, ANALYSIS_NAME, PGT6_X1
SFY,MIN_SFY, 1.0, AID, 1, matty, Alloy_713LC, Pressure, -10000.0, NEX, 40, ANALYSIS_NAME, PGT6_X1
SFY_ID,MIN_SFY_ID, 181, AID, 1, matty, Alloy_713LC, Pressure, -10000.0, NEX, 40, ANALYSIS_NAME, PGT6_X1
SU,MIN_SU, 130000.0, AID, 1, matty, Alloy_713LC, Pressure, -10000.0, NEX, 40, ANALYSIS_NAME, PGT6_X1
SU_ID,MIN_SU_ID, 181, AID, 1, matty, Alloy_713LC, Pressure, -10000.0, NEX, 40, ANALYSIS_NAME, PGT6_X1
SXX,MIN_SXX, 8853.09, AID, 1, matty, Alloy_713LC, Pressure, -10000.0, NEX, 40, ANALYSIS_NAME, PGT6_X1
SXX_ID,MIN_SXX_ID, 317, AID, 1, matty, Alloy_713LC, Pressure, -10000.0, NEX, 40, ANALYSIS_NAME, PGT6_X1
SXY,MIN_SXY, -869.217, AID, 1, matty, Alloy_713LC, Pressure, -10000.0, NEX, 40, ANALYSIS_NAME, PGT6_X1
SXY_ID,MIN_SXY_ID, 319, AID, 1, matty, Alloy_713LC, Pressure, -10000.0, NEX, 40, ANALYSIS_NAME, PGT6_X1
SY,MIN_SY, 108892.280072, AID, 1, matty, Alloy_713LC, Pressure, -10000.0, NEX, 40, ANALYSIS_NAME, PGT6_X1
SY_ID,MIN_SY_ID, 181, AID, 1, matty, Alloy_713LC, Pressure, -10000.0, NEX, 40, ANALYSIS_NAME, PGT6_X1
SYY,MIN_SYY, -231.534, AID, 1, matty, Alloy_713LC, Pressure, -10000.0, NEX, 40, ANALYSIS_NAME, PGT6_X1
SYY_ID,MIN_SYY_ID, 283, AID, 1, matty, Alloy_713LC, Pressure, -10000.0, NEX, 40, ANALYSIS_NAME, PGT6_X1
SYZ,MIN_SYZ, -47.8768, AID, 1, matty, Alloy_713LC, Pressure, -10000.0, NEX, 40, ANALYSIS_NAME, PGT6_X1
SYZ_ID,MIN_SYZ_ID, 267, AID, 1, matty, Alloy_713LC, Pressure, -10000.0, NEX, 40, ANALYSIS_NAME, PGT6_X1
SZX,MIN_SZX, -869.217, AID, 1, matty, Alloy_713LC, Pressure, -10000.0, NEX, 40, ANALYSIS_NAME, PGT6_X1
SZX_ID,MIN_SZX_ID, 313, AID, 1, matty, Alloy_713LC, Pressure, -10000.0, NEX, 40, ANALYSIS_NAME, PGT6_X1
SZZ,MIN_SZZ, -231.534, AID, 1, matty, Alloy_713LC, Pressure, -10000.0, NEX, 40, ANALYSIS_NAME, PGT6_X1
SZZ_ID,MIN_SZZ_ID, 263, AID, 1, matty, Alloy_713LC, Pressure, -10000.0, NEX, 40, ANALYSIS_NAME, PGT6_X1
VM,MIN_VM, 9059.66935004, AID, 1, matty, Alloy_713LC, Pressure, -10000.0, NEX, 40, ANALYSIS_NAME, PGT6_X1
VM_ID,MIN_VM_ID, 317, AID, 1, matty, Alloy_713LC, Pressure, -10000.0, NEX, 40, ANALYSIS_NAME, PGT6_X1
################################################################################



INDEPENDENT VARIABLES:
AID,1,
ANALYSIS_NAME,PGT6_X1,
NEX,40,
Pressure,-10000.0,
matty,Alloy_713LC,

MAX RESULTS:
ALL,0.00173482541944,
ALL_ID,441,
D1,0.00173342,
D1_ID,451,
D2,5.28641e-05,
D2_ID,238,
D3,5.28641e-05,
D3_ID,250,
ID,457,
ID_ID,457,
MOSU,13.3493095583,
MOSU_ID,317,
MOSY,11.0194541174,
MOSY_ID,317,
SFU,1.0,
SFU_ID,181,
SFY,1.0,
SFY_ID,181,
SU,130000.0,
SU_ID,181,
SXX,10629.8,
SXX_ID,267,
SXY,869.217,
SXY_ID,303,
SY,108892.280072,
SY_ID,181,
SYY,406.925,
SYY_ID,319,
SYZ,47.8768,
SYZ_ID,261,
SZX,869.217,
SZX_ID,309,
SZZ,406.925,
SZZ_ID,309,
VM,10433.5727706,
VM_ID,285,

MIN RESULTS:
ALL,1.7309e-05,
ALL_ID,15,
D1,0.0,
D1_ID,15,
D2,-5.28641e-05,
D2_ID,258,
D3,-5.28641e-05,
D3_ID,246,
ID,1,
ID_ID,1,
MOSU,11.4597779552,
MOSU_ID,285,
MOSY,9.43672023635,
MOSY_ID,285,
SFU,1.0,
SFU_ID,181,
SFY,1.0,
SFY_ID,181,
SU,130000.0,
SU_ID,181,
SXX,8853.09,
SXX_ID,317,
SXY,-869.217,
SXY_ID,319,
SY,108892.280072,
SY_ID,181,
SYY,-231.534,
SYY_ID,283,
SYZ,-47.8768,
SYZ_ID,267,
SZX,-869.217,
SZX_ID,313,
SZZ,-231.534,
SZZ_ID,263,
VM,9059.66935004,
VM_ID,317,

AVERAGE RESULTS:
ALL,0.000776848394272,
ALL_ID,NA,
D1,0.00077108593456,
D1_ID,NA,
D2,-2.46269601633e-17,
D2_ID,NA,
D3,7.44432640447e-17,
D3_ID,NA,
ID,215.335378323,
ID_ID,NA,
MOSU,10.7245283,
MOSU_ID,NA,
MOSY,8.83811694671,
MOSY_ID,NA,
SFU,0.893660531697,
SFU_ID,NA,
SFY,0.893660531697,
SFY_ID,NA,
SU,116175.869121,
SU_ID,NA,
SXX,8927.95413906,
SXX_ID,NA,
SXY,-3.21460913444e-12,
SXY_ID,NA,
SY,97312.7329067,
SY_ID,NA,
SYY,-0.263199574151,
SYY_ID,NA,
SYZ,2.13075217192e-13,
SYZ_ID,NA,
SZX,6.9739561348e-12,
SZX_ID,NA,
SZZ,-0.263199574151,
SZZ_ID,NA,
VM,8938.1504725,
VM_ID,NA,
