#, DOE RESULTS FROM ANLAYSIS "PGT7"
#, THE ANALYSIS TOOK PLACE ON: Thursday, April 11th, 2013 at 02:58:52 PM
#, THE INPUT FILE WAS: C:\Dan\DEV\pywork\FEADOE\playground.py
#, PERFORMED BY: dannyt
#, ANALYSIS FILES ARE STORED IN : PGT7_MODELS.zip
#
#, INDEPENDENT VARIABLES:
#,NEX,40
#,Pressure,-10000.0
#,matty,Alloy_713LC

################################################################################
#, THE NUMBER OF ANALYSES IN DOE = 1
################################################################################
ALL,MAX_ALL, 0.00560089222923, AID, 1, matty, Alloy_713LC, Pressure, -10000.0, NEX, 40, ANALYSIS_NAME, PGT7_X1
ALL_ID,MAX_ALL_ID, 766, AID, 1, matty, Alloy_713LC, Pressure, -10000.0, NEX, 40, ANALYSIS_NAME, PGT7_X1
D1,MAX_D1, 0.00476567, AID, 1, matty, Alloy_713LC, Pressure, -10000.0, NEX, 40, ANALYSIS_NAME, PGT7_X1
D1_ID,MAX_D1_ID, 766, AID, 1, matty, Alloy_713LC, Pressure, -10000.0, NEX, 40, ANALYSIS_NAME, PGT7_X1
D2,MAX_D2, 0.00136602, AID, 1, matty, Alloy_713LC, Pressure, -10000.0, NEX, 40, ANALYSIS_NAME, PGT7_X1
D2_ID,MAX_D2_ID, 320, AID, 1, matty, Alloy_713LC, Pressure, -10000.0, NEX, 40, ANALYSIS_NAME, PGT7_X1
D3,MAX_D3, 0.00136602, AID, 1, matty, Alloy_713LC, Pressure, -10000.0, NEX, 40, ANALYSIS_NAME, PGT7_X1
D3_ID,MAX_D3_ID, 340, AID, 1, matty, Alloy_713LC, Pressure, -10000.0, NEX, 40, ANALYSIS_NAME, PGT7_X1
ID,MAX_ID, 766, AID, 1, matty, Alloy_713LC, Pressure, -10000.0, NEX, 40, ANALYSIS_NAME, PGT7_X1
ID_ID,MAX_ID_ID, 766, AID, 1, matty, Alloy_713LC, Pressure, -10000.0, NEX, 40, ANALYSIS_NAME, PGT7_X1
MOSU,MAX_MOSU, 1439.18855201, AID, 1, matty, Alloy_713LC, Pressure, -10000.0, NEX, 40, ANALYSIS_NAME, PGT7_X1
MOSU_ID,MAX_MOSU_ID, 170, AID, 1, matty, Alloy_713LC, Pressure, -10000.0, NEX, 40, ANALYSIS_NAME, PGT7_X1
MOSY,MAX_MOSY, 1205.3493474, AID, 1, matty, Alloy_713LC, Pressure, -10000.0, NEX, 40, ANALYSIS_NAME, PGT7_X1
MOSY_ID,MAX_MOSY_ID, 170, AID, 1, matty, Alloy_713LC, Pressure, -10000.0, NEX, 40, ANALYSIS_NAME, PGT7_X1
SFU,MAX_SFU, 1.0, AID, 1, matty, Alloy_713LC, Pressure, -10000.0, NEX, 40, ANALYSIS_NAME, PGT7_X1
SFU_ID,MAX_SFU_ID, 264, AID, 1, matty, Alloy_713LC, Pressure, -10000.0, NEX, 40, ANALYSIS_NAME, PGT7_X1
SFY,MAX_SFY, 1.0, AID, 1, matty, Alloy_713LC, Pressure, -10000.0, NEX, 40, ANALYSIS_NAME, PGT7_X1
SFY_ID,MAX_SFY_ID, 264, AID, 1, matty, Alloy_713LC, Pressure, -10000.0, NEX, 40, ANALYSIS_NAME, PGT7_X1
SU,MAX_SU, 130000.0, AID, 1, matty, Alloy_713LC, Pressure, -10000.0, NEX, 40, ANALYSIS_NAME, PGT7_X1
SU_ID,MAX_SU_ID, 264, AID, 1, matty, Alloy_713LC, Pressure, -10000.0, NEX, 40, ANALYSIS_NAME, PGT7_X1
SXX,MAX_SXX, 370933.0, AID, 1, matty, Alloy_713LC, Pressure, -10000.0, NEX, 40, ANALYSIS_NAME, PGT7_X1
SXX_ID,MAX_SXX_ID, 310, AID, 1, matty, Alloy_713LC, Pressure, -10000.0, NEX, 40, ANALYSIS_NAME, PGT7_X1
SXY,MAX_SXY, 74692.3, AID, 1, matty, Alloy_713LC, Pressure, -10000.0, NEX, 40, ANALYSIS_NAME, PGT7_X1
SXY_ID,MAX_SXY_ID, 317, AID, 1, matty, Alloy_713LC, Pressure, -10000.0, NEX, 40, ANALYSIS_NAME, PGT7_X1
SY,MAX_SY, 108892.280072, AID, 1, matty, Alloy_713LC, Pressure, -10000.0, NEX, 40, ANALYSIS_NAME, PGT7_X1
SY_ID,MAX_SY_ID, 264, AID, 1, matty, Alloy_713LC, Pressure, -10000.0, NEX, 40, ANALYSIS_NAME, PGT7_X1
SYY,MAX_SYY, 107683.0, AID, 1, matty, Alloy_713LC, Pressure, -10000.0, NEX, 40, ANALYSIS_NAME, PGT7_X1
SYY_ID,MAX_SYY_ID, 310, AID, 1, matty, Alloy_713LC, Pressure, -10000.0, NEX, 40, ANALYSIS_NAME, PGT7_X1
SYZ,MAX_SYZ, 4031.63, AID, 1, matty, Alloy_713LC, Pressure, -10000.0, NEX, 40, ANALYSIS_NAME, PGT7_X1
SYZ_ID,MAX_SYZ_ID, 373, AID, 1, matty, Alloy_713LC, Pressure, -10000.0, NEX, 40, ANALYSIS_NAME, PGT7_X1
SZX,MAX_SZX, 74692.3, AID, 1, matty, Alloy_713LC, Pressure, -10000.0, NEX, 40, ANALYSIS_NAME, PGT7_X1
SZX_ID,MAX_SZX_ID, 311, AID, 1, matty, Alloy_713LC, Pressure, -10000.0, NEX, 40, ANALYSIS_NAME, PGT7_X1
SZZ,MAX_SZZ, 107683.0, AID, 1, matty, Alloy_713LC, Pressure, -10000.0, NEX, 40, ANALYSIS_NAME, PGT7_X1
SZZ_ID,MAX_SZZ_ID, 310, AID, 1, matty, Alloy_713LC, Pressure, -10000.0, NEX, 40, ANALYSIS_NAME, PGT7_X1
VM,MAX_VM, 263250.0, AID, 1, matty, Alloy_713LC, Pressure, -10000.0, NEX, 40, ANALYSIS_NAME, PGT7_X1
VM_ID,MAX_VM_ID, 310, AID, 1, matty, Alloy_713LC, Pressure, -10000.0, NEX, 40, ANALYSIS_NAME, PGT7_X1
================================================================================
ALL,MIN_ALL, 0.0, AID, 1, matty, Alloy_713LC, Pressure, -10000.0, NEX, 40, ANALYSIS_NAME, PGT7_X1
ALL_ID,MIN_ALL_ID, 33, AID, 1, matty, Alloy_713LC, Pressure, -10000.0, NEX, 40, ANALYSIS_NAME, PGT7_X1
D1,MIN_D1, -1.95079e-05, AID, 1, matty, Alloy_713LC, Pressure, -10000.0, NEX, 40, ANALYSIS_NAME, PGT7_X1
D1_ID,MIN_D1_ID, 229, AID, 1, matty, Alloy_713LC, Pressure, -10000.0, NEX, 40, ANALYSIS_NAME, PGT7_X1
D2,MIN_D2, -0.00282468, AID, 1, matty, Alloy_713LC, Pressure, -10000.0, NEX, 40, ANALYSIS_NAME, PGT7_X1
D2_ID,MIN_D2_ID, 766, AID, 1, matty, Alloy_713LC, Pressure, -10000.0, NEX, 40, ANALYSIS_NAME, PGT7_X1
D3,MIN_D3, -0.00185783, AID, 1, matty, Alloy_713LC, Pressure, -10000.0, NEX, 40, ANALYSIS_NAME, PGT7_X1
D3_ID,MIN_D3_ID, 710, AID, 1, matty, Alloy_713LC, Pressure, -10000.0, NEX, 40, ANALYSIS_NAME, PGT7_X1
ID,MIN_ID, 1, AID, 1, matty, Alloy_713LC, Pressure, -10000.0, NEX, 40, ANALYSIS_NAME, PGT7_X1
ID_ID,MIN_ID_ID, 1, AID, 1, matty, Alloy_713LC, Pressure, -10000.0, NEX, 40, ANALYSIS_NAME, PGT7_X1
MOSU,MIN_MOSU, -0.506172839506, AID, 1, matty, Alloy_713LC, Pressure, -10000.0, NEX, 40, ANALYSIS_NAME, PGT7_X1
MOSU_ID,MIN_MOSU_ID, 310, AID, 1, matty, Alloy_713LC, Pressure, -10000.0, NEX, 40, ANALYSIS_NAME, PGT7_X1
MOSY,MIN_MOSY, -0.586354111788, AID, 1, matty, Alloy_713LC, Pressure, -10000.0, NEX, 40, ANALYSIS_NAME, PGT7_X1
MOSY_ID,MIN_MOSY_ID, 310, AID, 1, matty, Alloy_713LC, Pressure, -10000.0, NEX, 40, ANALYSIS_NAME, PGT7_X1
SFU,MIN_SFU, 1.0, AID, 1, matty, Alloy_713LC, Pressure, -10000.0, NEX, 40, ANALYSIS_NAME, PGT7_X1
SFU_ID,MIN_SFU_ID, 264, AID, 1, matty, Alloy_713LC, Pressure, -10000.0, NEX, 40, ANALYSIS_NAME, PGT7_X1
SFY,MIN_SFY, 1.0, AID, 1, matty, Alloy_713LC, Pressure, -10000.0, NEX, 40, ANALYSIS_NAME, PGT7_X1
SFY_ID,MIN_SFY_ID, 264, AID, 1, matty, Alloy_713LC, Pressure, -10000.0, NEX, 40, ANALYSIS_NAME, PGT7_X1
SU,MIN_SU, 130000.0, AID, 1, matty, Alloy_713LC, Pressure, -10000.0, NEX, 40, ANALYSIS_NAME, PGT7_X1
SU_ID,MIN_SU_ID, 264, AID, 1, matty, Alloy_713LC, Pressure, -10000.0, NEX, 40, ANALYSIS_NAME, PGT7_X1
SXX,MIN_SXX, -79901.9, AID, 1, matty, Alloy_713LC, Pressure, -10000.0, NEX, 40, ANALYSIS_NAME, PGT7_X1
SXX_ID,MIN_SXX_ID, 308, AID, 1, matty, Alloy_713LC, Pressure, -10000.0, NEX, 40, ANALYSIS_NAME, PGT7_X1
SXY,MIN_SXY, -74692.3, AID, 1, matty, Alloy_713LC, Pressure, -10000.0, NEX, 40, ANALYSIS_NAME, PGT7_X1
SXY_ID,MIN_SXY_ID, 303, AID, 1, matty, Alloy_713LC, Pressure, -10000.0, NEX, 40, ANALYSIS_NAME, PGT7_X1
SY,MIN_SY, 108892.280072, AID, 1, matty, Alloy_713LC, Pressure, -10000.0, NEX, 40, ANALYSIS_NAME, PGT7_X1
SY_ID,MIN_SY_ID, 264, AID, 1, matty, Alloy_713LC, Pressure, -10000.0, NEX, 40, ANALYSIS_NAME, PGT7_X1
SYY,MIN_SYY, -31596.5, AID, 1, matty, Alloy_713LC, Pressure, -10000.0, NEX, 40, ANALYSIS_NAME, PGT7_X1
SYY_ID,MIN_SYY_ID, 416, AID, 1, matty, Alloy_713LC, Pressure, -10000.0, NEX, 40, ANALYSIS_NAME, PGT7_X1
SYZ,MIN_SYZ, -4031.63, AID, 1, matty, Alloy_713LC, Pressure, -10000.0, NEX, 40, ANALYSIS_NAME, PGT7_X1
SYZ_ID,MIN_SYZ_ID, 371, AID, 1, matty, Alloy_713LC, Pressure, -10000.0, NEX, 40, ANALYSIS_NAME, PGT7_X1
SZX,MIN_SZX, -74692.3, AID, 1, matty, Alloy_713LC, Pressure, -10000.0, NEX, 40, ANALYSIS_NAME, PGT7_X1
SZX_ID,MIN_SZX_ID, 309, AID, 1, matty, Alloy_713LC, Pressure, -10000.0, NEX, 40, ANALYSIS_NAME, PGT7_X1
SZZ,MIN_SZZ, -31596.5, AID, 1, matty, Alloy_713LC, Pressure, -10000.0, NEX, 40, ANALYSIS_NAME, PGT7_X1
SZZ_ID,MIN_SZZ_ID, 416, AID, 1, matty, Alloy_713LC, Pressure, -10000.0, NEX, 40, ANALYSIS_NAME, PGT7_X1
VM,MIN_VM, 90.2659584528, AID, 1, matty, Alloy_713LC, Pressure, -10000.0, NEX, 40, ANALYSIS_NAME, PGT7_X1
VM_ID,MIN_VM_ID, 170, AID, 1, matty, Alloy_713LC, Pressure, -10000.0, NEX, 40, ANALYSIS_NAME, PGT7_X1
################################################################################



INDEPENDENT VARIABLES:
AID,1,
ANALYSIS_NAME,PGT7_X1,
NEX,40,
Pressure,-10000.0,
matty,Alloy_713LC,

MAX RESULTS:
ALL,0.00560089222923,
ALL_ID,766,
D1,0.00476567,
D1_ID,766,
D2,0.00136602,
D2_ID,320,
D3,0.00136602,
D3_ID,340,
ID,766,
ID_ID,766,
MOSU,1439.18855201,
MOSU_ID,170,
MOSY,1205.3493474,
MOSY_ID,170,
SFU,1.0,
SFU_ID,264,
SFY,1.0,
SFY_ID,264,
SU,130000.0,
SU_ID,264,
SXX,370933.0,
SXX_ID,310,
SXY,74692.3,
SXY_ID,317,
SY,108892.280072,
SY_ID,264,
SYY,107683.0,
SYY_ID,310,
SYZ,4031.63,
SYZ_ID,373,
SZX,74692.3,
SZX_ID,311,
SZZ,107683.0,
SZZ_ID,310,
VM,263250.0,
VM_ID,310,

MIN RESULTS:
ALL,0.0,
ALL_ID,33,
D1,-1.95079e-05,
D1_ID,229,
D2,-0.00282468,
D2_ID,766,
D3,-0.00185783,
D3_ID,710,
ID,1,
ID_ID,1,
MOSU,-0.506172839506,
MOSU_ID,310,
MOSY,-0.586354111788,
MOSY_ID,310,
SFU,1.0,
SFU_ID,264,
SFY,1.0,
SFY_ID,264,
SU,130000.0,
SU_ID,264,
SXX,-79901.9,
SXX_ID,308,
SXY,-74692.3,
SXY_ID,303,
SY,108892.280072,
SY_ID,264,
SYY,-31596.5,
SYY_ID,416,
SYZ,-4031.63,
SYZ_ID,371,
SZX,-74692.3,
SZX_ID,309,
SZZ,-31596.5,
SZZ_ID,416,
VM,90.2659584528,
VM_ID,170,

AVERAGE RESULTS:
ALL,0.00262045089274,
ALL_ID,NA,
D1,0.00244414662322,
D1_ID,NA,
D2,-0.00044190672411,
D2_ID,NA,
D3,-0.000142875922192,
D3_ID,NA,
ID,360.985458613,
ID_ID,NA,
MOSU,161.988791224,
MOSU_ID,NA,
MOSY,135.542213102,
MOSY_ID,NA,
SFU,0.892617449664,
SFU_ID,NA,
SFY,0.892617449664,
SFY_ID,NA,
SU,116040.268456,
SU_ID,NA,
SXX,5830.32158922,
SXX_ID,NA,
SXY,-1.28697053015e-12,
SXY_ID,NA,
SY,97199.1493258,
SY_ID,NA,
SYY,122.54787974,
SYY_ID,NA,
SYZ,1.05639941239e-11,
SYZ_ID,NA,
SZX,6.41742214924e-12,
SZX_ID,NA,
SZZ,122.54787974,
SZZ_ID,NA,
VM,9070.85092111,
VM_ID,NA,
