#, DOE RESULTS FROM ANLAYSIS "PLT_RJ"
#, THE ANALYSIS TOOK PLACE ON: Friday, March 29th, 2013 at 01:40:20 PM
#, THE INPUT FILE WAS: J:\DEV\pywork\FEADOE\plt_RIGID_JOIN.py
#, PERFORMED BY: dtrowbri
#, ANALYSIS FILES ARE STORED IN : PLT_RJ_MODELS.zip
#
#, INDEPENDENT VARIABLES:
#,NEX,40
#,Pressure,10000.0
#,matty,Alloy_713LC

################################################################################
#, THE NUMBER OF ANALYSES IN DOE = 1
################################################################################
ALL,MAX_ALL, 0.00865981739116, AID, 1, matty, Alloy_713LC, Pressure, 10000.0, NEX, 40, ANALYSIS_NAME, PLT_RJ_X1
ALL_ID,MAX_ALL_ID, 90, AID, 1, matty, Alloy_713LC, Pressure, 10000.0, NEX, 40, ANALYSIS_NAME, PLT_RJ_X1
D1,MAX_D1, 0.00300425, AID, 1, matty, Alloy_713LC, Pressure, 10000.0, NEX, 40, ANALYSIS_NAME, PLT_RJ_X1
D1_ID,MAX_D1_ID, 316, AID, 1, matty, Alloy_713LC, Pressure, 10000.0, NEX, 40, ANALYSIS_NAME, PLT_RJ_X1
D2,MAX_D2, 0.000669681, AID, 1, matty, Alloy_713LC, Pressure, 10000.0, NEX, 40, ANALYSIS_NAME, PLT_RJ_X1
D2_ID,MAX_D2_ID, 180, AID, 1, matty, Alloy_713LC, Pressure, 10000.0, NEX, 40, ANALYSIS_NAME, PLT_RJ_X1
D3,MAX_D3, 0.0, AID, 1, matty, Alloy_713LC, Pressure, 10000.0, NEX, 40, ANALYSIS_NAME, PLT_RJ_X1
D3_ID,MAX_D3_ID, 363, AID, 1, matty, Alloy_713LC, Pressure, 10000.0, NEX, 40, ANALYSIS_NAME, PLT_RJ_X1
ID,MAX_ID, 990, AID, 1, matty, Alloy_713LC, Pressure, 10000.0, NEX, 40, ANALYSIS_NAME, PLT_RJ_X1
ID_ID,MAX_ID_ID, 990, AID, 1, matty, Alloy_713LC, Pressure, 10000.0, NEX, 40, ANALYSIS_NAME, PLT_RJ_X1
MOSU,MAX_MOSU, 25.3004339093, AID, 1, matty, Alloy_713LC, Pressure, 10000.0, NEX, 40, ANALYSIS_NAME, PLT_RJ_X1
MOSU_ID,MAX_MOSU_ID, 113, AID, 1, matty, Alloy_713LC, Pressure, 10000.0, NEX, 40, ANALYSIS_NAME, PLT_RJ_X1
MOSY,MAX_MOSY, 21.0301093481, AID, 1, matty, Alloy_713LC, Pressure, 10000.0, NEX, 40, ANALYSIS_NAME, PLT_RJ_X1
MOSY_ID,MAX_MOSY_ID, 113, AID, 1, matty, Alloy_713LC, Pressure, 10000.0, NEX, 40, ANALYSIS_NAME, PLT_RJ_X1
SFU,MAX_SFU, 1.0, AID, 1, matty, Alloy_713LC, Pressure, 10000.0, NEX, 40, ANALYSIS_NAME, PLT_RJ_X1
SFU_ID,MAX_SFU_ID, 70, AID, 1, matty, Alloy_713LC, Pressure, 10000.0, NEX, 40, ANALYSIS_NAME, PLT_RJ_X1
SFY,MAX_SFY, 1.0, AID, 1, matty, Alloy_713LC, Pressure, 10000.0, NEX, 40, ANALYSIS_NAME, PLT_RJ_X1
SFY_ID,MAX_SFY_ID, 70, AID, 1, matty, Alloy_713LC, Pressure, 10000.0, NEX, 40, ANALYSIS_NAME, PLT_RJ_X1
SU,MAX_SU, 130000.0, AID, 1, matty, Alloy_713LC, Pressure, 10000.0, NEX, 40, ANALYSIS_NAME, PLT_RJ_X1
SU_ID,MAX_SU_ID, 70, AID, 1, matty, Alloy_713LC, Pressure, 10000.0, NEX, 40, ANALYSIS_NAME, PLT_RJ_X1
SXX,MAX_SXX, 117655.0, AID, 1, matty, Alloy_713LC, Pressure, 10000.0, NEX, 40, ANALYSIS_NAME, PLT_RJ_X1
SXX_ID,MAX_SXX_ID, 720, AID, 1, matty, Alloy_713LC, Pressure, 10000.0, NEX, 40, ANALYSIS_NAME, PLT_RJ_X1
SXY,MAX_SXY, 80123.3, AID, 1, matty, Alloy_713LC, Pressure, 10000.0, NEX, 40, ANALYSIS_NAME, PLT_RJ_X1
SXY_ID,MAX_SXY_ID, 45, AID, 1, matty, Alloy_713LC, Pressure, 10000.0, NEX, 40, ANALYSIS_NAME, PLT_RJ_X1
SY,MAX_SY, 108892.280072, AID, 1, matty, Alloy_713LC, Pressure, 10000.0, NEX, 40, ANALYSIS_NAME, PLT_RJ_X1
SY_ID,MAX_SY_ID, 70, AID, 1, matty, Alloy_713LC, Pressure, 10000.0, NEX, 40, ANALYSIS_NAME, PLT_RJ_X1
SYY,MAX_SYY, 47084.5, AID, 1, matty, Alloy_713LC, Pressure, 10000.0, NEX, 40, ANALYSIS_NAME, PLT_RJ_X1
SYY_ID,MAX_SYY_ID, 720, AID, 1, matty, Alloy_713LC, Pressure, 10000.0, NEX, 40, ANALYSIS_NAME, PLT_RJ_X1
SYZ,MAX_SYZ, 41266.0, AID, 1, matty, Alloy_713LC, Pressure, 10000.0, NEX, 40, ANALYSIS_NAME, PLT_RJ_X1
SYZ_ID,MAX_SYZ_ID, 43, AID, 1, matty, Alloy_713LC, Pressure, 10000.0, NEX, 40, ANALYSIS_NAME, PLT_RJ_X1
SZX,MAX_SZX, 44748.5, AID, 1, matty, Alloy_713LC, Pressure, 10000.0, NEX, 40, ANALYSIS_NAME, PLT_RJ_X1
SZX_ID,MAX_SZX_ID, 363, AID, 1, matty, Alloy_713LC, Pressure, 10000.0, NEX, 40, ANALYSIS_NAME, PLT_RJ_X1
SZZ,MAX_SZZ, 40573.4, AID, 1, matty, Alloy_713LC, Pressure, 10000.0, NEX, 40, ANALYSIS_NAME, PLT_RJ_X1
SZZ_ID,MAX_SZZ_ID, 720, AID, 1, matty, Alloy_713LC, Pressure, 10000.0, NEX, 40, ANALYSIS_NAME, PLT_RJ_X1
VM,MAX_VM, 170829.112599, AID, 1, matty, Alloy_713LC, Pressure, 10000.0, NEX, 40, ANALYSIS_NAME, PLT_RJ_X1
VM_ID,MAX_VM_ID, 5, AID, 1, matty, Alloy_713LC, Pressure, 10000.0, NEX, 40, ANALYSIS_NAME, PLT_RJ_X1
================================================================================
ALL,MIN_ALL, 0.0, AID, 1, matty, Alloy_713LC, Pressure, 10000.0, NEX, 40, ANALYSIS_NAME, PLT_RJ_X1
ALL_ID,MIN_ALL_ID, 363, AID, 1, matty, Alloy_713LC, Pressure, 10000.0, NEX, 40, ANALYSIS_NAME, PLT_RJ_X1
D1,MIN_D1, -0.00290316, AID, 1, matty, Alloy_713LC, Pressure, 10000.0, NEX, 40, ANALYSIS_NAME, PLT_RJ_X1
D1_ID,MIN_D1_ID, 360, AID, 1, matty, Alloy_713LC, Pressure, 10000.0, NEX, 40, ANALYSIS_NAME, PLT_RJ_X1
D2,MIN_D2, -0.000669681, AID, 1, matty, Alloy_713LC, Pressure, 10000.0, NEX, 40, ANALYSIS_NAME, PLT_RJ_X1
D2_ID,MIN_D2_ID, 140, AID, 1, matty, Alloy_713LC, Pressure, 10000.0, NEX, 40, ANALYSIS_NAME, PLT_RJ_X1
D3,MIN_D3, -0.00865731, AID, 1, matty, Alloy_713LC, Pressure, 10000.0, NEX, 40, ANALYSIS_NAME, PLT_RJ_X1
D3_ID,MIN_D3_ID, 90, AID, 1, matty, Alloy_713LC, Pressure, 10000.0, NEX, 40, ANALYSIS_NAME, PLT_RJ_X1
ID,MIN_ID, 1, AID, 1, matty, Alloy_713LC, Pressure, 10000.0, NEX, 40, ANALYSIS_NAME, PLT_RJ_X1
ID_ID,MIN_ID_ID, 1, AID, 1, matty, Alloy_713LC, Pressure, 10000.0, NEX, 40, ANALYSIS_NAME, PLT_RJ_X1
MOSU,MIN_MOSU, -0.239005588557, AID, 1, matty, Alloy_713LC, Pressure, 10000.0, NEX, 40, ANALYSIS_NAME, PLT_RJ_X1
MOSU_ID,MIN_MOSU_ID, 5, AID, 1, matty, Alloy_713LC, Pressure, 10000.0, NEX, 40, ANALYSIS_NAME, PLT_RJ_X1
MOSY,MIN_MOSY, -0.362566026277, AID, 1, matty, Alloy_713LC, Pressure, 10000.0, NEX, 40, ANALYSIS_NAME, PLT_RJ_X1
MOSY_ID,MIN_MOSY_ID, 5, AID, 1, matty, Alloy_713LC, Pressure, 10000.0, NEX, 40, ANALYSIS_NAME, PLT_RJ_X1
SFU,MIN_SFU, 1.0, AID, 1, matty, Alloy_713LC, Pressure, 10000.0, NEX, 40, ANALYSIS_NAME, PLT_RJ_X1
SFU_ID,MIN_SFU_ID, 70, AID, 1, matty, Alloy_713LC, Pressure, 10000.0, NEX, 40, ANALYSIS_NAME, PLT_RJ_X1
SFY,MIN_SFY, 1.0, AID, 1, matty, Alloy_713LC, Pressure, 10000.0, NEX, 40, ANALYSIS_NAME, PLT_RJ_X1
SFY_ID,MIN_SFY_ID, 70, AID, 1, matty, Alloy_713LC, Pressure, 10000.0, NEX, 40, ANALYSIS_NAME, PLT_RJ_X1
SU,MIN_SU, 130000.0, AID, 1, matty, Alloy_713LC, Pressure, 10000.0, NEX, 40, ANALYSIS_NAME, PLT_RJ_X1
SU_ID,MIN_SU_ID, 70, AID, 1, matty, Alloy_713LC, Pressure, 10000.0, NEX, 40, ANALYSIS_NAME, PLT_RJ_X1
SXX,MIN_SXX, -114458.0, AID, 1, matty, Alloy_713LC, Pressure, 10000.0, NEX, 40, ANALYSIS_NAME, PLT_RJ_X1
SXX_ID,MIN_SXX_ID, 716, AID, 1, matty, Alloy_713LC, Pressure, 10000.0, NEX, 40, ANALYSIS_NAME, PLT_RJ_X1
SXY,MIN_SXY, -80123.3, AID, 1, matty, Alloy_713LC, Pressure, 10000.0, NEX, 40, ANALYSIS_NAME, PLT_RJ_X1
SXY_ID,MIN_SXY_ID, 5, AID, 1, matty, Alloy_713LC, Pressure, 10000.0, NEX, 40, ANALYSIS_NAME, PLT_RJ_X1
SY,MIN_SY, 108892.280072, AID, 1, matty, Alloy_713LC, Pressure, 10000.0, NEX, 40, ANALYSIS_NAME, PLT_RJ_X1
SY_ID,MIN_SY_ID, 70, AID, 1, matty, Alloy_713LC, Pressure, 10000.0, NEX, 40, ANALYSIS_NAME, PLT_RJ_X1
SYY,MIN_SYY, -46302.5, AID, 1, matty, Alloy_713LC, Pressure, 10000.0, NEX, 40, ANALYSIS_NAME, PLT_RJ_X1
SYY_ID,MIN_SYY_ID, 716, AID, 1, matty, Alloy_713LC, Pressure, 10000.0, NEX, 40, ANALYSIS_NAME, PLT_RJ_X1
SYZ,MIN_SYZ, -41266.0, AID, 1, matty, Alloy_713LC, Pressure, 10000.0, NEX, 40, ANALYSIS_NAME, PLT_RJ_X1
SYZ_ID,MIN_SYZ_ID, 3, AID, 1, matty, Alloy_713LC, Pressure, 10000.0, NEX, 40, ANALYSIS_NAME, PLT_RJ_X1
SZX,MIN_SZX, -37159.3, AID, 1, matty, Alloy_713LC, Pressure, 10000.0, NEX, 40, ANALYSIS_NAME, PLT_RJ_X1
SZX_ID,MIN_SZX_ID, 43, AID, 1, matty, Alloy_713LC, Pressure, 10000.0, NEX, 40, ANALYSIS_NAME, PLT_RJ_X1
SZZ,MIN_SZZ, -41226.6, AID, 1, matty, Alloy_713LC, Pressure, 10000.0, NEX, 40, ANALYSIS_NAME, PLT_RJ_X1
SZZ_ID,MIN_SZZ_ID, 716, AID, 1, matty, Alloy_713LC, Pressure, 10000.0, NEX, 40, ANALYSIS_NAME, PLT_RJ_X1
VM,MIN_VM, 4942.88422954, AID, 1, matty, Alloy_713LC, Pressure, 10000.0, NEX, 40, ANALYSIS_NAME, PLT_RJ_X1
VM_ID,MIN_VM_ID, 113, AID, 1, matty, Alloy_713LC, Pressure, 10000.0, NEX, 40, ANALYSIS_NAME, PLT_RJ_X1
################################################################################



INDEPENDENT VARIABLES:
AID,1,
ANALYSIS_NAME,PLT_RJ_X1,
NEX,40,
Pressure,10000.0,
matty,Alloy_713LC,

MAX RESULTS:
ALL,0.00865981739116,
ALL_ID,90,
D1,0.00300425,
D1_ID,316,
D2,0.000669681,
D2_ID,180,
D3,0.0,
D3_ID,363,
ID,990,
ID_ID,990,
MOSU,25.3004339093,
MOSU_ID,113,
MOSY,21.0301093481,
MOSY_ID,113,
SFU,1.0,
SFU_ID,70,
SFY,1.0,
SFY_ID,70,
SU,130000.0,
SU_ID,70,
SXX,117655.0,
SXX_ID,720,
SXY,80123.3,
SXY_ID,45,
SY,108892.280072,
SY_ID,70,
SYY,47084.5,
SYY_ID,720,
SYZ,41266.0,
SYZ_ID,43,
SZX,44748.5,
SZX_ID,363,
SZZ,40573.4,
SZZ_ID,720,
VM,170829.112599,
VM_ID,5,

MIN RESULTS:
ALL,0.0,
ALL_ID,363,
D1,-0.00290316,
D1_ID,360,
D2,-0.000669681,
D2_ID,140,
D3,-0.00865731,
D3_ID,90,
ID,1,
ID_ID,1,
MOSU,-0.239005588557,
MOSU_ID,5,
MOSY,-0.362566026277,
MOSY_ID,5,
SFU,1.0,
SFU_ID,70,
SFY,1.0,
SFY_ID,70,
SU,130000.0,
SU_ID,70,
SXX,-114458.0,
SXX_ID,716,
SXY,-80123.3,
SXY_ID,5,
SY,108892.280072,
SY_ID,70,
SYY,-46302.5,
SYY_ID,716,
SYZ,-41266.0,
SYZ_ID,3,
SZX,-37159.3,
SZX_ID,43,
SZZ,-41226.6,
SZZ_ID,716,
VM,4942.88422954,
VM_ID,113,

AVERAGE RESULTS:
ALL,0.00419875775232,
ALL_ID,NA,
D1,2.59315876649e-05,
D1_ID,NA,
D2,1.4553084825e-19,
D2_ID,NA,
D3,-0.00398180567896,
D3_ID,NA,
ID,467.980519481,
ID_ID,NA,
MOSU,3.29701617766,
MOSU_ID,NA,
MOSY,2.61619153041,
MOSY_ID,NA,
SFU,0.896103896104,
SFU_ID,NA,
SFY,0.896103896104,
SFY_ID,NA,
SU,116493.506494,
SU_ID,NA,
SXX,-779.353796571,
SXX_ID,NA,
SXY,-5.61503066265e-11,
SXY_ID,NA,
SY,97578.796428,
SY_ID,NA,
SYY,-264.079307934,
SYY_ID,NA,
SYZ,-5.07647257564e-11,
SYZ_ID,NA,
SZX,-4800.17189506,
SZX_ID,NA,
SZZ,-4141.09496044,
SZZ_ID,NA,
VM,34817.5678527,
VM_ID,NA,
