#, DOE RESULTS FROM ANLAYSIS "PLAYGROUND"
#, THE ANALYSIS TOOK PLACE ON: Wednesday, April 10th, 2013 at 06:18:30 PM
#, THE INPUT FILE WAS: C:\Dan\DEV\pywork\FEADOE\playground.py
#, PERFORMED BY: dannyt
#, ANALYSIS FILES ARE STORED IN : PLAYGROUND_MODELS.zip
#
#, INDEPENDENT VARIABLES:
#,NEX,40
#,Pressure,-10000.0
#,matty,Alloy_713LC

################################################################################
#, THE NUMBER OF ANALYSES IN DOE = 1
################################################################################
ALL,MAX_ALL, 0.00174005721391, AID, 1, matty, Alloy_713LC, Pressure, -10000.0, NEX, 40, ANALYSIS_NAME, PLAYGROUND_X1
ALL_ID,MAX_ALL_ID, 357, AID, 1, matty, Alloy_713LC, Pressure, -10000.0, NEX, 40, ANALYSIS_NAME, PLAYGROUND_X1
D1,MAX_D1, 0.00172889, AID, 1, matty, Alloy_713LC, Pressure, -10000.0, NEX, 40, ANALYSIS_NAME, PLAYGROUND_X1
D1_ID,MAX_D1_ID, 344, AID, 1, matty, Alloy_713LC, Pressure, -10000.0, NEX, 40, ANALYSIS_NAME, PLAYGROUND_X1
D2,MAX_D2, 0.000185201, AID, 1, matty, Alloy_713LC, Pressure, -10000.0, NEX, 40, ANALYSIS_NAME, PLAYGROUND_X1
D2_ID,MAX_D2_ID, 39, AID, 1, matty, Alloy_713LC, Pressure, -10000.0, NEX, 40, ANALYSIS_NAME, PLAYGROUND_X1
D3,MAX_D3, 0.000185201, AID, 1, matty, Alloy_713LC, Pressure, -10000.0, NEX, 40, ANALYSIS_NAME, PLAYGROUND_X1
D3_ID,MAX_D3_ID, 35, AID, 1, matty, Alloy_713LC, Pressure, -10000.0, NEX, 40, ANALYSIS_NAME, PLAYGROUND_X1
ID,MAX_ID, 361, AID, 1, matty, Alloy_713LC, Pressure, -10000.0, NEX, 40, ANALYSIS_NAME, PLAYGROUND_X1
ID_ID,MAX_ID_ID, 361, AID, 1, matty, Alloy_713LC, Pressure, -10000.0, NEX, 40, ANALYSIS_NAME, PLAYGROUND_X1
MOSU,MAX_MOSU, 17.6667087864, AID, 1, matty, Alloy_713LC, Pressure, -10000.0, NEX, 40, ANALYSIS_NAME, PLAYGROUND_X1
MOSU_ID,MAX_MOSU_ID, 11, AID, 1, matty, Alloy_713LC, Pressure, -10000.0, NEX, 40, ANALYSIS_NAME, PLAYGROUND_X1
MOSY,MAX_MOSY, 14.6358498553, AID, 1, matty, Alloy_713LC, Pressure, -10000.0, NEX, 40, ANALYSIS_NAME, PLAYGROUND_X1
MOSY_ID,MAX_MOSY_ID, 11, AID, 1, matty, Alloy_713LC, Pressure, -10000.0, NEX, 40, ANALYSIS_NAME, PLAYGROUND_X1
SFU,MAX_SFU, 1.0, AID, 1, matty, Alloy_713LC, Pressure, -10000.0, NEX, 40, ANALYSIS_NAME, PLAYGROUND_X1
SFU_ID,MAX_SFU_ID, 250, AID, 1, matty, Alloy_713LC, Pressure, -10000.0, NEX, 40, ANALYSIS_NAME, PLAYGROUND_X1
SFY,MAX_SFY, 1.0, AID, 1, matty, Alloy_713LC, Pressure, -10000.0, NEX, 40, ANALYSIS_NAME, PLAYGROUND_X1
SFY_ID,MAX_SFY_ID, 250, AID, 1, matty, Alloy_713LC, Pressure, -10000.0, NEX, 40, ANALYSIS_NAME, PLAYGROUND_X1
SU,MAX_SU, 130000.0, AID, 1, matty, Alloy_713LC, Pressure, -10000.0, NEX, 40, ANALYSIS_NAME, PLAYGROUND_X1
SU_ID,MAX_SU_ID, 250, AID, 1, matty, Alloy_713LC, Pressure, -10000.0, NEX, 40, ANALYSIS_NAME, PLAYGROUND_X1
SXX,MAX_SXX, 11131.6, AID, 1, matty, Alloy_713LC, Pressure, -10000.0, NEX, 40, ANALYSIS_NAME, PLAYGROUND_X1
SXX_ID,MAX_SXX_ID, 19, AID, 1, matty, Alloy_713LC, Pressure, -10000.0, NEX, 40, ANALYSIS_NAME, PLAYGROUND_X1
SXY,MAX_SXY, 2285.4, AID, 1, matty, Alloy_713LC, Pressure, -10000.0, NEX, 40, ANALYSIS_NAME, PLAYGROUND_X1
SXY_ID,MAX_SXY_ID, 3, AID, 1, matty, Alloy_713LC, Pressure, -10000.0, NEX, 40, ANALYSIS_NAME, PLAYGROUND_X1
SY,MAX_SY, 108892.280072, AID, 1, matty, Alloy_713LC, Pressure, -10000.0, NEX, 40, ANALYSIS_NAME, PLAYGROUND_X1
SY_ID,MAX_SY_ID, 250, AID, 1, matty, Alloy_713LC, Pressure, -10000.0, NEX, 40, ANALYSIS_NAME, PLAYGROUND_X1
SYY,MAX_SYY, 2190.97, AID, 1, matty, Alloy_713LC, Pressure, -10000.0, NEX, 40, ANALYSIS_NAME, PLAYGROUND_X1
SYY_ID,MAX_SYY_ID, 19, AID, 1, matty, Alloy_713LC, Pressure, -10000.0, NEX, 40, ANALYSIS_NAME, PLAYGROUND_X1
SYZ,MAX_SYZ, 1748.95, AID, 1, matty, Alloy_713LC, Pressure, -10000.0, NEX, 40, ANALYSIS_NAME, PLAYGROUND_X1
SYZ_ID,MAX_SYZ_ID, 21, AID, 1, matty, Alloy_713LC, Pressure, -10000.0, NEX, 40, ANALYSIS_NAME, PLAYGROUND_X1
SZX,MAX_SZX, 2285.4, AID, 1, matty, Alloy_713LC, Pressure, -10000.0, NEX, 40, ANALYSIS_NAME, PLAYGROUND_X1
SZX_ID,MAX_SZX_ID, 9, AID, 1, matty, Alloy_713LC, Pressure, -10000.0, NEX, 40, ANALYSIS_NAME, PLAYGROUND_X1
SZZ,MAX_SZZ, 2190.97, AID, 1, matty, Alloy_713LC, Pressure, -10000.0, NEX, 40, ANALYSIS_NAME, PLAYGROUND_X1
SZZ_ID,MAX_SZZ_ID, 9, AID, 1, matty, Alloy_713LC, Pressure, -10000.0, NEX, 40, ANALYSIS_NAME, PLAYGROUND_X1
VM,MAX_VM, 11161.3034979, AID, 1, matty, Alloy_713LC, Pressure, -10000.0, NEX, 40, ANALYSIS_NAME, PLAYGROUND_X1
VM_ID,MAX_VM_ID, 17, AID, 1, matty, Alloy_713LC, Pressure, -10000.0, NEX, 40, ANALYSIS_NAME, PLAYGROUND_X1
================================================================================
ALL,MIN_ALL, 0.0, AID, 1, matty, Alloy_713LC, Pressure, -10000.0, NEX, 40, ANALYSIS_NAME, PLAYGROUND_X1
ALL_ID,MIN_ALL_ID, 11, AID, 1, matty, Alloy_713LC, Pressure, -10000.0, NEX, 40, ANALYSIS_NAME, PLAYGROUND_X1
D1,MIN_D1, 0.0, AID, 1, matty, Alloy_713LC, Pressure, -10000.0, NEX, 40, ANALYSIS_NAME, PLAYGROUND_X1
D1_ID,MIN_D1_ID, 10, AID, 1, matty, Alloy_713LC, Pressure, -10000.0, NEX, 40, ANALYSIS_NAME, PLAYGROUND_X1
D2,MIN_D2, -0.000185201, AID, 1, matty, Alloy_713LC, Pressure, -10000.0, NEX, 40, ANALYSIS_NAME, PLAYGROUND_X1
D2_ID,MIN_D2_ID, 51, AID, 1, matty, Alloy_713LC, Pressure, -10000.0, NEX, 40, ANALYSIS_NAME, PLAYGROUND_X1
D3,MIN_D3, -0.000185201, AID, 1, matty, Alloy_713LC, Pressure, -10000.0, NEX, 40, ANALYSIS_NAME, PLAYGROUND_X1
D3_ID,MIN_D3_ID, 55, AID, 1, matty, Alloy_713LC, Pressure, -10000.0, NEX, 40, ANALYSIS_NAME, PLAYGROUND_X1
ID,MIN_ID, 1, AID, 1, matty, Alloy_713LC, Pressure, -10000.0, NEX, 40, ANALYSIS_NAME, PLAYGROUND_X1
ID_ID,MIN_ID_ID, 1, AID, 1, matty, Alloy_713LC, Pressure, -10000.0, NEX, 40, ANALYSIS_NAME, PLAYGROUND_X1
MOSU,MIN_MOSU, 10.6473850948, AID, 1, matty, Alloy_713LC, Pressure, -10000.0, NEX, 40, ANALYSIS_NAME, PLAYGROUND_X1
MOSU_ID,MIN_MOSU_ID, 17, AID, 1, matty, Alloy_713LC, Pressure, -10000.0, NEX, 40, ANALYSIS_NAME, PLAYGROUND_X1
MOSY,MIN_MOSY, 8.75623322961, AID, 1, matty, Alloy_713LC, Pressure, -10000.0, NEX, 40, ANALYSIS_NAME, PLAYGROUND_X1
MOSY_ID,MIN_MOSY_ID, 17, AID, 1, matty, Alloy_713LC, Pressure, -10000.0, NEX, 40, ANALYSIS_NAME, PLAYGROUND_X1
SFU,MIN_SFU, 1.0, AID, 1, matty, Alloy_713LC, Pressure, -10000.0, NEX, 40, ANALYSIS_NAME, PLAYGROUND_X1
SFU_ID,MIN_SFU_ID, 250, AID, 1, matty, Alloy_713LC, Pressure, -10000.0, NEX, 40, ANALYSIS_NAME, PLAYGROUND_X1
SFY,MIN_SFY, 1.0, AID, 1, matty, Alloy_713LC, Pressure, -10000.0, NEX, 40, ANALYSIS_NAME, PLAYGROUND_X1
SFY_ID,MIN_SFY_ID, 250, AID, 1, matty, Alloy_713LC, Pressure, -10000.0, NEX, 40, ANALYSIS_NAME, PLAYGROUND_X1
SU,MIN_SU, 130000.0, AID, 1, matty, Alloy_713LC, Pressure, -10000.0, NEX, 40, ANALYSIS_NAME, PLAYGROUND_X1
SU_ID,MIN_SU_ID, 250, AID, 1, matty, Alloy_713LC, Pressure, -10000.0, NEX, 40, ANALYSIS_NAME, PLAYGROUND_X1
SXX,MIN_SXX, 8683.29, AID, 1, matty, Alloy_713LC, Pressure, -10000.0, NEX, 40, ANALYSIS_NAME, PLAYGROUND_X1
SXX_ID,MIN_SXX_ID, 11, AID, 1, matty, Alloy_713LC, Pressure, -10000.0, NEX, 40, ANALYSIS_NAME, PLAYGROUND_X1
SXY,MIN_SXY, -2285.4, AID, 1, matty, Alloy_713LC, Pressure, -10000.0, NEX, 40, ANALYSIS_NAME, PLAYGROUND_X1
SXY_ID,MIN_SXY_ID, 19, AID, 1, matty, Alloy_713LC, Pressure, -10000.0, NEX, 40, ANALYSIS_NAME, PLAYGROUND_X1
SY,MIN_SY, 108892.280072, AID, 1, matty, Alloy_713LC, Pressure, -10000.0, NEX, 40, ANALYSIS_NAME, PLAYGROUND_X1
SY_ID,MIN_SY_ID, 250, AID, 1, matty, Alloy_713LC, Pressure, -10000.0, NEX, 40, ANALYSIS_NAME, PLAYGROUND_X1
SYY,MIN_SYY, -1409.22, AID, 1, matty, Alloy_713LC, Pressure, -10000.0, NEX, 40, ANALYSIS_NAME, PLAYGROUND_X1
SYY_ID,MIN_SYY_ID, 17, AID, 1, matty, Alloy_713LC, Pressure, -10000.0, NEX, 40, ANALYSIS_NAME, PLAYGROUND_X1
SYZ,MIN_SYZ, -1748.95, AID, 1, matty, Alloy_713LC, Pressure, -10000.0, NEX, 40, ANALYSIS_NAME, PLAYGROUND_X1
SYZ_ID,MIN_SYZ_ID, 17, AID, 1, matty, Alloy_713LC, Pressure, -10000.0, NEX, 40, ANALYSIS_NAME, PLAYGROUND_X1
SZX,MIN_SZX, -2285.4, AID, 1, matty, Alloy_713LC, Pressure, -10000.0, NEX, 40, ANALYSIS_NAME, PLAYGROUND_X1
SZX_ID,MIN_SZX_ID, 13, AID, 1, matty, Alloy_713LC, Pressure, -10000.0, NEX, 40, ANALYSIS_NAME, PLAYGROUND_X1
SZZ,MIN_SZZ, -1409.22, AID, 1, matty, Alloy_713LC, Pressure, -10000.0, NEX, 40, ANALYSIS_NAME, PLAYGROUND_X1
SZZ_ID,MIN_SZZ_ID, 17, AID, 1, matty, Alloy_713LC, Pressure, -10000.0, NEX, 40, ANALYSIS_NAME, PLAYGROUND_X1
VM,MIN_VM, 6964.27, AID, 1, matty, Alloy_713LC, Pressure, -10000.0, NEX, 40, ANALYSIS_NAME, PLAYGROUND_X1
VM_ID,MIN_VM_ID, 11, AID, 1, matty, Alloy_713LC, Pressure, -10000.0, NEX, 40, ANALYSIS_NAME, PLAYGROUND_X1
################################################################################



INDEPENDENT VARIABLES:
AID,1,
ANALYSIS_NAME,PLAYGROUND_X1,
NEX,40,
Pressure,-10000.0,
matty,Alloy_713LC,

MAX RESULTS:
ALL,0.00174005721391,
ALL_ID,357,
D1,0.00172889,
D1_ID,344,
D2,0.000185201,
D2_ID,39,
D3,0.000185201,
D3_ID,35,
ID,361,
ID_ID,361,
MOSU,17.6667087864,
MOSU_ID,11,
MOSY,14.6358498553,
MOSY_ID,11,
SFU,1.0,
SFU_ID,250,
SFY,1.0,
SFY_ID,250,
SU,130000.0,
SU_ID,250,
SXX,11131.6,
SXX_ID,19,
SXY,2285.4,
SXY_ID,3,
SY,108892.280072,
SY_ID,250,
SYY,2190.97,
SYY_ID,19,
SYZ,1748.95,
SYZ_ID,21,
SZX,2285.4,
SZX_ID,9,
SZZ,2190.97,
SZZ_ID,9,
VM,11161.3034979,
VM_ID,17,

MIN RESULTS:
ALL,0.0,
ALL_ID,11,
D1,0.0,
D1_ID,10,
D2,-0.000185201,
D2_ID,51,
D3,-0.000185201,
D3_ID,55,
ID,1,
ID_ID,1,
MOSU,10.6473850948,
MOSU_ID,17,
MOSY,8.75623322961,
MOSY_ID,17,
SFU,1.0,
SFU_ID,250,
SFY,1.0,
SFY_ID,250,
SU,130000.0,
SU_ID,250,
SXX,8683.29,
SXX_ID,11,
SXY,-2285.4,
SXY_ID,19,
SY,108892.280072,
SY_ID,250,
SYY,-1409.22,
SYY_ID,17,
SYZ,-1748.95,
SYZ_ID,17,
SZX,-2285.4,
SZX_ID,13,
SZZ,-1409.22,
SZZ_ID,17,
VM,6964.27,
VM_ID,11,

AVERAGE RESULTS:
ALL,0.000800429279486,
ALL_ID,NA,
D1,0.000777096416209,
D1_ID,NA,
D2,-6.3561352362e-18,
D2_ID,NA,
D3,1.56011557483e-17,
D3_ID,NA,
ID,162.945137157,
ID_ID,NA,
MOSU,10.8225894046,
MOSU_ID,NA,
MOSY,8.91918634495,
MOSY_ID,NA,
SFU,0.900249376559,
SFU_ID,NA,
SFY,0.900249376559,
SFY_ID,NA,
SU,117032.418953,
SU_ID,NA,
SXX,8994.8094813,
SXX_ID,NA,
SXY,-5.32579536028e-12,
SXY_ID,NA,
SY,98030.2072467,
SY_ID,NA,
SYY,24.4734444985,
SYY_ID,NA,
SYZ,-1.21469501124e-12,
SYZ_ID,NA,
SZX,-1.30992439118e-11,
SZX_ID,NA,
SZZ,24.4734444985,
SZZ_ID,NA,
VM,8995.57227193,
VM_ID,NA,
