#, DOE RESULTS FROM ANLAYSIS "PGT1_20x20x20"
#, THE ANALYSIS TOOK PLACE ON: Thursday, April 11th, 2013 at 12:32:48 PM
#, THE INPUT FILE WAS: C:\Dan\DEV\pywork\FEADOE\playground.py
#, PERFORMED BY: dannyt
#, ANALYSIS FILES ARE STORED IN : PGT1_20x20x20_MODELS.zip
#
#, INDEPENDENT VARIABLES:
#,NEX,40
#,Pressure,-10000.0
#,matty,Alloy_713LC

################################################################################
#, THE NUMBER OF ANALYSES IN DOE = 1
################################################################################
ALL,MAX_ALL, 0.00104777958697, AID, 1, matty, Alloy_713LC, Pressure, -10000.0, NEX, 40, ANALYSIS_NAME, PGT1_20x20x20_X1
ALL_ID,MAX_ALL_ID, 43862, AID, 1, matty, Alloy_713LC, Pressure, -10000.0, NEX, 40, ANALYSIS_NAME, PGT1_20x20x20_X1
D1,MAX_D1, 0.00104534, AID, 1, matty, Alloy_713LC, Pressure, -10000.0, NEX, 40, ANALYSIS_NAME, PGT1_20x20x20_X1
D1_ID,MAX_D1_ID, 43860, AID, 1, matty, Alloy_713LC, Pressure, -10000.0, NEX, 40, ANALYSIS_NAME, PGT1_20x20x20_X1
D2,MAX_D2, 6.98792e-05, AID, 1, matty, Alloy_713LC, Pressure, -10000.0, NEX, 40, ANALYSIS_NAME, PGT1_20x20x20_X1
D2_ID,MAX_D2_ID, 43744, AID, 1, matty, Alloy_713LC, Pressure, -10000.0, NEX, 40, ANALYSIS_NAME, PGT1_20x20x20_X1
D3,MAX_D3, 6.98792e-05, AID, 1, matty, Alloy_713LC, Pressure, -10000.0, NEX, 40, ANALYSIS_NAME, PGT1_20x20x20_X1
D3_ID,MAX_D3_ID, 43748, AID, 1, matty, Alloy_713LC, Pressure, -10000.0, NEX, 40, ANALYSIS_NAME, PGT1_20x20x20_X1
ID,MAX_ID, 43878, AID, 1, matty, Alloy_713LC, Pressure, -10000.0, NEX, 40, ANALYSIS_NAME, PGT1_20x20x20_X1
ID_ID,MAX_ID_ID, 43878, AID, 1, matty, Alloy_713LC, Pressure, -10000.0, NEX, 40, ANALYSIS_NAME, PGT1_20x20x20_X1
MOSU,MAX_MOSU, 160486.813252, AID, 1, matty, Alloy_713LC, Pressure, -10000.0, NEX, 40, ANALYSIS_NAME, PGT1_20x20x20_X1
MOSU_ID,MAX_MOSU_ID, 42480, AID, 1, matty, Alloy_713LC, Pressure, -10000.0, NEX, 40, ANALYSIS_NAME, PGT1_20x20x20_X1
MOSY,MAX_MOSY, 134428.876221, AID, 1, matty, Alloy_713LC, Pressure, -10000.0, NEX, 40, ANALYSIS_NAME, PGT1_20x20x20_X1
MOSY_ID,MAX_MOSY_ID, 42480, AID, 1, matty, Alloy_713LC, Pressure, -10000.0, NEX, 40, ANALYSIS_NAME, PGT1_20x20x20_X1
SFU,MAX_SFU, 1.0, AID, 1, matty, Alloy_713LC, Pressure, -10000.0, NEX, 40, ANALYSIS_NAME, PGT1_20x20x20_X1
SFU_ID,MAX_SFU_ID, 32809, AID, 1, matty, Alloy_713LC, Pressure, -10000.0, NEX, 40, ANALYSIS_NAME, PGT1_20x20x20_X1
SFY,MAX_SFY, 1.0, AID, 1, matty, Alloy_713LC, Pressure, -10000.0, NEX, 40, ANALYSIS_NAME, PGT1_20x20x20_X1
SFY_ID,MAX_SFY_ID, 32809, AID, 1, matty, Alloy_713LC, Pressure, -10000.0, NEX, 40, ANALYSIS_NAME, PGT1_20x20x20_X1
SU,MAX_SU, 130000.0, AID, 1, matty, Alloy_713LC, Pressure, -10000.0, NEX, 40, ANALYSIS_NAME, PGT1_20x20x20_X1
SU_ID,MAX_SU_ID, 32809, AID, 1, matty, Alloy_713LC, Pressure, -10000.0, NEX, 40, ANALYSIS_NAME, PGT1_20x20x20_X1
SXX,MAX_SXX, 19277.3, AID, 1, matty, Alloy_713LC, Pressure, -10000.0, NEX, 40, ANALYSIS_NAME, PGT1_20x20x20_X1
SXX_ID,MAX_SXX_ID, 43021, AID, 1, matty, Alloy_713LC, Pressure, -10000.0, NEX, 40, ANALYSIS_NAME, PGT1_20x20x20_X1
SXY,MAX_SXY, 3378.4, AID, 1, matty, Alloy_713LC, Pressure, -10000.0, NEX, 40, ANALYSIS_NAME, PGT1_20x20x20_X1
SXY_ID,MAX_SXY_ID, 40895, AID, 1, matty, Alloy_713LC, Pressure, -10000.0, NEX, 40, ANALYSIS_NAME, PGT1_20x20x20_X1
SY,MAX_SY, 108892.280072, AID, 1, matty, Alloy_713LC, Pressure, -10000.0, NEX, 40, ANALYSIS_NAME, PGT1_20x20x20_X1
SY_ID,MAX_SY_ID, 32809, AID, 1, matty, Alloy_713LC, Pressure, -10000.0, NEX, 40, ANALYSIS_NAME, PGT1_20x20x20_X1
SYY,MAX_SYY, 12003.6, AID, 1, matty, Alloy_713LC, Pressure, -10000.0, NEX, 40, ANALYSIS_NAME, PGT1_20x20x20_X1
SYY_ID,MAX_SYY_ID, 43021, AID, 1, matty, Alloy_713LC, Pressure, -10000.0, NEX, 40, ANALYSIS_NAME, PGT1_20x20x20_X1
SYZ,MAX_SYZ, 1010.94, AID, 1, matty, Alloy_713LC, Pressure, -10000.0, NEX, 40, ANALYSIS_NAME, PGT1_20x20x20_X1
SYZ_ID,MAX_SYZ_ID, 43203, AID, 1, matty, Alloy_713LC, Pressure, -10000.0, NEX, 40, ANALYSIS_NAME, PGT1_20x20x20_X1
SZX,MAX_SZX, 3378.4, AID, 1, matty, Alloy_713LC, Pressure, -10000.0, NEX, 40, ANALYSIS_NAME, PGT1_20x20x20_X1
SZX_ID,MAX_SZX_ID, 40895, AID, 1, matty, Alloy_713LC, Pressure, -10000.0, NEX, 40, ANALYSIS_NAME, PGT1_20x20x20_X1
SZZ,MAX_SZZ, 12003.6, AID, 1, matty, Alloy_713LC, Pressure, -10000.0, NEX, 40, ANALYSIS_NAME, PGT1_20x20x20_X1
SZZ_ID,MAX_SZZ_ID, 43021, AID, 1, matty, Alloy_713LC, Pressure, -10000.0, NEX, 40, ANALYSIS_NAME, PGT1_20x20x20_X1
VM,MAX_VM, 14585.44, AID, 1, matty, Alloy_713LC, Pressure, -10000.0, NEX, 40, ANALYSIS_NAME, PGT1_20x20x20_X1
VM_ID,MAX_VM_ID, 43766, AID, 1, matty, Alloy_713LC, Pressure, -10000.0, NEX, 40, ANALYSIS_NAME, PGT1_20x20x20_X1
================================================================================
ALL,MIN_ALL, 0.0, AID, 1, matty, Alloy_713LC, Pressure, -10000.0, NEX, 40, ANALYSIS_NAME, PGT1_20x20x20_X1
ALL_ID,MIN_ALL_ID, 641, AID, 1, matty, Alloy_713LC, Pressure, -10000.0, NEX, 40, ANALYSIS_NAME, PGT1_20x20x20_X1
D1,MIN_D1, -6.90141e-06, AID, 1, matty, Alloy_713LC, Pressure, -10000.0, NEX, 40, ANALYSIS_NAME, PGT1_20x20x20_X1
D1_ID,MIN_D1_ID, 40298, AID, 1, matty, Alloy_713LC, Pressure, -10000.0, NEX, 40, ANALYSIS_NAME, PGT1_20x20x20_X1
D2,MIN_D2, -6.98792e-05, AID, 1, matty, Alloy_713LC, Pressure, -10000.0, NEX, 40, ANALYSIS_NAME, PGT1_20x20x20_X1
D2_ID,MIN_D2_ID, 43754, AID, 1, matty, Alloy_713LC, Pressure, -10000.0, NEX, 40, ANALYSIS_NAME, PGT1_20x20x20_X1
D3,MIN_D3, -6.98792e-05, AID, 1, matty, Alloy_713LC, Pressure, -10000.0, NEX, 40, ANALYSIS_NAME, PGT1_20x20x20_X1
D3_ID,MIN_D3_ID, 43750, AID, 1, matty, Alloy_713LC, Pressure, -10000.0, NEX, 40, ANALYSIS_NAME, PGT1_20x20x20_X1
ID,MIN_ID, 1, AID, 1, matty, Alloy_713LC, Pressure, -10000.0, NEX, 40, ANALYSIS_NAME, PGT1_20x20x20_X1
ID_ID,MIN_ID_ID, 1, AID, 1, matty, Alloy_713LC, Pressure, -10000.0, NEX, 40, ANALYSIS_NAME, PGT1_20x20x20_X1
MOSU,MIN_MOSU, 7.91299816804, AID, 1, matty, Alloy_713LC, Pressure, -10000.0, NEX, 40, ANALYSIS_NAME, PGT1_20x20x20_X1
MOSU_ID,MIN_MOSU_ID, 43766, AID, 1, matty, Alloy_713LC, Pressure, -10000.0, NEX, 40, ANALYSIS_NAME, PGT1_20x20x20_X1
MOSY,MIN_MOSY, 6.46582071379, AID, 1, matty, Alloy_713LC, Pressure, -10000.0, NEX, 40, ANALYSIS_NAME, PGT1_20x20x20_X1
MOSY_ID,MIN_MOSY_ID, 43766, AID, 1, matty, Alloy_713LC, Pressure, -10000.0, NEX, 40, ANALYSIS_NAME, PGT1_20x20x20_X1
SFU,MIN_SFU, 1.0, AID, 1, matty, Alloy_713LC, Pressure, -10000.0, NEX, 40, ANALYSIS_NAME, PGT1_20x20x20_X1
SFU_ID,MIN_SFU_ID, 32809, AID, 1, matty, Alloy_713LC, Pressure, -10000.0, NEX, 40, ANALYSIS_NAME, PGT1_20x20x20_X1
SFY,MIN_SFY, 1.0, AID, 1, matty, Alloy_713LC, Pressure, -10000.0, NEX, 40, ANALYSIS_NAME, PGT1_20x20x20_X1
SFY_ID,MIN_SFY_ID, 32809, AID, 1, matty, Alloy_713LC, Pressure, -10000.0, NEX, 40, ANALYSIS_NAME, PGT1_20x20x20_X1
SU,MIN_SU, 130000.0, AID, 1, matty, Alloy_713LC, Pressure, -10000.0, NEX, 40, ANALYSIS_NAME, PGT1_20x20x20_X1
SU_ID,MIN_SU_ID, 32809, AID, 1, matty, Alloy_713LC, Pressure, -10000.0, NEX, 40, ANALYSIS_NAME, PGT1_20x20x20_X1
SXX,MIN_SXX, -3743.52, AID, 1, matty, Alloy_713LC, Pressure, -10000.0, NEX, 40, ANALYSIS_NAME, PGT1_20x20x20_X1
SXX_ID,MIN_SXX_ID, 43203, AID, 1, matty, Alloy_713LC, Pressure, -10000.0, NEX, 40, ANALYSIS_NAME, PGT1_20x20x20_X1
SXY,MIN_SXY, -3378.4, AID, 1, matty, Alloy_713LC, Pressure, -10000.0, NEX, 40, ANALYSIS_NAME, PGT1_20x20x20_X1
SXY_ID,MIN_SXY_ID, 41023, AID, 1, matty, Alloy_713LC, Pressure, -10000.0, NEX, 40, ANALYSIS_NAME, PGT1_20x20x20_X1
SY,MIN_SY, 108892.280072, AID, 1, matty, Alloy_713LC, Pressure, -10000.0, NEX, 40, ANALYSIS_NAME, PGT1_20x20x20_X1
SY_ID,MIN_SY_ID, 32809, AID, 1, matty, Alloy_713LC, Pressure, -10000.0, NEX, 40, ANALYSIS_NAME, PGT1_20x20x20_X1
SYY,MIN_SYY, -3045.73, AID, 1, matty, Alloy_713LC, Pressure, -10000.0, NEX, 40, ANALYSIS_NAME, PGT1_20x20x20_X1
SYY_ID,MIN_SYY_ID, 42957, AID, 1, matty, Alloy_713LC, Pressure, -10000.0, NEX, 40, ANALYSIS_NAME, PGT1_20x20x20_X1
SYZ,MIN_SYZ, -1010.94, AID, 1, matty, Alloy_713LC, Pressure, -10000.0, NEX, 40, ANALYSIS_NAME, PGT1_20x20x20_X1
SYZ_ID,MIN_SYZ_ID, 43147, AID, 1, matty, Alloy_713LC, Pressure, -10000.0, NEX, 40, ANALYSIS_NAME, PGT1_20x20x20_X1
SZX,MIN_SZX, -3378.4, AID, 1, matty, Alloy_713LC, Pressure, -10000.0, NEX, 40, ANALYSIS_NAME, PGT1_20x20x20_X1
SZX_ID,MIN_SZX_ID, 41023, AID, 1, matty, Alloy_713LC, Pressure, -10000.0, NEX, 40, ANALYSIS_NAME, PGT1_20x20x20_X1
SZZ,MIN_SZZ, -3045.73, AID, 1, matty, Alloy_713LC, Pressure, -10000.0, NEX, 40, ANALYSIS_NAME, PGT1_20x20x20_X1
SZZ_ID,MIN_SZZ_ID, 43085, AID, 1, matty, Alloy_713LC, Pressure, -10000.0, NEX, 40, ANALYSIS_NAME, PGT1_20x20x20_X1
VM,MIN_VM, 0.810030352871, AID, 1, matty, Alloy_713LC, Pressure, -10000.0, NEX, 40, ANALYSIS_NAME, PGT1_20x20x20_X1
VM_ID,MIN_VM_ID, 42480, AID, 1, matty, Alloy_713LC, Pressure, -10000.0, NEX, 40, ANALYSIS_NAME, PGT1_20x20x20_X1
################################################################################



INDEPENDENT VARIABLES:
AID,1,
ANALYSIS_NAME,PGT1_20x20x20_X1,
NEX,40,
Pressure,-10000.0,
matty,Alloy_713LC,

MAX RESULTS:
ALL,0.00104777958697,
ALL_ID,43862,
D1,0.00104534,
D1_ID,43860,
D2,6.98792e-05,
D2_ID,43744,
D3,6.98792e-05,
D3_ID,43748,
ID,43878,
ID_ID,43878,
MOSU,160486.813252,
MOSU_ID,42480,
MOSY,134428.876221,
MOSY_ID,42480,
SFU,1.0,
SFU_ID,32809,
SFY,1.0,
SFY_ID,32809,
SU,130000.0,
SU_ID,32809,
SXX,19277.3,
SXX_ID,43021,
SXY,3378.4,
SXY_ID,40895,
SY,108892.280072,
SY_ID,32809,
SYY,12003.6,
SYY_ID,43021,
SYZ,1010.94,
SYZ_ID,43203,
SZX,3378.4,
SZX_ID,40895,
SZZ,12003.6,
SZZ_ID,43021,
VM,14585.44,
VM_ID,43766,

MIN RESULTS:
ALL,0.0,
ALL_ID,641,
D1,-6.90141e-06,
D1_ID,40298,
D2,-6.98792e-05,
D2_ID,43754,
D3,-6.98792e-05,
D3_ID,43750,
ID,1,
ID_ID,1,
MOSU,7.91299816804,
MOSU_ID,43766,
MOSY,6.46582071379,
MOSY_ID,43766,
SFU,1.0,
SFU_ID,32809,
SFY,1.0,
SFY_ID,32809,
SU,130000.0,
SU_ID,32809,
SXX,-3743.52,
SXX_ID,43203,
SXY,-3378.4,
SXY_ID,41023,
SY,108892.280072,
SY_ID,32809,
SYY,-3045.73,
SYY_ID,42957,
SYZ,-1010.94,
SYZ_ID,43147,
SZX,-3378.4,
SZX_ID,41023,
SZZ,-3045.73,
SZZ_ID,43085,
VM,0.810030352871,
VM_ID,42480,

AVERAGE RESULTS:
ALL,1.75307934589e-05,
ALL_ID,NA,
D1,1.14522278794e-05,
D1_ID,NA,
D2,3.82353898395e-21,
D2_ID,NA,
D3,6.06989269394e-20,
D3_ID,NA,
ID,17956.5971533,
ID_ID,NA,
MOSU,1397.27805603,
MOSU_ID,NA,
MOSY,1170.27337708,
MOSY_ID,NA,
SFU,0.817444773401,
SFU_ID,NA,
SFY,0.817444773401,
SFY_ID,NA,
SU,106267.820542,
SU_ID,NA,
SXX,190.17760174,
SXX_ID,NA,
SXY,2.50368302479e-14,
SXY_ID,NA,
SY,89013.4252083,
SY_ID,NA,
SYY,-1.17973816892,
SYY_ID,NA,
SYZ,-4.05708452944e-15,
SYZ_ID,NA,
SZX,-1.89601806477e-13,
SZX_ID,NA,
SZZ,-1.17973816892,
SZZ_ID,NA,
VM,304.92694025,
VM_ID,NA,
