#, DOE RESULTS FROM ANLAYSIS "PLT_SIMP_T1"
#, THE ANALYSIS TOOK PLACE ON: Monday, April 1st, 2013 at 10:45:20 AM
#, THE INPUT FILE WAS: C:\Dan\DEV\pywork\FEADOE\plt_simp1.py
#, PERFORMED BY: dannyt
#, ANALYSIS FILES ARE STORED IN : PLT_SIMP_T1_MODELS.zip
#
#, INDEPENDENT VARIABLES:
#,NEX,40
#,Pressure,10000.0
#,matty,Alloy_713LC

################################################################################
#, THE NUMBER OF ANALYSES IN DOE = 1
################################################################################
ALL,MAX_ALL, 0.0774180439094, AID, 1, matty, Alloy_713LC, Pressure, 10000.0, NEX, 40, ANALYSIS_NAME, PLT_SIMP_T1_X1
ALL_ID,MAX_ALL_ID, 5548, AID, 1, matty, Alloy_713LC, Pressure, 10000.0, NEX, 40, ANALYSIS_NAME, PLT_SIMP_T1_X1
D1,MAX_D1, 0.0113122, AID, 1, matty, Alloy_713LC, Pressure, 10000.0, NEX, 40, ANALYSIS_NAME, PLT_SIMP_T1_X1
D1_ID,MAX_D1_ID, 5276, AID, 1, matty, Alloy_713LC, Pressure, 10000.0, NEX, 40, ANALYSIS_NAME, PLT_SIMP_T1_X1
D2,MAX_D2, 0.00336377, AID, 1, matty, Alloy_713LC, Pressure, 10000.0, NEX, 40, ANALYSIS_NAME, PLT_SIMP_T1_X1
D2_ID,MAX_D2_ID, 5541, AID, 1, matty, Alloy_713LC, Pressure, 10000.0, NEX, 40, ANALYSIS_NAME, PLT_SIMP_T1_X1
D3,MAX_D3, 0.00909465, AID, 1, matty, Alloy_713LC, Pressure, 10000.0, NEX, 40, ANALYSIS_NAME, PLT_SIMP_T1_X1
D3_ID,MAX_D3_ID, 13240, AID, 1, matty, Alloy_713LC, Pressure, 10000.0, NEX, 40, ANALYSIS_NAME, PLT_SIMP_T1_X1
ID,MAX_ID, 13850, AID, 1, matty, Alloy_713LC, Pressure, 10000.0, NEX, 40, ANALYSIS_NAME, PLT_SIMP_T1_X1
ID_ID,MAX_ID_ID, 13850, AID, 1, matty, Alloy_713LC, Pressure, 10000.0, NEX, 40, ANALYSIS_NAME, PLT_SIMP_T1_X1
MOSU,MAX_MOSU, 6.03238180418, AID, 1, matty, Alloy_713LC, Pressure, 10000.0, NEX, 40, ANALYSIS_NAME, PLT_SIMP_T1_X1
MOSU_ID,MAX_MOSU_ID, 85, AID, 1, matty, Alloy_713LC, Pressure, 10000.0, NEX, 40, ANALYSIS_NAME, PLT_SIMP_T1_X1
MOSY,MAX_MOSY, 4.89055453071, AID, 1, matty, Alloy_713LC, Pressure, 10000.0, NEX, 40, ANALYSIS_NAME, PLT_SIMP_T1_X1
MOSY_ID,MAX_MOSY_ID, 85, AID, 1, matty, Alloy_713LC, Pressure, 10000.0, NEX, 40, ANALYSIS_NAME, PLT_SIMP_T1_X1
SFU,MAX_SFU, 1.0, AID, 1, matty, Alloy_713LC, Pressure, 10000.0, NEX, 40, ANALYSIS_NAME, PLT_SIMP_T1_X1
SFU_ID,MAX_SFU_ID, 5422, AID, 1, matty, Alloy_713LC, Pressure, 10000.0, NEX, 40, ANALYSIS_NAME, PLT_SIMP_T1_X1
SFY,MAX_SFY, 1.0, AID, 1, matty, Alloy_713LC, Pressure, 10000.0, NEX, 40, ANALYSIS_NAME, PLT_SIMP_T1_X1
SFY_ID,MAX_SFY_ID, 5422, AID, 1, matty, Alloy_713LC, Pressure, 10000.0, NEX, 40, ANALYSIS_NAME, PLT_SIMP_T1_X1
SU,MAX_SU, 130000.0, AID, 1, matty, Alloy_713LC, Pressure, 10000.0, NEX, 40, ANALYSIS_NAME, PLT_SIMP_T1_X1
SU_ID,MAX_SU_ID, 5422, AID, 1, matty, Alloy_713LC, Pressure, 10000.0, NEX, 40, ANALYSIS_NAME, PLT_SIMP_T1_X1
SXX,MAX_SXX, 531545.0, AID, 1, matty, Alloy_713LC, Pressure, 10000.0, NEX, 40, ANALYSIS_NAME, PLT_SIMP_T1_X1
SXX_ID,MAX_SXX_ID, 2791, AID, 1, matty, Alloy_713LC, Pressure, 10000.0, NEX, 40, ANALYSIS_NAME, PLT_SIMP_T1_X1
SXY,MAX_SXY, 67354.4, AID, 1, matty, Alloy_713LC, Pressure, 10000.0, NEX, 40, ANALYSIS_NAME, PLT_SIMP_T1_X1
SXY_ID,MAX_SXY_ID, 5101, AID, 1, matty, Alloy_713LC, Pressure, 10000.0, NEX, 40, ANALYSIS_NAME, PLT_SIMP_T1_X1
SY,MAX_SY, 108892.280072, AID, 1, matty, Alloy_713LC, Pressure, 10000.0, NEX, 40, ANALYSIS_NAME, PLT_SIMP_T1_X1
SY_ID,MAX_SY_ID, 5422, AID, 1, matty, Alloy_713LC, Pressure, 10000.0, NEX, 40, ANALYSIS_NAME, PLT_SIMP_T1_X1
SYY,MAX_SYY, 640226.0, AID, 1, matty, Alloy_713LC, Pressure, 10000.0, NEX, 40, ANALYSIS_NAME, PLT_SIMP_T1_X1
SYY_ID,MAX_SYY_ID, 13030, AID, 1, matty, Alloy_713LC, Pressure, 10000.0, NEX, 40, ANALYSIS_NAME, PLT_SIMP_T1_X1
SYZ,MAX_SYZ, 325199.0, AID, 1, matty, Alloy_713LC, Pressure, 10000.0, NEX, 40, ANALYSIS_NAME, PLT_SIMP_T1_X1
SYZ_ID,MAX_SYZ_ID, 13850, AID, 1, matty, Alloy_713LC, Pressure, 10000.0, NEX, 40, ANALYSIS_NAME, PLT_SIMP_T1_X1
SZX,MAX_SZX, 269342.0, AID, 1, matty, Alloy_713LC, Pressure, 10000.0, NEX, 40, ANALYSIS_NAME, PLT_SIMP_T1_X1
SZX_ID,MAX_SZX_ID, 6060, AID, 1, matty, Alloy_713LC, Pressure, 10000.0, NEX, 40, ANALYSIS_NAME, PLT_SIMP_T1_X1
SZZ,MAX_SZZ, 1621480.0, AID, 1, matty, Alloy_713LC, Pressure, 10000.0, NEX, 40, ANALYSIS_NAME, PLT_SIMP_T1_X1
SZZ_ID,MAX_SZZ_ID, 13030, AID, 1, matty, Alloy_713LC, Pressure, 10000.0, NEX, 40, ANALYSIS_NAME, PLT_SIMP_T1_X1
VM,MAX_VM, 1254500.4155, AID, 1, matty, Alloy_713LC, Pressure, 10000.0, NEX, 40, ANALYSIS_NAME, PLT_SIMP_T1_X1
VM_ID,MAX_VM_ID, 5650, AID, 1, matty, Alloy_713LC, Pressure, 10000.0, NEX, 40, ANALYSIS_NAME, PLT_SIMP_T1_X1
================================================================================
ALL,MIN_ALL, 0.0, AID, 1, matty, Alloy_713LC, Pressure, 10000.0, NEX, 40, ANALYSIS_NAME, PLT_SIMP_T1_X1
ALL_ID,MIN_ALL_ID, 5333, AID, 1, matty, Alloy_713LC, Pressure, 10000.0, NEX, 40, ANALYSIS_NAME, PLT_SIMP_T1_X1
D1,MIN_D1, -0.0773805, AID, 1, matty, Alloy_713LC, Pressure, 10000.0, NEX, 40, ANALYSIS_NAME, PLT_SIMP_T1_X1
D1_ID,MIN_D1_ID, 5548, AID, 1, matty, Alloy_713LC, Pressure, 10000.0, NEX, 40, ANALYSIS_NAME, PLT_SIMP_T1_X1
D2,MIN_D2, -0.00336377, AID, 1, matty, Alloy_713LC, Pressure, 10000.0, NEX, 40, ANALYSIS_NAME, PLT_SIMP_T1_X1
D2_ID,MIN_D2_ID, 13741, AID, 1, matty, Alloy_713LC, Pressure, 10000.0, NEX, 40, ANALYSIS_NAME, PLT_SIMP_T1_X1
D3,MIN_D3, -0.0645744, AID, 1, matty, Alloy_713LC, Pressure, 10000.0, NEX, 40, ANALYSIS_NAME, PLT_SIMP_T1_X1
D3_ID,MIN_D3_ID, 2643, AID, 1, matty, Alloy_713LC, Pressure, 10000.0, NEX, 40, ANALYSIS_NAME, PLT_SIMP_T1_X1
ID,MIN_ID, 1, AID, 1, matty, Alloy_713LC, Pressure, 10000.0, NEX, 40, ANALYSIS_NAME, PLT_SIMP_T1_X1
ID_ID,MIN_ID_ID, 1, AID, 1, matty, Alloy_713LC, Pressure, 10000.0, NEX, 40, ANALYSIS_NAME, PLT_SIMP_T1_X1
MOSU,MIN_MOSU, -0.896373091317, AID, 1, matty, Alloy_713LC, Pressure, 10000.0, NEX, 40, ANALYSIS_NAME, PLT_SIMP_T1_X1
MOSU_ID,MIN_MOSU_ID, 5650, AID, 1, matty, Alloy_713LC, Pressure, 10000.0, NEX, 40, ANALYSIS_NAME, PLT_SIMP_T1_X1
MOSY,MIN_MOSY, -0.913198689513, AID, 1, matty, Alloy_713LC, Pressure, 10000.0, NEX, 40, ANALYSIS_NAME, PLT_SIMP_T1_X1
MOSY_ID,MIN_MOSY_ID, 5650, AID, 1, matty, Alloy_713LC, Pressure, 10000.0, NEX, 40, ANALYSIS_NAME, PLT_SIMP_T1_X1
SFU,MIN_SFU, 1.0, AID, 1, matty, Alloy_713LC, Pressure, 10000.0, NEX, 40, ANALYSIS_NAME, PLT_SIMP_T1_X1
SFU_ID,MIN_SFU_ID, 5422, AID, 1, matty, Alloy_713LC, Pressure, 10000.0, NEX, 40, ANALYSIS_NAME, PLT_SIMP_T1_X1
SFY,MIN_SFY, 1.0, AID, 1, matty, Alloy_713LC, Pressure, 10000.0, NEX, 40, ANALYSIS_NAME, PLT_SIMP_T1_X1
SFY_ID,MIN_SFY_ID, 5422, AID, 1, matty, Alloy_713LC, Pressure, 10000.0, NEX, 40, ANALYSIS_NAME, PLT_SIMP_T1_X1
SU,MIN_SU, 130000.0, AID, 1, matty, Alloy_713LC, Pressure, 10000.0, NEX, 40, ANALYSIS_NAME, PLT_SIMP_T1_X1
SU_ID,MIN_SU_ID, 5422, AID, 1, matty, Alloy_713LC, Pressure, 10000.0, NEX, 40, ANALYSIS_NAME, PLT_SIMP_T1_X1
SXX,MIN_SXX, -461134.0, AID, 1, matty, Alloy_713LC, Pressure, 10000.0, NEX, 40, ANALYSIS_NAME, PLT_SIMP_T1_X1
SXX_ID,MIN_SXX_ID, 2655, AID, 1, matty, Alloy_713LC, Pressure, 10000.0, NEX, 40, ANALYSIS_NAME, PLT_SIMP_T1_X1
SXY,MIN_SXY, -67354.4, AID, 1, matty, Alloy_713LC, Pressure, 10000.0, NEX, 40, ANALYSIS_NAME, PLT_SIMP_T1_X1
SXY_ID,MIN_SXY_ID, 4961, AID, 1, matty, Alloy_713LC, Pressure, 10000.0, NEX, 40, ANALYSIS_NAME, PLT_SIMP_T1_X1
SY,MIN_SY, 108892.280072, AID, 1, matty, Alloy_713LC, Pressure, 10000.0, NEX, 40, ANALYSIS_NAME, PLT_SIMP_T1_X1
SY_ID,MIN_SY_ID, 5422, AID, 1, matty, Alloy_713LC, Pressure, 10000.0, NEX, 40, ANALYSIS_NAME, PLT_SIMP_T1_X1
SYY,MIN_SYY, -563274.0, AID, 1, matty, Alloy_713LC, Pressure, 10000.0, NEX, 40, ANALYSIS_NAME, PLT_SIMP_T1_X1
SYY_ID,MIN_SYY_ID, 13026, AID, 1, matty, Alloy_713LC, Pressure, 10000.0, NEX, 40, ANALYSIS_NAME, PLT_SIMP_T1_X1
SYZ,MIN_SYZ, -325199.0, AID, 1, matty, Alloy_713LC, Pressure, 10000.0, NEX, 40, ANALYSIS_NAME, PLT_SIMP_T1_X1
SYZ_ID,MIN_SYZ_ID, 5650, AID, 1, matty, Alloy_713LC, Pressure, 10000.0, NEX, 40, ANALYSIS_NAME, PLT_SIMP_T1_X1
SZX,MIN_SZX, -193615.0, AID, 1, matty, Alloy_713LC, Pressure, 10000.0, NEX, 40, ANALYSIS_NAME, PLT_SIMP_T1_X1
SZX_ID,MIN_SZX_ID, 5448, AID, 1, matty, Alloy_713LC, Pressure, 10000.0, NEX, 40, ANALYSIS_NAME, PLT_SIMP_T1_X1
SZZ,MIN_SZZ, -1424690.0, AID, 1, matty, Alloy_713LC, Pressure, 10000.0, NEX, 40, ANALYSIS_NAME, PLT_SIMP_T1_X1
SZZ_ID,MIN_SZZ_ID, 13026, AID, 1, matty, Alloy_713LC, Pressure, 10000.0, NEX, 40, ANALYSIS_NAME, PLT_SIMP_T1_X1
VM,MIN_VM, 18485.9132538, AID, 1, matty, Alloy_713LC, Pressure, 10000.0, NEX, 40, ANALYSIS_NAME, PLT_SIMP_T1_X1
VM_ID,MIN_VM_ID, 85, AID, 1, matty, Alloy_713LC, Pressure, 10000.0, NEX, 40, ANALYSIS_NAME, PLT_SIMP_T1_X1
################################################################################



INDEPENDENT VARIABLES:
AID,1,
ANALYSIS_NAME,PLT_SIMP_T1_X1,
NEX,40,
Pressure,10000.0,
matty,Alloy_713LC,

MAX RESULTS:
ALL,0.0774180439094,
ALL_ID,5548,
D1,0.0113122,
D1_ID,5276,
D2,0.00336377,
D2_ID,5541,
D3,0.00909465,
D3_ID,13240,
ID,13850,
ID_ID,13850,
MOSU,6.03238180418,
MOSU_ID,85,
MOSY,4.89055453071,
MOSY_ID,85,
SFU,1.0,
SFU_ID,5422,
SFY,1.0,
SFY_ID,5422,
SU,130000.0,
SU_ID,5422,
SXX,531545.0,
SXX_ID,2791,
SXY,67354.4,
SXY_ID,5101,
SY,108892.280072,
SY_ID,5422,
SYY,640226.0,
SYY_ID,13030,
SYZ,325199.0,
SYZ_ID,13850,
SZX,269342.0,
SZX_ID,6060,
SZZ,1621480.0,
SZZ_ID,13030,
VM,1254500.4155,
VM_ID,5650,

MIN RESULTS:
ALL,0.0,
ALL_ID,5333,
D1,-0.0773805,
D1_ID,5548,
D2,-0.00336377,
D2_ID,13741,
D3,-0.0645744,
D3_ID,2643,
ID,1,
ID_ID,1,
MOSU,-0.896373091317,
MOSU_ID,5650,
MOSY,-0.913198689513,
MOSY_ID,5650,
SFU,1.0,
SFU_ID,5422,
SFY,1.0,
SFY_ID,5422,
SU,130000.0,
SU_ID,5422,
SXX,-461134.0,
SXX_ID,2655,
SXY,-67354.4,
SXY_ID,4961,
SY,108892.280072,
SY_ID,5422,
SYY,-563274.0,
SYY_ID,13026,
SYZ,-325199.0,
SYZ_ID,5650,
SZX,-193615.0,
SZX_ID,5448,
SZZ,-1424690.0,
SZZ_ID,13026,
VM,18485.9132538,
VM_ID,85,

AVERAGE RESULTS:
ALL,0.0355608079263,
ALL_ID,NA,
D1,-0.0247334825612,
D1_ID,NA,
D2,6.42635877566e-17,
D2_ID,NA,
D3,-0.0117723942653,
D3_ID,NA,
ID,6477.71803248,
ID_ID,NA,
MOSU,-0.0879856682441,
MOSU_ID,NA,
MOSY,-0.216183848963,
MOSY_ID,NA,
SFU,0.877543401157,
SFU_ID,NA,
SFY,0.877543401157,
SFY_ID,NA,
SU,114080.64215,
SU_ID,NA,
SXX,6290.85859465,
SXX_ID,NA,
SXY,-1.31842681494e-08,
SXY_ID,NA,
SY,95557.701814,
SY_ID,NA,
SYY,1890.77889895,
SYY_ID,NA,
SYZ,-1.73535796844e-10,
SYZ_ID,NA,
SZX,9512.66515866,
SZX_ID,NA,
SZZ,32063.7265007,
SZZ_ID,NA,
VM,220977.767299,
VM_ID,NA,
