#, DOE RESULTS FROM ANLAYSIS "PLT_RS5"
#, THE ANALYSIS TOOK PLACE ON: Wednesday, April 3rd, 2013 at 01:53:38 PM
#, THE INPUT FILE WAS: C:\Dan\DEV\pywork\FEADOE\plt_rigid_join.py
#, PERFORMED BY: dannyt
#, ANALYSIS FILES ARE STORED IN : PLT_RS5_MODELS.zip
#
#, INDEPENDENT VARIABLES:
#,NEX,40
#,Pressure,10000.0
#,matty,Alloy_713LC

################################################################################
#, THE NUMBER OF ANALYSES IN DOE = 1
################################################################################
ALL,MAX_ALL, 0.00748700819753, AID, 1, matty, Alloy_713LC, Pressure, 10000.0, NEX, 40, ANALYSIS_NAME, PLT_RS5_X1
ALL_ID,MAX_ALL_ID, 134, AID, 1, matty, Alloy_713LC, Pressure, 10000.0, NEX, 40, ANALYSIS_NAME, PLT_RS5_X1
D1,MAX_D1, 0.00269225, AID, 1, matty, Alloy_713LC, Pressure, 10000.0, NEX, 40, ANALYSIS_NAME, PLT_RS5_X1
D1_ID,MAX_D1_ID, 316, AID, 1, matty, Alloy_713LC, Pressure, 10000.0, NEX, 40, ANALYSIS_NAME, PLT_RS5_X1
D2,MAX_D2, 0.000647424, AID, 1, matty, Alloy_713LC, Pressure, 10000.0, NEX, 40, ANALYSIS_NAME, PLT_RS5_X1
D2_ID,MAX_D2_ID, 180, AID, 1, matty, Alloy_713LC, Pressure, 10000.0, NEX, 40, ANALYSIS_NAME, PLT_RS5_X1
D3,MAX_D3, 0.0, AID, 1, matty, Alloy_713LC, Pressure, 10000.0, NEX, 40, ANALYSIS_NAME, PLT_RS5_X1
D3_ID,MAX_D3_ID, 363, AID, 1, matty, Alloy_713LC, Pressure, 10000.0, NEX, 40, ANALYSIS_NAME, PLT_RS5_X1
ID,MAX_ID, 990, AID, 1, matty, Alloy_713LC, Pressure, 10000.0, NEX, 40, ANALYSIS_NAME, PLT_RS5_X1
ID_ID,MAX_ID_ID, 990, AID, 1, matty, Alloy_713LC, Pressure, 10000.0, NEX, 40, ANALYSIS_NAME, PLT_RS5_X1
MOSU,MAX_MOSU, 27.8900197542, AID, 1, matty, Alloy_713LC, Pressure, 10000.0, NEX, 40, ANALYSIS_NAME, PLT_RS5_X1
MOSU_ID,MAX_MOSU_ID, 123, AID, 1, matty, Alloy_713LC, Pressure, 10000.0, NEX, 40, ANALYSIS_NAME, PLT_RS5_X1
MOSY,MAX_MOSY, 23.1992317104, AID, 1, matty, Alloy_713LC, Pressure, 10000.0, NEX, 40, ANALYSIS_NAME, PLT_RS5_X1
MOSY_ID,MAX_MOSY_ID, 123, AID, 1, matty, Alloy_713LC, Pressure, 10000.0, NEX, 40, ANALYSIS_NAME, PLT_RS5_X1
SFU,MAX_SFU, 1.0, AID, 1, matty, Alloy_713LC, Pressure, 10000.0, NEX, 40, ANALYSIS_NAME, PLT_RS5_X1
SFU_ID,MAX_SFU_ID, 70, AID, 1, matty, Alloy_713LC, Pressure, 10000.0, NEX, 40, ANALYSIS_NAME, PLT_RS5_X1
SFY,MAX_SFY, 1.0, AID, 1, matty, Alloy_713LC, Pressure, 10000.0, NEX, 40, ANALYSIS_NAME, PLT_RS5_X1
SFY_ID,MAX_SFY_ID, 70, AID, 1, matty, Alloy_713LC, Pressure, 10000.0, NEX, 40, ANALYSIS_NAME, PLT_RS5_X1
SU,MAX_SU, 130000.0, AID, 1, matty, Alloy_713LC, Pressure, 10000.0, NEX, 40, ANALYSIS_NAME, PLT_RS5_X1
SU_ID,MAX_SU_ID, 70, AID, 1, matty, Alloy_713LC, Pressure, 10000.0, NEX, 40, ANALYSIS_NAME, PLT_RS5_X1
SXX,MAX_SXX, 108372.0, AID, 1, matty, Alloy_713LC, Pressure, 10000.0, NEX, 40, ANALYSIS_NAME, PLT_RS5_X1
SXX_ID,MAX_SXX_ID, 720, AID, 1, matty, Alloy_713LC, Pressure, 10000.0, NEX, 40, ANALYSIS_NAME, PLT_RS5_X1
SXY,MAX_SXY, 41157.6, AID, 1, matty, Alloy_713LC, Pressure, 10000.0, NEX, 40, ANALYSIS_NAME, PLT_RS5_X1
SXY_ID,MAX_SXY_ID, 950, AID, 1, matty, Alloy_713LC, Pressure, 10000.0, NEX, 40, ANALYSIS_NAME, PLT_RS5_X1
SY,MAX_SY, 108892.280072, AID, 1, matty, Alloy_713LC, Pressure, 10000.0, NEX, 40, ANALYSIS_NAME, PLT_RS5_X1
SY_ID,MAX_SY_ID, 70, AID, 1, matty, Alloy_713LC, Pressure, 10000.0, NEX, 40, ANALYSIS_NAME, PLT_RS5_X1
SYY,MAX_SYY, 43390.9, AID, 1, matty, Alloy_713LC, Pressure, 10000.0, NEX, 40, ANALYSIS_NAME, PLT_RS5_X1
SYY_ID,MAX_SYY_ID, 720, AID, 1, matty, Alloy_713LC, Pressure, 10000.0, NEX, 40, ANALYSIS_NAME, PLT_RS5_X1
SYZ,MAX_SYZ, 18661.5, AID, 1, matty, Alloy_713LC, Pressure, 10000.0, NEX, 40, ANALYSIS_NAME, PLT_RS5_X1
SYZ_ID,MAX_SYZ_ID, 43, AID, 1, matty, Alloy_713LC, Pressure, 10000.0, NEX, 40, ANALYSIS_NAME, PLT_RS5_X1
SZX,MAX_SZX, 45555.4, AID, 1, matty, Alloy_713LC, Pressure, 10000.0, NEX, 40, ANALYSIS_NAME, PLT_RS5_X1
SZX_ID,MAX_SZX_ID, 403, AID, 1, matty, Alloy_713LC, Pressure, 10000.0, NEX, 40, ANALYSIS_NAME, PLT_RS5_X1
SZZ,MAX_SZZ, 37411.8, AID, 1, matty, Alloy_713LC, Pressure, 10000.0, NEX, 40, ANALYSIS_NAME, PLT_RS5_X1
SZZ_ID,MAX_SZZ_ID, 720, AID, 1, matty, Alloy_713LC, Pressure, 10000.0, NEX, 40, ANALYSIS_NAME, PLT_RS5_X1
VM,MAX_VM, 95340.3642324, AID, 1, matty, Alloy_713LC, Pressure, 10000.0, NEX, 40, ANALYSIS_NAME, PLT_RS5_X1
VM_ID,MAX_VM_ID, 45, AID, 1, matty, Alloy_713LC, Pressure, 10000.0, NEX, 40, ANALYSIS_NAME, PLT_RS5_X1
================================================================================
ALL,MIN_ALL, 0.0, AID, 1, matty, Alloy_713LC, Pressure, 10000.0, NEX, 40, ANALYSIS_NAME, PLT_RS5_X1
ALL_ID,MIN_ALL_ID, 363, AID, 1, matty, Alloy_713LC, Pressure, 10000.0, NEX, 40, ANALYSIS_NAME, PLT_RS5_X1
D1,MIN_D1, -0.00258093, AID, 1, matty, Alloy_713LC, Pressure, 10000.0, NEX, 40, ANALYSIS_NAME, PLT_RS5_X1
D1_ID,MIN_D1_ID, 360, AID, 1, matty, Alloy_713LC, Pressure, 10000.0, NEX, 40, ANALYSIS_NAME, PLT_RS5_X1
D2,MIN_D2, -0.000636122, AID, 1, matty, Alloy_713LC, Pressure, 10000.0, NEX, 40, ANALYSIS_NAME, PLT_RS5_X1
D2_ID,MIN_D2_ID, 140, AID, 1, matty, Alloy_713LC, Pressure, 10000.0, NEX, 40, ANALYSIS_NAME, PLT_RS5_X1
D3,MIN_D3, -0.00748101, AID, 1, matty, Alloy_713LC, Pressure, 10000.0, NEX, 40, ANALYSIS_NAME, PLT_RS5_X1
D3_ID,MIN_D3_ID, 133, AID, 1, matty, Alloy_713LC, Pressure, 10000.0, NEX, 40, ANALYSIS_NAME, PLT_RS5_X1
ID,MIN_ID, 1, AID, 1, matty, Alloy_713LC, Pressure, 10000.0, NEX, 40, ANALYSIS_NAME, PLT_RS5_X1
ID_ID,MIN_ID_ID, 1, AID, 1, matty, Alloy_713LC, Pressure, 10000.0, NEX, 40, ANALYSIS_NAME, PLT_RS5_X1
MOSU,MIN_MOSU, 0.363535801931, AID, 1, matty, Alloy_713LC, Pressure, 10000.0, NEX, 40, ANALYSIS_NAME, PLT_RS5_X1
MOSU_ID,MIN_MOSU_ID, 45, AID, 1, matty, Alloy_713LC, Pressure, 10000.0, NEX, 40, ANALYSIS_NAME, PLT_RS5_X1
MOSY,MIN_MOSY, 0.142142480245, AID, 1, matty, Alloy_713LC, Pressure, 10000.0, NEX, 40, ANALYSIS_NAME, PLT_RS5_X1
MOSY_ID,MIN_MOSY_ID, 45, AID, 1, matty, Alloy_713LC, Pressure, 10000.0, NEX, 40, ANALYSIS_NAME, PLT_RS5_X1
SFU,MIN_SFU, 1.0, AID, 1, matty, Alloy_713LC, Pressure, 10000.0, NEX, 40, ANALYSIS_NAME, PLT_RS5_X1
SFU_ID,MIN_SFU_ID, 70, AID, 1, matty, Alloy_713LC, Pressure, 10000.0, NEX, 40, ANALYSIS_NAME, PLT_RS5_X1
SFY,MIN_SFY, 1.0, AID, 1, matty, Alloy_713LC, Pressure, 10000.0, NEX, 40, ANALYSIS_NAME, PLT_RS5_X1
SFY_ID,MIN_SFY_ID, 70, AID, 1, matty, Alloy_713LC, Pressure, 10000.0, NEX, 40, ANALYSIS_NAME, PLT_RS5_X1
SU,MIN_SU, 130000.0, AID, 1, matty, Alloy_713LC, Pressure, 10000.0, NEX, 40, ANALYSIS_NAME, PLT_RS5_X1
SU_ID,MIN_SU_ID, 70, AID, 1, matty, Alloy_713LC, Pressure, 10000.0, NEX, 40, ANALYSIS_NAME, PLT_RS5_X1
SXX,MIN_SXX, -105254.0, AID, 1, matty, Alloy_713LC, Pressure, 10000.0, NEX, 40, ANALYSIS_NAME, PLT_RS5_X1
SXX_ID,MIN_SXX_ID, 716, AID, 1, matty, Alloy_713LC, Pressure, 10000.0, NEX, 40, ANALYSIS_NAME, PLT_RS5_X1
SXY,MIN_SXY, -40764.8, AID, 1, matty, Alloy_713LC, Pressure, 10000.0, NEX, 40, ANALYSIS_NAME, PLT_RS5_X1
SXY_ID,MIN_SXY_ID, 410, AID, 1, matty, Alloy_713LC, Pressure, 10000.0, NEX, 40, ANALYSIS_NAME, PLT_RS5_X1
SY,MIN_SY, 108892.280072, AID, 1, matty, Alloy_713LC, Pressure, 10000.0, NEX, 40, ANALYSIS_NAME, PLT_RS5_X1
SY_ID,MIN_SY_ID, 70, AID, 1, matty, Alloy_713LC, Pressure, 10000.0, NEX, 40, ANALYSIS_NAME, PLT_RS5_X1
SYY,MIN_SYY, -42646.7, AID, 1, matty, Alloy_713LC, Pressure, 10000.0, NEX, 40, ANALYSIS_NAME, PLT_RS5_X1
SYY_ID,MIN_SYY_ID, 716, AID, 1, matty, Alloy_713LC, Pressure, 10000.0, NEX, 40, ANALYSIS_NAME, PLT_RS5_X1
SYZ,MIN_SYZ, -17879.9, AID, 1, matty, Alloy_713LC, Pressure, 10000.0, NEX, 40, ANALYSIS_NAME, PLT_RS5_X1
SYZ_ID,MIN_SYZ_ID, 3, AID, 1, matty, Alloy_713LC, Pressure, 10000.0, NEX, 40, ANALYSIS_NAME, PLT_RS5_X1
SZX,MIN_SZX, -35620.0, AID, 1, matty, Alloy_713LC, Pressure, 10000.0, NEX, 40, ANALYSIS_NAME, PLT_RS5_X1
SZX_ID,MIN_SZX_ID, 720, AID, 1, matty, Alloy_713LC, Pressure, 10000.0, NEX, 40, ANALYSIS_NAME, PLT_RS5_X1
SZZ,MIN_SZZ, -38100.5, AID, 1, matty, Alloy_713LC, Pressure, 10000.0, NEX, 40, ANALYSIS_NAME, PLT_RS5_X1
SZZ_ID,MIN_SZZ_ID, 716, AID, 1, matty, Alloy_713LC, Pressure, 10000.0, NEX, 40, ANALYSIS_NAME, PLT_RS5_X1
VM,MIN_VM, 4499.82385288, AID, 1, matty, Alloy_713LC, Pressure, 10000.0, NEX, 40, ANALYSIS_NAME, PLT_RS5_X1
VM_ID,MIN_VM_ID, 123, AID, 1, matty, Alloy_713LC, Pressure, 10000.0, NEX, 40, ANALYSIS_NAME, PLT_RS5_X1
################################################################################



INDEPENDENT VARIABLES:
AID,1,
ANALYSIS_NAME,PLT_RS5_X1,
NEX,40,
Pressure,10000.0,
matty,Alloy_713LC,

MAX RESULTS:
ALL,0.00748700819753,
ALL_ID,134,
D1,0.00269225,
D1_ID,316,
D2,0.000647424,
D2_ID,180,
D3,0.0,
D3_ID,363,
ID,990,
ID_ID,990,
MOSU,27.8900197542,
MOSU_ID,123,
MOSY,23.1992317104,
MOSY_ID,123,
SFU,1.0,
SFU_ID,70,
SFY,1.0,
SFY_ID,70,
SU,130000.0,
SU_ID,70,
SXX,108372.0,
SXX_ID,720,
SXY,41157.6,
SXY_ID,950,
SY,108892.280072,
SY_ID,70,
SYY,43390.9,
SYY_ID,720,
SYZ,18661.5,
SYZ_ID,43,
SZX,45555.4,
SZX_ID,403,
SZZ,37411.8,
SZZ_ID,720,
VM,95340.3642324,
VM_ID,45,

MIN RESULTS:
ALL,0.0,
ALL_ID,363,
D1,-0.00258093,
D1_ID,360,
D2,-0.000636122,
D2_ID,140,
D3,-0.00748101,
D3_ID,133,
ID,1,
ID_ID,1,
MOSU,0.363535801931,
MOSU_ID,45,
MOSY,0.142142480245,
MOSY_ID,45,
SFU,1.0,
SFU_ID,70,
SFY,1.0,
SFY_ID,70,
SU,130000.0,
SU_ID,70,
SXX,-105254.0,
SXX_ID,716,
SXY,-40764.8,
SXY_ID,410,
SY,108892.280072,
SY_ID,70,
SYY,-42646.7,
SYY_ID,716,
SYZ,-17879.9,
SYZ_ID,3,
SZX,-35620.0,
SZX_ID,720,
SZZ,-38100.5,
SZZ_ID,716,
VM,4499.82385288,
VM_ID,123,

AVERAGE RESULTS:
ALL,0.0037363508857,
ALL_ID,NA,
D1,2.63798150192e-05,
D1_ID,NA,
D2,-6.00234949091e-07,
D2_ID,NA,
D3,-0.00355911928481,
D3_ID,NA,
ID,467.980519481,
ID_ID,NA,
MOSU,3.36607565832,
MOSU_ID,NA,
MOSY,2.6740380251,
MOSY_ID,NA,
SFU,0.896103896104,
SFU_ID,NA,
SFY,0.896103896104,
SFY_ID,NA,
SU,116493.506494,
SU_ID,NA,
SXX,-816.639664842,
SXX_ID,NA,
SXY,-26.0515141532,
SXY_ID,NA,
SY,97578.796428,
SY_ID,NA,
SYY,-251.053444532,
SYY_ID,NA,
SYZ,5.06685449091,
SYZ_ID,NA,
SZX,-4858.75845574,
SZX_ID,NA,
SZZ,-4116.23745468,
SZZ_ID,NA,
VM,33715.5307428,
VM_ID,NA,
