#, DOE RESULTS FROM ANLAYSIS "PGT1"
#, THE ANALYSIS TOOK PLACE ON: Thursday, April 11th, 2013 at 12:03:48 PM
#, THE INPUT FILE WAS: C:\Dan\DEV\pywork\FEADOE\playground.py
#, PERFORMED BY: dannyt
#, ANALYSIS FILES ARE STORED IN : PGT1_MODELS.zip
#
#, INDEPENDENT VARIABLES:
#,NEX,40
#,Pressure,-10000.0
#,matty,Alloy_713LC

################################################################################
#, THE NUMBER OF ANALYSES IN DOE = 1
################################################################################
ALL,MAX_ALL, 0.00553870676044, AID, 1, matty, Alloy_713LC, Pressure, -10000.0, NEX, 40, ANALYSIS_NAME, PGT1_X1
ALL_ID,MAX_ALL_ID, 434, AID, 1, matty, Alloy_713LC, Pressure, -10000.0, NEX, 40, ANALYSIS_NAME, PGT1_X1
D1,MAX_D1, 0.00427788, AID, 1, matty, Alloy_713LC, Pressure, -10000.0, NEX, 40, ANALYSIS_NAME, PGT1_X1
D1_ID,MAX_D1_ID, 434, AID, 1, matty, Alloy_713LC, Pressure, -10000.0, NEX, 40, ANALYSIS_NAME, PGT1_X1
D2,MAX_D2, 0.000204312, AID, 1, matty, Alloy_713LC, Pressure, -10000.0, NEX, 40, ANALYSIS_NAME, PGT1_X1
D2_ID,MAX_D2_ID, 298, AID, 1, matty, Alloy_713LC, Pressure, -10000.0, NEX, 40, ANALYSIS_NAME, PGT1_X1
D3,MAX_D3, 0.000204312, AID, 1, matty, Alloy_713LC, Pressure, -10000.0, NEX, 40, ANALYSIS_NAME, PGT1_X1
D3_ID,MAX_D3_ID, 282, AID, 1, matty, Alloy_713LC, Pressure, -10000.0, NEX, 40, ANALYSIS_NAME, PGT1_X1
ID,MAX_ID, 434, AID, 1, matty, Alloy_713LC, Pressure, -10000.0, NEX, 40, ANALYSIS_NAME, PGT1_X1
ID_ID,MAX_ID_ID, 434, AID, 1, matty, Alloy_713LC, Pressure, -10000.0, NEX, 40, ANALYSIS_NAME, PGT1_X1
MOSU,MAX_MOSU, 1439.18855201, AID, 1, matty, Alloy_713LC, Pressure, -10000.0, NEX, 40, ANALYSIS_NAME, PGT1_X1
MOSU_ID,MAX_MOSU_ID, 170, AID, 1, matty, Alloy_713LC, Pressure, -10000.0, NEX, 40, ANALYSIS_NAME, PGT1_X1
MOSY,MAX_MOSY, 1205.3493474, AID, 1, matty, Alloy_713LC, Pressure, -10000.0, NEX, 40, ANALYSIS_NAME, PGT1_X1
MOSY_ID,MAX_MOSY_ID, 170, AID, 1, matty, Alloy_713LC, Pressure, -10000.0, NEX, 40, ANALYSIS_NAME, PGT1_X1
SFU,MAX_SFU, 1.0, AID, 1, matty, Alloy_713LC, Pressure, -10000.0, NEX, 40, ANALYSIS_NAME, PGT1_X1
SFU_ID,MAX_SFU_ID, 264, AID, 1, matty, Alloy_713LC, Pressure, -10000.0, NEX, 40, ANALYSIS_NAME, PGT1_X1
SFY,MAX_SFY, 1.0, AID, 1, matty, Alloy_713LC, Pressure, -10000.0, NEX, 40, ANALYSIS_NAME, PGT1_X1
SFY_ID,MAX_SFY_ID, 264, AID, 1, matty, Alloy_713LC, Pressure, -10000.0, NEX, 40, ANALYSIS_NAME, PGT1_X1
SU,MAX_SU, 130000.0, AID, 1, matty, Alloy_713LC, Pressure, -10000.0, NEX, 40, ANALYSIS_NAME, PGT1_X1
SU_ID,MAX_SU_ID, 264, AID, 1, matty, Alloy_713LC, Pressure, -10000.0, NEX, 40, ANALYSIS_NAME, PGT1_X1
SXX,MAX_SXX, 135396.0, AID, 1, matty, Alloy_713LC, Pressure, -10000.0, NEX, 40, ANALYSIS_NAME, PGT1_X1
SXX_ID,MAX_SXX_ID, 288, AID, 1, matty, Alloy_713LC, Pressure, -10000.0, NEX, 40, ANALYSIS_NAME, PGT1_X1
SXY,MAX_SXY, 46464.5, AID, 1, matty, Alloy_713LC, Pressure, -10000.0, NEX, 40, ANALYSIS_NAME, PGT1_X1
SXY_ID,MAX_SXY_ID, 280, AID, 1, matty, Alloy_713LC, Pressure, -10000.0, NEX, 40, ANALYSIS_NAME, PGT1_X1
SY,MAX_SY, 108892.280072, AID, 1, matty, Alloy_713LC, Pressure, -10000.0, NEX, 40, ANALYSIS_NAME, PGT1_X1
SY_ID,MAX_SY_ID, 264, AID, 1, matty, Alloy_713LC, Pressure, -10000.0, NEX, 40, ANALYSIS_NAME, PGT1_X1
SYY,MAX_SYY, 47241.8, AID, 1, matty, Alloy_713LC, Pressure, -10000.0, NEX, 40, ANALYSIS_NAME, PGT1_X1
SYY_ID,MAX_SYY_ID, 288, AID, 1, matty, Alloy_713LC, Pressure, -10000.0, NEX, 40, ANALYSIS_NAME, PGT1_X1
SYZ,MAX_SYZ, 3216.37, AID, 1, matty, Alloy_713LC, Pressure, -10000.0, NEX, 40, ANALYSIS_NAME, PGT1_X1
SYZ_ID,MAX_SYZ_ID, 279, AID, 1, matty, Alloy_713LC, Pressure, -10000.0, NEX, 40, ANALYSIS_NAME, PGT1_X1
SZX,MAX_SZX, 46464.5, AID, 1, matty, Alloy_713LC, Pressure, -10000.0, NEX, 40, ANALYSIS_NAME, PGT1_X1
SZX_ID,MAX_SZX_ID, 286, AID, 1, matty, Alloy_713LC, Pressure, -10000.0, NEX, 40, ANALYSIS_NAME, PGT1_X1
SZZ,MAX_SZZ, 47241.8, AID, 1, matty, Alloy_713LC, Pressure, -10000.0, NEX, 40, ANALYSIS_NAME, PGT1_X1
SZZ_ID,MAX_SZZ_ID, 288, AID, 1, matty, Alloy_713LC, Pressure, -10000.0, NEX, 40, ANALYSIS_NAME, PGT1_X1
VM,MAX_VM, 89881.9244663, AID, 1, matty, Alloy_713LC, Pressure, -10000.0, NEX, 40, ANALYSIS_NAME, PGT1_X1
VM_ID,MAX_VM_ID, 296, AID, 1, matty, Alloy_713LC, Pressure, -10000.0, NEX, 40, ANALYSIS_NAME, PGT1_X1
================================================================================
ALL,MIN_ALL, 0.0, AID, 1, matty, Alloy_713LC, Pressure, -10000.0, NEX, 40, ANALYSIS_NAME, PGT1_X1
ALL_ID,MIN_ALL_ID, 33, AID, 1, matty, Alloy_713LC, Pressure, -10000.0, NEX, 40, ANALYSIS_NAME, PGT1_X1
D1,MIN_D1, -1.95079e-05, AID, 1, matty, Alloy_713LC, Pressure, -10000.0, NEX, 40, ANALYSIS_NAME, PGT1_X1
D1_ID,MIN_D1_ID, 229, AID, 1, matty, Alloy_713LC, Pressure, -10000.0, NEX, 40, ANALYSIS_NAME, PGT1_X1
D2,MIN_D2, -0.000793594, AID, 1, matty, Alloy_713LC, Pressure, -10000.0, NEX, 40, ANALYSIS_NAME, PGT1_X1
D2_ID,MIN_D2_ID, 430, AID, 1, matty, Alloy_713LC, Pressure, -10000.0, NEX, 40, ANALYSIS_NAME, PGT1_X1
D3,MIN_D3, -0.00347797, AID, 1, matty, Alloy_713LC, Pressure, -10000.0, NEX, 40, ANALYSIS_NAME, PGT1_X1
D3_ID,MIN_D3_ID, 434, AID, 1, matty, Alloy_713LC, Pressure, -10000.0, NEX, 40, ANALYSIS_NAME, PGT1_X1
ID,MIN_ID, 1, AID, 1, matty, Alloy_713LC, Pressure, -10000.0, NEX, 40, ANALYSIS_NAME, PGT1_X1
ID_ID,MIN_ID_ID, 1, AID, 1, matty, Alloy_713LC, Pressure, -10000.0, NEX, 40, ANALYSIS_NAME, PGT1_X1
MOSU,MIN_MOSU, 0.446341973338, AID, 1, matty, Alloy_713LC, Pressure, -10000.0, NEX, 40, ANALYSIS_NAME, PGT1_X1
MOSU_ID,MIN_MOSU_ID, 296, AID, 1, matty, Alloy_713LC, Pressure, -10000.0, NEX, 40, ANALYSIS_NAME, PGT1_X1
MOSY,MIN_MOSY, 0.211503655695, AID, 1, matty, Alloy_713LC, Pressure, -10000.0, NEX, 40, ANALYSIS_NAME, PGT1_X1
MOSY_ID,MIN_MOSY_ID, 296, AID, 1, matty, Alloy_713LC, Pressure, -10000.0, NEX, 40, ANALYSIS_NAME, PGT1_X1
SFU,MIN_SFU, 1.0, AID, 1, matty, Alloy_713LC, Pressure, -10000.0, NEX, 40, ANALYSIS_NAME, PGT1_X1
SFU_ID,MIN_SFU_ID, 264, AID, 1, matty, Alloy_713LC, Pressure, -10000.0, NEX, 40, ANALYSIS_NAME, PGT1_X1
SFY,MIN_SFY, 1.0, AID, 1, matty, Alloy_713LC, Pressure, -10000.0, NEX, 40, ANALYSIS_NAME, PGT1_X1
SFY_ID,MIN_SFY_ID, 264, AID, 1, matty, Alloy_713LC, Pressure, -10000.0, NEX, 40, ANALYSIS_NAME, PGT1_X1
SU,MIN_SU, 130000.0, AID, 1, matty, Alloy_713LC, Pressure, -10000.0, NEX, 40, ANALYSIS_NAME, PGT1_X1
SU_ID,MIN_SU_ID, 264, AID, 1, matty, Alloy_713LC, Pressure, -10000.0, NEX, 40, ANALYSIS_NAME, PGT1_X1
SXX,MIN_SXX, -61021.3, AID, 1, matty, Alloy_713LC, Pressure, -10000.0, NEX, 40, ANALYSIS_NAME, PGT1_X1
SXX_ID,MIN_SXX_ID, 296, AID, 1, matty, Alloy_713LC, Pressure, -10000.0, NEX, 40, ANALYSIS_NAME, PGT1_X1
SXY,MIN_SXY, -46464.5, AID, 1, matty, Alloy_713LC, Pressure, -10000.0, NEX, 40, ANALYSIS_NAME, PGT1_X1
SXY_ID,MIN_SXY_ID, 296, AID, 1, matty, Alloy_713LC, Pressure, -10000.0, NEX, 40, ANALYSIS_NAME, PGT1_X1
SY,MIN_SY, 108892.280072, AID, 1, matty, Alloy_713LC, Pressure, -10000.0, NEX, 40, ANALYSIS_NAME, PGT1_X1
SY_ID,MIN_SY_ID, 264, AID, 1, matty, Alloy_713LC, Pressure, -10000.0, NEX, 40, ANALYSIS_NAME, PGT1_X1
SYY,MIN_SYY, -21505.7, AID, 1, matty, Alloy_713LC, Pressure, -10000.0, NEX, 40, ANALYSIS_NAME, PGT1_X1
SYY_ID,MIN_SYY_ID, 296, AID, 1, matty, Alloy_713LC, Pressure, -10000.0, NEX, 40, ANALYSIS_NAME, PGT1_X1
SYZ,MIN_SYZ, -3216.37, AID, 1, matty, Alloy_713LC, Pressure, -10000.0, NEX, 40, ANALYSIS_NAME, PGT1_X1
SYZ_ID,MIN_SYZ_ID, 285, AID, 1, matty, Alloy_713LC, Pressure, -10000.0, NEX, 40, ANALYSIS_NAME, PGT1_X1
SZX,MIN_SZX, -46464.5, AID, 1, matty, Alloy_713LC, Pressure, -10000.0, NEX, 40, ANALYSIS_NAME, PGT1_X1
SZX_ID,MIN_SZX_ID, 290, AID, 1, matty, Alloy_713LC, Pressure, -10000.0, NEX, 40, ANALYSIS_NAME, PGT1_X1
SZZ,MIN_SZZ, -21505.7, AID, 1, matty, Alloy_713LC, Pressure, -10000.0, NEX, 40, ANALYSIS_NAME, PGT1_X1
SZZ_ID,MIN_SZZ_ID, 286, AID, 1, matty, Alloy_713LC, Pressure, -10000.0, NEX, 40, ANALYSIS_NAME, PGT1_X1
VM,MIN_VM, 90.2659584528, AID, 1, matty, Alloy_713LC, Pressure, -10000.0, NEX, 40, ANALYSIS_NAME, PGT1_X1
VM_ID,MIN_VM_ID, 170, AID, 1, matty, Alloy_713LC, Pressure, -10000.0, NEX, 40, ANALYSIS_NAME, PGT1_X1
################################################################################



INDEPENDENT VARIABLES:
AID,1,
ANALYSIS_NAME,PGT1_X1,
NEX,40,
Pressure,-10000.0,
matty,Alloy_713LC,

MAX RESULTS:
ALL,0.00553870676044,
ALL_ID,434,
D1,0.00427788,
D1_ID,434,
D2,0.000204312,
D2_ID,298,
D3,0.000204312,
D3_ID,282,
ID,434,
ID_ID,434,
MOSU,1439.18855201,
MOSU_ID,170,
MOSY,1205.3493474,
MOSY_ID,170,
SFU,1.0,
SFU_ID,264,
SFY,1.0,
SFY_ID,264,
SU,130000.0,
SU_ID,264,
SXX,135396.0,
SXX_ID,288,
SXY,46464.5,
SXY_ID,280,
SY,108892.280072,
SY_ID,264,
SYY,47241.8,
SYY_ID,288,
SYZ,3216.37,
SYZ_ID,279,
SZX,46464.5,
SZX_ID,286,
SZZ,47241.8,
SZZ_ID,288,
VM,89881.9244663,
VM_ID,296,

MIN RESULTS:
ALL,0.0,
ALL_ID,33,
D1,-1.95079e-05,
D1_ID,229,
D2,-0.000793594,
D2_ID,430,
D3,-0.00347797,
D3_ID,434,
ID,1,
ID_ID,1,
MOSU,0.446341973338,
MOSU_ID,296,
MOSY,0.211503655695,
MOSY_ID,296,
SFU,1.0,
SFU_ID,264,
SFY,1.0,
SFY_ID,264,
SU,130000.0,
SU_ID,264,
SXX,-61021.3,
SXX_ID,296,
SXY,-46464.5,
SXY_ID,296,
SY,108892.280072,
SY_ID,264,
SYY,-21505.7,
SYY_ID,296,
SYZ,-3216.37,
SYZ_ID,285,
SZX,-46464.5,
SZX_ID,290,
SZZ,-21505.7,
SZZ_ID,286,
VM,90.2659584528,
VM_ID,170,

AVERAGE RESULTS:
ALL,0.00131956980151,
ALL_ID,NA,
D1,0.0011035924424,
D1_ID,NA,
D2,-0.000112920399899,
D2_ID,NA,
D3,-0.000611200583691,
D3_ID,NA,
ID,205.24248927,
ID_ID,NA,
MOSU,297.160300357,
MOSU_ID,NA,
MOSY,248.765608604,
MOSY_ID,NA,
SFU,0.896995708155,
SFU_ID,NA,
SFY,0.896995708155,
SFY_ID,NA,
SU,116609.44206,
SU_ID,NA,
SXX,3129.56528867,
SXX_ID,NA,
SXY,-1.27009514017e-12,
SXY_ID,NA,
SY,97675.9078756,
SY_ID,NA,
SYY,-31.1402002146,
SYY_ID,NA,
SYZ,-2.98877589344e-12,
SYZ_ID,NA,
SZX,-6.23279206025e-12,
SZX_ID,NA,
SZZ,-31.1402002146,
SZZ_ID,NA,
VM,7535.90795307,
VM_ID,NA,
