#, DOE RESULTS FROM ANLAYSIS "PLT_SMALL_R!"
#, THE ANALYSIS TOOK PLACE ON: Thursday, April 4th, 2013 at 11:42:26 AM
#, THE INPUT FILE WAS: C:\Dan\DEV\pywork\FEADOE\plt_small_rigid.py
#, PERFORMED BY: dannyt
#, ANALYSIS FILES ARE STORED IN : PLT_SMALL_R!_MODELS.zip
#
#, INDEPENDENT VARIABLES:
#,NEX,40
#,Pressure,10000.0
#,matty,Alloy_713LC

################################################################################
#, THE NUMBER OF ANALYSES IN DOE = 1
################################################################################
ALL,MAX_ALL, 0.0109497872166, AID, 1, matty, Alloy_713LC, Pressure, 10000.0, NEX, 40, ANALYSIS_NAME, PLT_SMALL_R!_X1
ALL_ID,MAX_ALL_ID, 110, AID, 1, matty, Alloy_713LC, Pressure, 10000.0, NEX, 40, ANALYSIS_NAME, PLT_SMALL_R!_X1
D1,MAX_D1, 0.00319543, AID, 1, matty, Alloy_713LC, Pressure, 10000.0, NEX, 40, ANALYSIS_NAME, PLT_SMALL_R!_X1
D1_ID,MAX_D1_ID, 55, AID, 1, matty, Alloy_713LC, Pressure, 10000.0, NEX, 40, ANALYSIS_NAME, PLT_SMALL_R!_X1
D2,MAX_D2, 0.000372678, AID, 1, matty, Alloy_713LC, Pressure, 10000.0, NEX, 40, ANALYSIS_NAME, PLT_SMALL_R!_X1
D2_ID,MAX_D2_ID, 357, AID, 1, matty, Alloy_713LC, Pressure, 10000.0, NEX, 40, ANALYSIS_NAME, PLT_SMALL_R!_X1
D3,MAX_D3, 0.0, AID, 1, matty, Alloy_713LC, Pressure, 10000.0, NEX, 40, ANALYSIS_NAME, PLT_SMALL_R!_X1
D3_ID,MAX_D3_ID, 193, AID, 1, matty, Alloy_713LC, Pressure, 10000.0, NEX, 40, ANALYSIS_NAME, PLT_SMALL_R!_X1
ID,MAX_ID, 370, AID, 1, matty, Alloy_713LC, Pressure, 10000.0, NEX, 40, ANALYSIS_NAME, PLT_SMALL_R!_X1
ID_ID,MAX_ID_ID, 370, AID, 1, matty, Alloy_713LC, Pressure, 10000.0, NEX, 40, ANALYSIS_NAME, PLT_SMALL_R!_X1
MOSU,MAX_MOSU, 112.563016267, AID, 1, matty, Alloy_713LC, Pressure, 10000.0, NEX, 40, ANALYSIS_NAME, PLT_SMALL_R!_X1
MOSU_ID,MAX_MOSU_ID, 112, AID, 1, matty, Alloy_713LC, Pressure, 10000.0, NEX, 40, ANALYSIS_NAME, PLT_SMALL_R!_X1
MOSY,MAX_MOSY, 94.1241213316, AID, 1, matty, Alloy_713LC, Pressure, 10000.0, NEX, 40, ANALYSIS_NAME, PLT_SMALL_R!_X1
MOSY_ID,MAX_MOSY_ID, 112, AID, 1, matty, Alloy_713LC, Pressure, 10000.0, NEX, 40, ANALYSIS_NAME, PLT_SMALL_R!_X1
SFU,MAX_SFU, 1.0, AID, 1, matty, Alloy_713LC, Pressure, 10000.0, NEX, 40, ANALYSIS_NAME, PLT_SMALL_R!_X1
SFU_ID,MAX_SFU_ID, 113, AID, 1, matty, Alloy_713LC, Pressure, 10000.0, NEX, 40, ANALYSIS_NAME, PLT_SMALL_R!_X1
SFY,MAX_SFY, 1.0, AID, 1, matty, Alloy_713LC, Pressure, 10000.0, NEX, 40, ANALYSIS_NAME, PLT_SMALL_R!_X1
SFY_ID,MAX_SFY_ID, 113, AID, 1, matty, Alloy_713LC, Pressure, 10000.0, NEX, 40, ANALYSIS_NAME, PLT_SMALL_R!_X1
SU,MAX_SU, 130000.0, AID, 1, matty, Alloy_713LC, Pressure, 10000.0, NEX, 40, ANALYSIS_NAME, PLT_SMALL_R!_X1
SU_ID,MAX_SU_ID, 113, AID, 1, matty, Alloy_713LC, Pressure, 10000.0, NEX, 40, ANALYSIS_NAME, PLT_SMALL_R!_X1
SXX,MAX_SXX, 139987.0, AID, 1, matty, Alloy_713LC, Pressure, 10000.0, NEX, 40, ANALYSIS_NAME, PLT_SMALL_R!_X1
SXX_ID,MAX_SXX_ID, 160, AID, 1, matty, Alloy_713LC, Pressure, 10000.0, NEX, 40, ANALYSIS_NAME, PLT_SMALL_R!_X1
SXY,MAX_SXY, 32039.3, AID, 1, matty, Alloy_713LC, Pressure, 10000.0, NEX, 40, ANALYSIS_NAME, PLT_SMALL_R!_X1
SXY_ID,MAX_SXY_ID, 5, AID, 1, matty, Alloy_713LC, Pressure, 10000.0, NEX, 40, ANALYSIS_NAME, PLT_SMALL_R!_X1
SY,MAX_SY, 108892.280072, AID, 1, matty, Alloy_713LC, Pressure, 10000.0, NEX, 40, ANALYSIS_NAME, PLT_SMALL_R!_X1
SY_ID,MAX_SY_ID, 113, AID, 1, matty, Alloy_713LC, Pressure, 10000.0, NEX, 40, ANALYSIS_NAME, PLT_SMALL_R!_X1
SYY,MAX_SYY, 50133.2, AID, 1, matty, Alloy_713LC, Pressure, 10000.0, NEX, 40, ANALYSIS_NAME, PLT_SMALL_R!_X1
SYY_ID,MAX_SYY_ID, 265, AID, 1, matty, Alloy_713LC, Pressure, 10000.0, NEX, 40, ANALYSIS_NAME, PLT_SMALL_R!_X1
SYZ,MAX_SYZ, 10709.9, AID, 1, matty, Alloy_713LC, Pressure, 10000.0, NEX, 40, ANALYSIS_NAME, PLT_SMALL_R!_X1
SYZ_ID,MAX_SYZ_ID, 25, AID, 1, matty, Alloy_713LC, Pressure, 10000.0, NEX, 40, ANALYSIS_NAME, PLT_SMALL_R!_X1
SZX,MAX_SZX, 13156.0, AID, 1, matty, Alloy_713LC, Pressure, 10000.0, NEX, 40, ANALYSIS_NAME, PLT_SMALL_R!_X1
SZX_ID,MAX_SZX_ID, 336, AID, 1, matty, Alloy_713LC, Pressure, 10000.0, NEX, 40, ANALYSIS_NAME, PLT_SMALL_R!_X1
SZZ,MAX_SZZ, 42666.0, AID, 1, matty, Alloy_713LC, Pressure, 10000.0, NEX, 40, ANALYSIS_NAME, PLT_SMALL_R!_X1
SZZ_ID,MAX_SZZ_ID, 265, AID, 1, matty, Alloy_713LC, Pressure, 10000.0, NEX, 40, ANALYSIS_NAME, PLT_SMALL_R!_X1
VM,MAX_VM, 120561.768275, AID, 1, matty, Alloy_713LC, Pressure, 10000.0, NEX, 40, ANALYSIS_NAME, PLT_SMALL_R!_X1
VM_ID,MAX_VM_ID, 160, AID, 1, matty, Alloy_713LC, Pressure, 10000.0, NEX, 40, ANALYSIS_NAME, PLT_SMALL_R!_X1
================================================================================
ALL,MIN_ALL, 0.0, AID, 1, matty, Alloy_713LC, Pressure, 10000.0, NEX, 40, ANALYSIS_NAME, PLT_SMALL_R!_X1
ALL_ID,MIN_ALL_ID, 193, AID, 1, matty, Alloy_713LC, Pressure, 10000.0, NEX, 40, ANALYSIS_NAME, PLT_SMALL_R!_X1
D1,MIN_D1, -0.00296464, AID, 1, matty, Alloy_713LC, Pressure, 10000.0, NEX, 40, ANALYSIS_NAME, PLT_SMALL_R!_X1
D1_ID,MIN_D1_ID, 71, AID, 1, matty, Alloy_713LC, Pressure, 10000.0, NEX, 40, ANALYSIS_NAME, PLT_SMALL_R!_X1
D2,MIN_D2, -0.000367395, AID, 1, matty, Alloy_713LC, Pressure, 10000.0, NEX, 40, ANALYSIS_NAME, PLT_SMALL_R!_X1
D2_ID,MIN_D2_ID, 147, AID, 1, matty, Alloy_713LC, Pressure, 10000.0, NEX, 40, ANALYSIS_NAME, PLT_SMALL_R!_X1
D3,MIN_D3, -0.0104877, AID, 1, matty, Alloy_713LC, Pressure, 10000.0, NEX, 40, ANALYSIS_NAME, PLT_SMALL_R!_X1
D3_ID,MIN_D3_ID, 120, AID, 1, matty, Alloy_713LC, Pressure, 10000.0, NEX, 40, ANALYSIS_NAME, PLT_SMALL_R!_X1
ID,MIN_ID, 1, AID, 1, matty, Alloy_713LC, Pressure, 10000.0, NEX, 40, ANALYSIS_NAME, PLT_SMALL_R!_X1
ID_ID,MIN_ID_ID, 1, AID, 1, matty, Alloy_713LC, Pressure, 10000.0, NEX, 40, ANALYSIS_NAME, PLT_SMALL_R!_X1
MOSU,MIN_MOSU, 0.078285445378, AID, 1, matty, Alloy_713LC, Pressure, 10000.0, NEX, 40, ANALYSIS_NAME, PLT_SMALL_R!_X1
MOSU_ID,MIN_MOSU_ID, 160, AID, 1, matty, Alloy_713LC, Pressure, 10000.0, NEX, 40, ANALYSIS_NAME, PLT_SMALL_R!_X1
MOSY,MIN_MOSY, -0.096792609881, AID, 1, matty, Alloy_713LC, Pressure, 10000.0, NEX, 40, ANALYSIS_NAME, PLT_SMALL_R!_X1
MOSY_ID,MIN_MOSY_ID, 160, AID, 1, matty, Alloy_713LC, Pressure, 10000.0, NEX, 40, ANALYSIS_NAME, PLT_SMALL_R!_X1
SFU,MIN_SFU, 1.0, AID, 1, matty, Alloy_713LC, Pressure, 10000.0, NEX, 40, ANALYSIS_NAME, PLT_SMALL_R!_X1
SFU_ID,MIN_SFU_ID, 113, AID, 1, matty, Alloy_713LC, Pressure, 10000.0, NEX, 40, ANALYSIS_NAME, PLT_SMALL_R!_X1
SFY,MIN_SFY, 1.0, AID, 1, matty, Alloy_713LC, Pressure, 10000.0, NEX, 40, ANALYSIS_NAME, PLT_SMALL_R!_X1
SFY_ID,MIN_SFY_ID, 113, AID, 1, matty, Alloy_713LC, Pressure, 10000.0, NEX, 40, ANALYSIS_NAME, PLT_SMALL_R!_X1
SU,MIN_SU, 130000.0, AID, 1, matty, Alloy_713LC, Pressure, 10000.0, NEX, 40, ANALYSIS_NAME, PLT_SMALL_R!_X1
SU_ID,MIN_SU_ID, 113, AID, 1, matty, Alloy_713LC, Pressure, 10000.0, NEX, 40, ANALYSIS_NAME, PLT_SMALL_R!_X1
SXX,MIN_SXX, -137076.0, AID, 1, matty, Alloy_713LC, Pressure, 10000.0, NEX, 40, ANALYSIS_NAME, PLT_SMALL_R!_X1
SXX_ID,MIN_SXX_ID, 364, AID, 1, matty, Alloy_713LC, Pressure, 10000.0, NEX, 40, ANALYSIS_NAME, PLT_SMALL_R!_X1
SXY,MIN_SXY, -31237.7, AID, 1, matty, Alloy_713LC, Pressure, 10000.0, NEX, 40, ANALYSIS_NAME, PLT_SMALL_R!_X1
SXY_ID,MIN_SXY_ID, 25, AID, 1, matty, Alloy_713LC, Pressure, 10000.0, NEX, 40, ANALYSIS_NAME, PLT_SMALL_R!_X1
SY,MIN_SY, 108892.280072, AID, 1, matty, Alloy_713LC, Pressure, 10000.0, NEX, 40, ANALYSIS_NAME, PLT_SMALL_R!_X1
SY_ID,MIN_SY_ID, 113, AID, 1, matty, Alloy_713LC, Pressure, 10000.0, NEX, 40, ANALYSIS_NAME, PLT_SMALL_R!_X1
SYY,MIN_SYY, -48852.8, AID, 1, matty, Alloy_713LC, Pressure, 10000.0, NEX, 40, ANALYSIS_NAME, PLT_SMALL_R!_X1
SYY_ID,MIN_SYY_ID, 259, AID, 1, matty, Alloy_713LC, Pressure, 10000.0, NEX, 40, ANALYSIS_NAME, PLT_SMALL_R!_X1
SYZ,MIN_SYZ, -11454.3, AID, 1, matty, Alloy_713LC, Pressure, 10000.0, NEX, 40, ANALYSIS_NAME, PLT_SMALL_R!_X1
SYZ_ID,MIN_SYZ_ID, 5, AID, 1, matty, Alloy_713LC, Pressure, 10000.0, NEX, 40, ANALYSIS_NAME, PLT_SMALL_R!_X1
SZX,MIN_SZX, -38792.5, AID, 1, matty, Alloy_713LC, Pressure, 10000.0, NEX, 40, ANALYSIS_NAME, PLT_SMALL_R!_X1
SZX_ID,MIN_SZX_ID, 230, AID, 1, matty, Alloy_713LC, Pressure, 10000.0, NEX, 40, ANALYSIS_NAME, PLT_SMALL_R!_X1
SZZ,MIN_SZZ, -43926.7, AID, 1, matty, Alloy_713LC, Pressure, 10000.0, NEX, 40, ANALYSIS_NAME, PLT_SMALL_R!_X1
SZZ_ID,MIN_SZZ_ID, 364, AID, 1, matty, Alloy_713LC, Pressure, 10000.0, NEX, 40, ANALYSIS_NAME, PLT_SMALL_R!_X1
VM,MIN_VM, 1144.73887956, AID, 1, matty, Alloy_713LC, Pressure, 10000.0, NEX, 40, ANALYSIS_NAME, PLT_SMALL_R!_X1
VM_ID,MIN_VM_ID, 112, AID, 1, matty, Alloy_713LC, Pressure, 10000.0, NEX, 40, ANALYSIS_NAME, PLT_SMALL_R!_X1
################################################################################



INDEPENDENT VARIABLES:
AID,1,
ANALYSIS_NAME,PLT_SMALL_R!_X1,
NEX,40,
Pressure,10000.0,
matty,Alloy_713LC,

MAX RESULTS:
ALL,0.0109497872166,
ALL_ID,110,
D1,0.00319543,
D1_ID,55,
D2,0.000372678,
D2_ID,357,
D3,0.0,
D3_ID,193,
ID,370,
ID_ID,370,
MOSU,112.563016267,
MOSU_ID,112,
MOSY,94.1241213316,
MOSY_ID,112,
SFU,1.0,
SFU_ID,113,
SFY,1.0,
SFY_ID,113,
SU,130000.0,
SU_ID,113,
SXX,139987.0,
SXX_ID,160,
SXY,32039.3,
SXY_ID,5,
SY,108892.280072,
SY_ID,113,
SYY,50133.2,
SYY_ID,265,
SYZ,10709.9,
SYZ_ID,25,
SZX,13156.0,
SZX_ID,336,
SZZ,42666.0,
SZZ_ID,265,
VM,120561.768275,
VM_ID,160,

MIN RESULTS:
ALL,0.0,
ALL_ID,193,
D1,-0.00296464,
D1_ID,71,
D2,-0.000367395,
D2_ID,147,
D3,-0.0104877,
D3_ID,120,
ID,1,
ID_ID,1,
MOSU,0.078285445378,
MOSU_ID,160,
MOSY,-0.096792609881,
MOSY_ID,160,
SFU,1.0,
SFU_ID,113,
SFY,1.0,
SFY_ID,113,
SU,130000.0,
SU_ID,113,
SXX,-137076.0,
SXX_ID,364,
SXY,-31237.7,
SXY_ID,25,
SY,108892.280072,
SY_ID,113,
SYY,-48852.8,
SYY_ID,259,
SYZ,-11454.3,
SYZ_ID,5,
SZX,-38792.5,
SZX_ID,230,
SZZ,-43926.7,
SZZ_ID,364,
VM,1144.73887956,
VM_ID,112,

AVERAGE RESULTS:
ALL,0.00339858754383,
ALL_ID,NA,
D1,4.99981803729e-05,
D1_ID,NA,
D2,4.44600291151e-05,
D2_ID,NA,
D3,-0.00318503907763,
D3_ID,NA,
ID,175.345762712,
ID_ID,NA,
MOSU,4.71558326033,
MOSU_ID,NA,
MOSY,3.80187103519,
MOSY_ID,NA,
SFU,0.91186440678,
SFU_ID,NA,
SFY,0.91186440678,
SFY_ID,NA,
SU,118542.372881,
SU_ID,NA,
SXX,284.158905763,
SXX_ID,NA,
SXY,22.6827007797,
SXY_ID,NA,
SY,99294.9943706,
SY_ID,NA,
SYY,-109.974119186,
SYY_ID,NA,
SYZ,-7.45528912542,
SYZ_ID,NA,
SZX,-10144.1878047,
SZX_ID,NA,
SZZ,-4087.56670027,
SZZ_ID,NA,
VM,38533.8948702,
VM_ID,NA,
