#, DOE RESULTS FROM ANLAYSIS "PLT_RS4"
#, THE ANALYSIS TOOK PLACE ON: Wednesday, April 3rd, 2013 at 12:49:33 PM
#, THE INPUT FILE WAS: C:\Dan\DEV\pywork\FEADOE\plt_rigid_join.py
#, PERFORMED BY: dannyt
#, ANALYSIS FILES ARE STORED IN : PLT_RS4_MODELS.zip
#
#, INDEPENDENT VARIABLES:
#,NEX,40
#,Pressure,10000.0
#,matty,Alloy_713LC

################################################################################
#, THE NUMBER OF ANALYSES IN DOE = 1
################################################################################
ALL,MAX_ALL, 0.00749170993477, AID, 1, matty, Alloy_713LC, Pressure, 10000.0, NEX, 40, ANALYSIS_NAME, PLT_RS4_X1
ALL_ID,MAX_ALL_ID, 90, AID, 1, matty, Alloy_713LC, Pressure, 10000.0, NEX, 40, ANALYSIS_NAME, PLT_RS4_X1
D1,MAX_D1, 0.00269452, AID, 1, matty, Alloy_713LC, Pressure, 10000.0, NEX, 40, ANALYSIS_NAME, PLT_RS4_X1
D1_ID,MAX_D1_ID, 316, AID, 1, matty, Alloy_713LC, Pressure, 10000.0, NEX, 40, ANALYSIS_NAME, PLT_RS4_X1
D2,MAX_D2, 0.000635515, AID, 1, matty, Alloy_713LC, Pressure, 10000.0, NEX, 40, ANALYSIS_NAME, PLT_RS4_X1
D2_ID,MAX_D2_ID, 180, AID, 1, matty, Alloy_713LC, Pressure, 10000.0, NEX, 40, ANALYSIS_NAME, PLT_RS4_X1
D3,MAX_D3, 0.0, AID, 1, matty, Alloy_713LC, Pressure, 10000.0, NEX, 40, ANALYSIS_NAME, PLT_RS4_X1
D3_ID,MAX_D3_ID, 363, AID, 1, matty, Alloy_713LC, Pressure, 10000.0, NEX, 40, ANALYSIS_NAME, PLT_RS4_X1
ID,MAX_ID, 990, AID, 1, matty, Alloy_713LC, Pressure, 10000.0, NEX, 40, ANALYSIS_NAME, PLT_RS4_X1
ID_ID,MAX_ID_ID, 990, AID, 1, matty, Alloy_713LC, Pressure, 10000.0, NEX, 40, ANALYSIS_NAME, PLT_RS4_X1
MOSU,MAX_MOSU, 28.7808497764, AID, 1, matty, Alloy_713LC, Pressure, 10000.0, NEX, 40, ANALYSIS_NAME, PLT_RS4_X1
MOSU_ID,MAX_MOSU_ID, 123, AID, 1, matty, Alloy_713LC, Pressure, 10000.0, NEX, 40, ANALYSIS_NAME, PLT_RS4_X1
MOSY,MAX_MOSY, 23.9454202664, AID, 1, matty, Alloy_713LC, Pressure, 10000.0, NEX, 40, ANALYSIS_NAME, PLT_RS4_X1
MOSY_ID,MAX_MOSY_ID, 123, AID, 1, matty, Alloy_713LC, Pressure, 10000.0, NEX, 40, ANALYSIS_NAME, PLT_RS4_X1
SFU,MAX_SFU, 1.0, AID, 1, matty, Alloy_713LC, Pressure, 10000.0, NEX, 40, ANALYSIS_NAME, PLT_RS4_X1
SFU_ID,MAX_SFU_ID, 70, AID, 1, matty, Alloy_713LC, Pressure, 10000.0, NEX, 40, ANALYSIS_NAME, PLT_RS4_X1
SFY,MAX_SFY, 1.0, AID, 1, matty, Alloy_713LC, Pressure, 10000.0, NEX, 40, ANALYSIS_NAME, PLT_RS4_X1
SFY_ID,MAX_SFY_ID, 70, AID, 1, matty, Alloy_713LC, Pressure, 10000.0, NEX, 40, ANALYSIS_NAME, PLT_RS4_X1
SU,MAX_SU, 130000.0, AID, 1, matty, Alloy_713LC, Pressure, 10000.0, NEX, 40, ANALYSIS_NAME, PLT_RS4_X1
SU_ID,MAX_SU_ID, 70, AID, 1, matty, Alloy_713LC, Pressure, 10000.0, NEX, 40, ANALYSIS_NAME, PLT_RS4_X1
SXX,MAX_SXX, 109041.0, AID, 1, matty, Alloy_713LC, Pressure, 10000.0, NEX, 40, ANALYSIS_NAME, PLT_RS4_X1
SXX_ID,MAX_SXX_ID, 720, AID, 1, matty, Alloy_713LC, Pressure, 10000.0, NEX, 40, ANALYSIS_NAME, PLT_RS4_X1
SXY,MAX_SXY, 40010.5, AID, 1, matty, Alloy_713LC, Pressure, 10000.0, NEX, 40, ANALYSIS_NAME, PLT_RS4_X1
SXY_ID,MAX_SXY_ID, 950, AID, 1, matty, Alloy_713LC, Pressure, 10000.0, NEX, 40, ANALYSIS_NAME, PLT_RS4_X1
SY,MAX_SY, 108892.280072, AID, 1, matty, Alloy_713LC, Pressure, 10000.0, NEX, 40, ANALYSIS_NAME, PLT_RS4_X1
SY_ID,MAX_SY_ID, 70, AID, 1, matty, Alloy_713LC, Pressure, 10000.0, NEX, 40, ANALYSIS_NAME, PLT_RS4_X1
SYY,MAX_SYY, 43663.4, AID, 1, matty, Alloy_713LC, Pressure, 10000.0, NEX, 40, ANALYSIS_NAME, PLT_RS4_X1
SYY_ID,MAX_SYY_ID, 720, AID, 1, matty, Alloy_713LC, Pressure, 10000.0, NEX, 40, ANALYSIS_NAME, PLT_RS4_X1
SYZ,MAX_SYZ, 21761.1, AID, 1, matty, Alloy_713LC, Pressure, 10000.0, NEX, 40, ANALYSIS_NAME, PLT_RS4_X1
SYZ_ID,MAX_SYZ_ID, 43, AID, 1, matty, Alloy_713LC, Pressure, 10000.0, NEX, 40, ANALYSIS_NAME, PLT_RS4_X1
SZX,MAX_SZX, 44899.1, AID, 1, matty, Alloy_713LC, Pressure, 10000.0, NEX, 40, ANALYSIS_NAME, PLT_RS4_X1
SZX_ID,MAX_SZX_ID, 403, AID, 1, matty, Alloy_713LC, Pressure, 10000.0, NEX, 40, ANALYSIS_NAME, PLT_RS4_X1
SZZ,MAX_SZZ, 37659.0, AID, 1, matty, Alloy_713LC, Pressure, 10000.0, NEX, 40, ANALYSIS_NAME, PLT_RS4_X1
SZZ_ID,MAX_SZZ_ID, 720, AID, 1, matty, Alloy_713LC, Pressure, 10000.0, NEX, 40, ANALYSIS_NAME, PLT_RS4_X1
VM,MAX_VM, 94303.8991274, AID, 1, matty, Alloy_713LC, Pressure, 10000.0, NEX, 40, ANALYSIS_NAME, PLT_RS4_X1
VM_ID,MAX_VM_ID, 45, AID, 1, matty, Alloy_713LC, Pressure, 10000.0, NEX, 40, ANALYSIS_NAME, PLT_RS4_X1
================================================================================
ALL,MIN_ALL, 0.0, AID, 1, matty, Alloy_713LC, Pressure, 10000.0, NEX, 40, ANALYSIS_NAME, PLT_RS4_X1
ALL_ID,MIN_ALL_ID, 363, AID, 1, matty, Alloy_713LC, Pressure, 10000.0, NEX, 40, ANALYSIS_NAME, PLT_RS4_X1
D1,MIN_D1, -0.00257876, AID, 1, matty, Alloy_713LC, Pressure, 10000.0, NEX, 40, ANALYSIS_NAME, PLT_RS4_X1
D1_ID,MIN_D1_ID, 360, AID, 1, matty, Alloy_713LC, Pressure, 10000.0, NEX, 40, ANALYSIS_NAME, PLT_RS4_X1
D2,MIN_D2, -0.000626684, AID, 1, matty, Alloy_713LC, Pressure, 10000.0, NEX, 40, ANALYSIS_NAME, PLT_RS4_X1
D2_ID,MIN_D2_ID, 140, AID, 1, matty, Alloy_713LC, Pressure, 10000.0, NEX, 40, ANALYSIS_NAME, PLT_RS4_X1
D3,MIN_D3, -0.00748378, AID, 1, matty, Alloy_713LC, Pressure, 10000.0, NEX, 40, ANALYSIS_NAME, PLT_RS4_X1
D3_ID,MIN_D3_ID, 90, AID, 1, matty, Alloy_713LC, Pressure, 10000.0, NEX, 40, ANALYSIS_NAME, PLT_RS4_X1
ID,MIN_ID, 1, AID, 1, matty, Alloy_713LC, Pressure, 10000.0, NEX, 40, ANALYSIS_NAME, PLT_RS4_X1
ID_ID,MIN_ID_ID, 1, AID, 1, matty, Alloy_713LC, Pressure, 10000.0, NEX, 40, ANALYSIS_NAME, PLT_RS4_X1
MOSU,MIN_MOSU, 0.378522003893, AID, 1, matty, Alloy_713LC, Pressure, 10000.0, NEX, 40, ANALYSIS_NAME, PLT_RS4_X1
MOSU_ID,MIN_MOSU_ID, 45, AID, 1, matty, Alloy_713LC, Pressure, 10000.0, NEX, 40, ANALYSIS_NAME, PLT_RS4_X1
MOSY,MIN_MOSY, 0.154695416409, AID, 1, matty, Alloy_713LC, Pressure, 10000.0, NEX, 40, ANALYSIS_NAME, PLT_RS4_X1
MOSY_ID,MIN_MOSY_ID, 45, AID, 1, matty, Alloy_713LC, Pressure, 10000.0, NEX, 40, ANALYSIS_NAME, PLT_RS4_X1
SFU,MIN_SFU, 1.0, AID, 1, matty, Alloy_713LC, Pressure, 10000.0, NEX, 40, ANALYSIS_NAME, PLT_RS4_X1
SFU_ID,MIN_SFU_ID, 70, AID, 1, matty, Alloy_713LC, Pressure, 10000.0, NEX, 40, ANALYSIS_NAME, PLT_RS4_X1
SFY,MIN_SFY, 1.0, AID, 1, matty, Alloy_713LC, Pressure, 10000.0, NEX, 40, ANALYSIS_NAME, PLT_RS4_X1
SFY_ID,MIN_SFY_ID, 70, AID, 1, matty, Alloy_713LC, Pressure, 10000.0, NEX, 40, ANALYSIS_NAME, PLT_RS4_X1
SU,MIN_SU, 130000.0, AID, 1, matty, Alloy_713LC, Pressure, 10000.0, NEX, 40, ANALYSIS_NAME, PLT_RS4_X1
SU_ID,MIN_SU_ID, 70, AID, 1, matty, Alloy_713LC, Pressure, 10000.0, NEX, 40, ANALYSIS_NAME, PLT_RS4_X1
SXX,MIN_SXX, -105883.0, AID, 1, matty, Alloy_713LC, Pressure, 10000.0, NEX, 40, ANALYSIS_NAME, PLT_RS4_X1
SXX_ID,MIN_SXX_ID, 716, AID, 1, matty, Alloy_713LC, Pressure, 10000.0, NEX, 40, ANALYSIS_NAME, PLT_RS4_X1
SXY,MIN_SXY, -38023.4, AID, 1, matty, Alloy_713LC, Pressure, 10000.0, NEX, 40, ANALYSIS_NAME, PLT_RS4_X1
SXY_ID,MIN_SXY_ID, 410, AID, 1, matty, Alloy_713LC, Pressure, 10000.0, NEX, 40, ANALYSIS_NAME, PLT_RS4_X1
SY,MIN_SY, 108892.280072, AID, 1, matty, Alloy_713LC, Pressure, 10000.0, NEX, 40, ANALYSIS_NAME, PLT_RS4_X1
SY_ID,MIN_SY_ID, 70, AID, 1, matty, Alloy_713LC, Pressure, 10000.0, NEX, 40, ANALYSIS_NAME, PLT_RS4_X1
SYY,MIN_SYY, -42904.2, AID, 1, matty, Alloy_713LC, Pressure, 10000.0, NEX, 40, ANALYSIS_NAME, PLT_RS4_X1
SYY_ID,MIN_SYY_ID, 716, AID, 1, matty, Alloy_713LC, Pressure, 10000.0, NEX, 40, ANALYSIS_NAME, PLT_RS4_X1
SYZ,MIN_SYZ, -21444.9, AID, 1, matty, Alloy_713LC, Pressure, 10000.0, NEX, 40, ANALYSIS_NAME, PLT_RS4_X1
SYZ_ID,MIN_SYZ_ID, 3, AID, 1, matty, Alloy_713LC, Pressure, 10000.0, NEX, 40, ANALYSIS_NAME, PLT_RS4_X1
SZX,MIN_SZX, -35826.6, AID, 1, matty, Alloy_713LC, Pressure, 10000.0, NEX, 40, ANALYSIS_NAME, PLT_RS4_X1
SZX_ID,MIN_SZX_ID, 720, AID, 1, matty, Alloy_713LC, Pressure, 10000.0, NEX, 40, ANALYSIS_NAME, PLT_RS4_X1
SZZ,MIN_SZZ, -38336.6, AID, 1, matty, Alloy_713LC, Pressure, 10000.0, NEX, 40, ANALYSIS_NAME, PLT_RS4_X1
SZZ_ID,MIN_SZZ_ID, 716, AID, 1, matty, Alloy_713LC, Pressure, 10000.0, NEX, 40, ANALYSIS_NAME, PLT_RS4_X1
VM,MIN_VM, 4365.22130752, AID, 1, matty, Alloy_713LC, Pressure, 10000.0, NEX, 40, ANALYSIS_NAME, PLT_RS4_X1
VM_ID,MIN_VM_ID, 123, AID, 1, matty, Alloy_713LC, Pressure, 10000.0, NEX, 40, ANALYSIS_NAME, PLT_RS4_X1
################################################################################



INDEPENDENT VARIABLES:
AID,1,
ANALYSIS_NAME,PLT_RS4_X1,
NEX,40,
Pressure,10000.0,
matty,Alloy_713LC,

MAX RESULTS:
ALL,0.00749170993477,
ALL_ID,90,
D1,0.00269452,
D1_ID,316,
D2,0.000635515,
D2_ID,180,
D3,0.0,
D3_ID,363,
ID,990,
ID_ID,990,
MOSU,28.7808497764,
MOSU_ID,123,
MOSY,23.9454202664,
MOSY_ID,123,
SFU,1.0,
SFU_ID,70,
SFY,1.0,
SFY_ID,70,
SU,130000.0,
SU_ID,70,
SXX,109041.0,
SXX_ID,720,
SXY,40010.5,
SXY_ID,950,
SY,108892.280072,
SY_ID,70,
SYY,43663.4,
SYY_ID,720,
SYZ,21761.1,
SYZ_ID,43,
SZX,44899.1,
SZX_ID,403,
SZZ,37659.0,
SZZ_ID,720,
VM,94303.8991274,
VM_ID,45,

MIN RESULTS:
ALL,0.0,
ALL_ID,363,
D1,-0.00257876,
D1_ID,360,
D2,-0.000626684,
D2_ID,140,
D3,-0.00748378,
D3_ID,90,
ID,1,
ID_ID,1,
MOSU,0.378522003893,
MOSU_ID,45,
MOSY,0.154695416409,
MOSY_ID,45,
SFU,1.0,
SFU_ID,70,
SFY,1.0,
SFY_ID,70,
SU,130000.0,
SU_ID,70,
SXX,-105883.0,
SXX_ID,716,
SXY,-38023.4,
SXY_ID,410,
SY,108892.280072,
SY_ID,70,
SYY,-42904.2,
SYY_ID,716,
SYZ,-21444.9,
SYZ_ID,3,
SZX,-35826.6,
SZX_ID,720,
SZZ,-38336.6,
SZZ_ID,716,
VM,4365.22130752,
VM_ID,123,

AVERAGE RESULTS:
ALL,0.00374629748766,
ALL_ID,NA,
D1,2.6966401839e-05,
D1_ID,NA,
D2,-9.28530990649e-07,
D2_ID,NA,
D3,-0.00356857537494,
D3_ID,NA,
ID,467.980519481,
ID_ID,NA,
MOSU,3.35287034473,
MOSU_ID,NA,
MOSY,2.66297681967,
MOSY_ID,NA,
SFU,0.896103896104,
SFU_ID,NA,
SFY,0.896103896104,
SFY_ID,NA,
SU,116493.506494,
SU_ID,NA,
SXX,-850.072783779,
SXX_ID,NA,
SXY,-28.1689127273,
SXY_ID,NA,
SY,97578.796428,
SY_ID,NA,
SYY,-256.818226494,
SYY_ID,NA,
SYZ,6.16719973881,
SYZ_ID,NA,
SZX,-4983.95674013,
SZX_ID,NA,
SZZ,-4107.49541432,
SZZ_ID,NA,
VM,33847.3821745,
VM_ID,NA,
