#, DOE RESULTS FROM ANLAYSIS "PLAYGROUND_HINGE"
#, THE ANALYSIS TOOK PLACE ON: Friday, April 19th, 2013 at 10:31:06 AM
#, THE INPUT FILE WAS: C:\Dan\DEV\pywork\FEADOE\playground_HINGE.py
#, PERFORMED BY: dannyt
#, ANALYSIS FILES ARE STORED IN : PLAYGROUND_HINGE_MODELS.zip
#
#, INDEPENDENT VARIABLES:
#,Pressure,-10000.0
#,matty,Alloy_713LC

################################################################################
#, THE NUMBER OF ANALYSES IN DOE = 1
################################################################################
ALL,MAX_ALL, 0.0922050678973, AID, 1, Pressure, -10000.0, matty, Alloy_713LC, ANALYSIS_NAME, PLAYGROUND_HINGE_X1
ALL_ID,MAX_ALL_ID, 168, AID, 1, Pressure, -10000.0, matty, Alloy_713LC, ANALYSIS_NAME, PLAYGROUND_HINGE_X1
D1,MAX_D1, 0.092205, AID, 1, Pressure, -10000.0, matty, Alloy_713LC, ANALYSIS_NAME, PLAYGROUND_HINGE_X1
D1_ID,MAX_D1_ID, 168, AID, 1, Pressure, -10000.0, matty, Alloy_713LC, ANALYSIS_NAME, PLAYGROUND_HINGE_X1
D2,MAX_D2, 0.00128996, AID, 1, Pressure, -10000.0, matty, Alloy_713LC, ANALYSIS_NAME, PLAYGROUND_HINGE_X1
D2_ID,MAX_D2_ID, 4, AID, 1, Pressure, -10000.0, matty, Alloy_713LC, ANALYSIS_NAME, PLAYGROUND_HINGE_X1
D3,MAX_D3, 0.0164511, AID, 1, Pressure, -10000.0, matty, Alloy_713LC, ANALYSIS_NAME, PLAYGROUND_HINGE_X1
D3_ID,MAX_D3_ID, 77, AID, 1, Pressure, -10000.0, matty, Alloy_713LC, ANALYSIS_NAME, PLAYGROUND_HINGE_X1
ID,MAX_ID, 178, AID, 1, Pressure, -10000.0, matty, Alloy_713LC, ANALYSIS_NAME, PLAYGROUND_HINGE_X1
ID_ID,MAX_ID_ID, 178, AID, 1, Pressure, -10000.0, matty, Alloy_713LC, ANALYSIS_NAME, PLAYGROUND_HINGE_X1
MOSU,MAX_MOSU, 27.9698013235, AID, 1, Pressure, -10000.0, matty, Alloy_713LC, ANALYSIS_NAME, PLAYGROUND_HINGE_X1
MOSU_ID,MAX_MOSU_ID, 50, AID, 1, Pressure, -10000.0, matty, Alloy_713LC, ANALYSIS_NAME, PLAYGROUND_HINGE_X1
MOSY,MAX_MOSY, 23.2660593795, AID, 1, Pressure, -10000.0, matty, Alloy_713LC, ANALYSIS_NAME, PLAYGROUND_HINGE_X1
MOSY_ID,MAX_MOSY_ID, 50, AID, 1, Pressure, -10000.0, matty, Alloy_713LC, ANALYSIS_NAME, PLAYGROUND_HINGE_X1
SFU,MAX_SFU, 1.0, AID, 1, Pressure, -10000.0, matty, Alloy_713LC, ANALYSIS_NAME, PLAYGROUND_HINGE_X1
SFU_ID,MAX_SFU_ID, 79, AID, 1, Pressure, -10000.0, matty, Alloy_713LC, ANALYSIS_NAME, PLAYGROUND_HINGE_X1
SFY,MAX_SFY, 1.0, AID, 1, Pressure, -10000.0, matty, Alloy_713LC, ANALYSIS_NAME, PLAYGROUND_HINGE_X1
SFY_ID,MAX_SFY_ID, 79, AID, 1, Pressure, -10000.0, matty, Alloy_713LC, ANALYSIS_NAME, PLAYGROUND_HINGE_X1
SU,MAX_SU, 130000.0, AID, 1, Pressure, -10000.0, matty, Alloy_713LC, ANALYSIS_NAME, PLAYGROUND_HINGE_X1
SU_ID,MAX_SU_ID, 79, AID, 1, Pressure, -10000.0, matty, Alloy_713LC, ANALYSIS_NAME, PLAYGROUND_HINGE_X1
SXX,MAX_SXX, 53866.9, AID, 1, Pressure, -10000.0, matty, Alloy_713LC, ANALYSIS_NAME, PLAYGROUND_HINGE_X1
SXX_ID,MAX_SXX_ID, 21, AID, 1, Pressure, -10000.0, matty, Alloy_713LC, ANALYSIS_NAME, PLAYGROUND_HINGE_X1
SXY,MAX_SXY, 12060.4, AID, 1, Pressure, -10000.0, matty, Alloy_713LC, ANALYSIS_NAME, PLAYGROUND_HINGE_X1
SXY_ID,MAX_SXY_ID, 21, AID, 1, Pressure, -10000.0, matty, Alloy_713LC, ANALYSIS_NAME, PLAYGROUND_HINGE_X1
SY,MAX_SY, 108892.280072, AID, 1, Pressure, -10000.0, matty, Alloy_713LC, ANALYSIS_NAME, PLAYGROUND_HINGE_X1
SY_ID,MAX_SY_ID, 79, AID, 1, Pressure, -10000.0, matty, Alloy_713LC, ANALYSIS_NAME, PLAYGROUND_HINGE_X1
SYY,MAX_SYY, 44201.5, AID, 1, Pressure, -10000.0, matty, Alloy_713LC, ANALYSIS_NAME, PLAYGROUND_HINGE_X1
SYY_ID,MAX_SYY_ID, 21, AID, 1, Pressure, -10000.0, matty, Alloy_713LC, ANALYSIS_NAME, PLAYGROUND_HINGE_X1
SYZ,MAX_SYZ, 26180.7, AID, 1, Pressure, -10000.0, matty, Alloy_713LC, ANALYSIS_NAME, PLAYGROUND_HINGE_X1
SYZ_ID,MAX_SYZ_ID, 21, AID, 1, Pressure, -10000.0, matty, Alloy_713LC, ANALYSIS_NAME, PLAYGROUND_HINGE_X1
SZX,MAX_SZX, 5903.34, AID, 1, Pressure, -10000.0, matty, Alloy_713LC, ANALYSIS_NAME, PLAYGROUND_HINGE_X1
SZX_ID,MAX_SZX_ID, 55, AID, 1, Pressure, -10000.0, matty, Alloy_713LC, ANALYSIS_NAME, PLAYGROUND_HINGE_X1
SZZ,MAX_SZZ, 253901.0, AID, 1, Pressure, -10000.0, matty, Alloy_713LC, ANALYSIS_NAME, PLAYGROUND_HINGE_X1
SZZ_ID,MAX_SZZ_ID, 21, AID, 1, Pressure, -10000.0, matty, Alloy_713LC, ANALYSIS_NAME, PLAYGROUND_HINGE_X1
VM,MAX_VM, 212155.983838, AID, 1, Pressure, -10000.0, matty, Alloy_713LC, ANALYSIS_NAME, PLAYGROUND_HINGE_X1
VM_ID,MAX_VM_ID, 21, AID, 1, Pressure, -10000.0, matty, Alloy_713LC, ANALYSIS_NAME, PLAYGROUND_HINGE_X1
================================================================================
ALL,MIN_ALL, 0.0, AID, 1, Pressure, -10000.0, matty, Alloy_713LC, ANALYSIS_NAME, PLAYGROUND_HINGE_X1
ALL_ID,MIN_ALL_ID, 34, AID, 1, Pressure, -10000.0, matty, Alloy_713LC, ANALYSIS_NAME, PLAYGROUND_HINGE_X1
D1,MIN_D1, 0.0, AID, 1, Pressure, -10000.0, matty, Alloy_713LC, ANALYSIS_NAME, PLAYGROUND_HINGE_X1
D1_ID,MIN_D1_ID, 34, AID, 1, Pressure, -10000.0, matty, Alloy_713LC, ANALYSIS_NAME, PLAYGROUND_HINGE_X1
D2,MIN_D2, -0.00128996, AID, 1, Pressure, -10000.0, matty, Alloy_713LC, ANALYSIS_NAME, PLAYGROUND_HINGE_X1
D2_ID,MIN_D2_ID, 20, AID, 1, Pressure, -10000.0, matty, Alloy_713LC, ANALYSIS_NAME, PLAYGROUND_HINGE_X1
D3,MIN_D3, -0.016439, AID, 1, Pressure, -10000.0, matty, Alloy_713LC, ANALYSIS_NAME, PLAYGROUND_HINGE_X1
D3_ID,MIN_D3_ID, 9, AID, 1, Pressure, -10000.0, matty, Alloy_713LC, ANALYSIS_NAME, PLAYGROUND_HINGE_X1
ID,MIN_ID, 1, AID, 1, Pressure, -10000.0, matty, Alloy_713LC, ANALYSIS_NAME, PLAYGROUND_HINGE_X1
ID_ID,MIN_ID_ID, 1, AID, 1, Pressure, -10000.0, matty, Alloy_713LC, ANALYSIS_NAME, PLAYGROUND_HINGE_X1
MOSU,MIN_MOSU, -0.387243302553, AID, 1, Pressure, -10000.0, matty, Alloy_713LC, ANALYSIS_NAME, PLAYGROUND_HINGE_X1
MOSU_ID,MIN_MOSU_ID, 21, AID, 1, Pressure, -10000.0, matty, Alloy_713LC, ANALYSIS_NAME, PLAYGROUND_HINGE_X1
MOSY,MIN_MOSY, -0.486734816044, AID, 1, Pressure, -10000.0, matty, Alloy_713LC, ANALYSIS_NAME, PLAYGROUND_HINGE_X1
MOSY_ID,MIN_MOSY_ID, 21, AID, 1, Pressure, -10000.0, matty, Alloy_713LC, ANALYSIS_NAME, PLAYGROUND_HINGE_X1
SFU,MIN_SFU, 1.0, AID, 1, Pressure, -10000.0, matty, Alloy_713LC, ANALYSIS_NAME, PLAYGROUND_HINGE_X1
SFU_ID,MIN_SFU_ID, 79, AID, 1, Pressure, -10000.0, matty, Alloy_713LC, ANALYSIS_NAME, PLAYGROUND_HINGE_X1
SFY,MIN_SFY, 1.0, AID, 1, Pressure, -10000.0, matty, Alloy_713LC, ANALYSIS_NAME, PLAYGROUND_HINGE_X1
SFY_ID,MIN_SFY_ID, 79, AID, 1, Pressure, -10000.0, matty, Alloy_713LC, ANALYSIS_NAME, PLAYGROUND_HINGE_X1
SU,MIN_SU, 130000.0, AID, 1, Pressure, -10000.0, matty, Alloy_713LC, ANALYSIS_NAME, PLAYGROUND_HINGE_X1
SU_ID,MIN_SU_ID, 79, AID, 1, Pressure, -10000.0, matty, Alloy_713LC, ANALYSIS_NAME, PLAYGROUND_HINGE_X1
SXX,MIN_SXX, -54070.2, AID, 1, Pressure, -10000.0, matty, Alloy_713LC, ANALYSIS_NAME, PLAYGROUND_HINGE_X1
SXX_ID,MIN_SXX_ID, 73, AID, 1, Pressure, -10000.0, matty, Alloy_713LC, ANALYSIS_NAME, PLAYGROUND_HINGE_X1
SXY,MIN_SXY, -12060.4, AID, 1, Pressure, -10000.0, matty, Alloy_713LC, ANALYSIS_NAME, PLAYGROUND_HINGE_X1
SXY_ID,MIN_SXY_ID, 5, AID, 1, Pressure, -10000.0, matty, Alloy_713LC, ANALYSIS_NAME, PLAYGROUND_HINGE_X1
SY,MIN_SY, 108892.280072, AID, 1, Pressure, -10000.0, matty, Alloy_713LC, ANALYSIS_NAME, PLAYGROUND_HINGE_X1
SY_ID,MIN_SY_ID, 79, AID, 1, Pressure, -10000.0, matty, Alloy_713LC, ANALYSIS_NAME, PLAYGROUND_HINGE_X1
SYY,MIN_SYY, -44576.9, AID, 1, Pressure, -10000.0, matty, Alloy_713LC, ANALYSIS_NAME, PLAYGROUND_HINGE_X1
SYY_ID,MIN_SYY_ID, 73, AID, 1, Pressure, -10000.0, matty, Alloy_713LC, ANALYSIS_NAME, PLAYGROUND_HINGE_X1
SYZ,MIN_SYZ, -26180.7, AID, 1, Pressure, -10000.0, matty, Alloy_713LC, ANALYSIS_NAME, PLAYGROUND_HINGE_X1
SYZ_ID,MIN_SYZ_ID, 5, AID, 1, Pressure, -10000.0, matty, Alloy_713LC, ANALYSIS_NAME, PLAYGROUND_HINGE_X1
SZX,MIN_SZX, -25947.3, AID, 1, Pressure, -10000.0, matty, Alloy_713LC, ANALYSIS_NAME, PLAYGROUND_HINGE_X1
SZX_ID,MIN_SZX_ID, 81, AID, 1, Pressure, -10000.0, matty, Alloy_713LC, ANALYSIS_NAME, PLAYGROUND_HINGE_X1
SZZ,MIN_SZZ, -254096.0, AID, 1, Pressure, -10000.0, matty, Alloy_713LC, ANALYSIS_NAME, PLAYGROUND_HINGE_X1
SZZ_ID,MIN_SZZ_ID, 73, AID, 1, Pressure, -10000.0, matty, Alloy_713LC, ANALYSIS_NAME, PLAYGROUND_HINGE_X1
VM,MIN_VM, 4487.43153425, AID, 1, Pressure, -10000.0, matty, Alloy_713LC, ANALYSIS_NAME, PLAYGROUND_HINGE_X1
VM_ID,MIN_VM_ID, 50, AID, 1, Pressure, -10000.0, matty, Alloy_713LC, ANALYSIS_NAME, PLAYGROUND_HINGE_X1
################################################################################



INDEPENDENT VARIABLES:
AID,1,
ANALYSIS_NAME,PLAYGROUND_HINGE_X1,
Pressure,-10000.0,
matty,Alloy_713LC,

MAX RESULTS:
ALL,0.0922050678973,
ALL_ID,168,
D1,0.092205,
D1_ID,168,
D2,0.00128996,
D2_ID,4,
D3,0.0164511,
D3_ID,77,
ID,178,
ID_ID,178,
MOSU,27.9698013235,
MOSU_ID,50,
MOSY,23.2660593795,
MOSY_ID,50,
SFU,1.0,
SFU_ID,79,
SFY,1.0,
SFY_ID,79,
SU,130000.0,
SU_ID,79,
SXX,53866.9,
SXX_ID,21,
SXY,12060.4,
SXY_ID,21,
SY,108892.280072,
SY_ID,79,
SYY,44201.5,
SYY_ID,21,
SYZ,26180.7,
SYZ_ID,21,
SZX,5903.34,
SZX_ID,55,
SZZ,253901.0,
SZZ_ID,21,
VM,212155.983838,
VM_ID,21,

MIN RESULTS:
ALL,0.0,
ALL_ID,34,
D1,0.0,
D1_ID,34,
D2,-0.00128996,
D2_ID,20,
D3,-0.016439,
D3_ID,9,
ID,1,
ID_ID,1,
MOSU,-0.387243302553,
MOSU_ID,21,
MOSY,-0.486734816044,
MOSY_ID,21,
SFU,1.0,
SFU_ID,79,
SFY,1.0,
SFY_ID,79,
SU,130000.0,
SU_ID,79,
SXX,-54070.2,
SXX_ID,73,
SXY,-12060.4,
SXY_ID,5,
SY,108892.280072,
SY_ID,79,
SYY,-44576.9,
SYY_ID,73,
SYZ,-26180.7,
SYZ_ID,5,
SZX,-25947.3,
SZX_ID,81,
SZZ,-254096.0,
SZZ_ID,73,
VM,4487.43153425,
VM_ID,50,

AVERAGE RESULTS:
ALL,0.0619370526082,
ALL_ID,NA,
D1,0.0615611041753,
D1_ID,NA,
D2,2.30288069858e-15,
D2_ID,NA,
D3,-3.07337885876e-05,
D3_ID,NA,
ID,85.7886597938,
ID_ID,NA,
MOSU,7.2781409837,
MOSU_ID,NA,
MOSY,5.94743453347,
MOSY_ID,NA,
SFU,0.917525773196,
SFU_ID,NA,
SFY,0.917525773196,
SFY_ID,NA,
SU,119278.350515,
SU_ID,NA,
SXX,4475.46761711,
SXX_ID,NA,
SXY,2.16611617532e-10,
SXY_ID,NA,
SY,99911.473468,
SY_ID,NA,
SYY,-34.9720173196,
SYY_ID,NA,
SYZ,-2.82065176771e-10,
SYZ_ID,NA,
SZX,-3621.42285543,
SZX_ID,NA,
SZZ,-1.47081371134,
SZZ_ID,NA,
VM,40371.0580068,
VM_ID,NA,
