#, DOE RESULTS FROM ANLAYSIS "PLAYGROUND_HINGE"
#, THE ANALYSIS TOOK PLACE ON: Tuesday, April 16th, 2013 at 02:46:29 PM
#, THE INPUT FILE WAS: C:\Dan\DEV\pywork\FEADOE\playground_HINGE.py
#, PERFORMED BY: dannyt
#, ANALYSIS FILES ARE STORED IN : PLAYGROUND_HINGE_MODELS.zip
#
#, INDEPENDENT VARIABLES:
#,Pressure,-10000.0
#,matty,Alloy_713LC

################################################################################
#, THE NUMBER OF ANALYSES IN DOE = 1
################################################################################
ALL,MAX_ALL, 0.0927460727579, AID, 1, Pressure, -10000.0, matty, Alloy_713LC, ANALYSIS_NAME, PLAYGROUND_HINGE_X1
ALL_ID,MAX_ALL_ID, 566, AID, 1, Pressure, -10000.0, matty, Alloy_713LC, ANALYSIS_NAME, PLAYGROUND_HINGE_X1
D1,MAX_D1, 0.092746, AID, 1, Pressure, -10000.0, matty, Alloy_713LC, ANALYSIS_NAME, PLAYGROUND_HINGE_X1
D1_ID,MAX_D1_ID, 566, AID, 1, Pressure, -10000.0, matty, Alloy_713LC, ANALYSIS_NAME, PLAYGROUND_HINGE_X1
D2,MAX_D2, 0.00100242, AID, 1, Pressure, -10000.0, matty, Alloy_713LC, ANALYSIS_NAME, PLAYGROUND_HINGE_X1
D2_ID,MAX_D2_ID, 14, AID, 1, Pressure, -10000.0, matty, Alloy_713LC, ANALYSIS_NAME, PLAYGROUND_HINGE_X1
D3,MAX_D3, 0.0163205, AID, 1, Pressure, -10000.0, matty, Alloy_713LC, ANALYSIS_NAME, PLAYGROUND_HINGE_X1
D3_ID,MAX_D3_ID, 252, AID, 1, Pressure, -10000.0, matty, Alloy_713LC, ANALYSIS_NAME, PLAYGROUND_HINGE_X1
ID,MAX_ID, 586, AID, 1, Pressure, -10000.0, matty, Alloy_713LC, ANALYSIS_NAME, PLAYGROUND_HINGE_X1
ID_ID,MAX_ID_ID, 586, AID, 1, Pressure, -10000.0, matty, Alloy_713LC, ANALYSIS_NAME, PLAYGROUND_HINGE_X1
MOSU,MAX_MOSU, 27.7540155408, AID, 1, Pressure, -10000.0, matty, Alloy_713LC, ANALYSIS_NAME, PLAYGROUND_HINGE_X1
MOSU_ID,MAX_MOSU_ID, 325, AID, 1, Pressure, -10000.0, matty, Alloy_713LC, ANALYSIS_NAME, PLAYGROUND_HINGE_X1
MOSY,MAX_MOSY, 23.0853101036, AID, 1, Pressure, -10000.0, matty, Alloy_713LC, ANALYSIS_NAME, PLAYGROUND_HINGE_X1
MOSY_ID,MAX_MOSY_ID, 325, AID, 1, Pressure, -10000.0, matty, Alloy_713LC, ANALYSIS_NAME, PLAYGROUND_HINGE_X1
SFU,MAX_SFU, 1.0, AID, 1, Pressure, -10000.0, matty, Alloy_713LC, ANALYSIS_NAME, PLAYGROUND_HINGE_X1
SFU_ID,MAX_SFU_ID, 131, AID, 1, Pressure, -10000.0, matty, Alloy_713LC, ANALYSIS_NAME, PLAYGROUND_HINGE_X1
SFY,MAX_SFY, 1.0, AID, 1, Pressure, -10000.0, matty, Alloy_713LC, ANALYSIS_NAME, PLAYGROUND_HINGE_X1
SFY_ID,MAX_SFY_ID, 131, AID, 1, Pressure, -10000.0, matty, Alloy_713LC, ANALYSIS_NAME, PLAYGROUND_HINGE_X1
SU,MAX_SU, 130000.0, AID, 1, Pressure, -10000.0, matty, Alloy_713LC, ANALYSIS_NAME, PLAYGROUND_HINGE_X1
SU_ID,MAX_SU_ID, 131, AID, 1, Pressure, -10000.0, matty, Alloy_713LC, ANALYSIS_NAME, PLAYGROUND_HINGE_X1
SXX,MAX_SXX, 88426.8, AID, 1, Pressure, -10000.0, matty, Alloy_713LC, ANALYSIS_NAME, PLAYGROUND_HINGE_X1
SXX_ID,MAX_SXX_ID, 17, AID, 1, Pressure, -10000.0, matty, Alloy_713LC, ANALYSIS_NAME, PLAYGROUND_HINGE_X1
SXY,MAX_SXY, 4922.44, AID, 1, Pressure, -10000.0, matty, Alloy_713LC, ANALYSIS_NAME, PLAYGROUND_HINGE_X1
SXY_ID,MAX_SXY_ID, 69, AID, 1, Pressure, -10000.0, matty, Alloy_713LC, ANALYSIS_NAME, PLAYGROUND_HINGE_X1
SY,MAX_SY, 108892.280072, AID, 1, Pressure, -10000.0, matty, Alloy_713LC, ANALYSIS_NAME, PLAYGROUND_HINGE_X1
SY_ID,MAX_SY_ID, 131, AID, 1, Pressure, -10000.0, matty, Alloy_713LC, ANALYSIS_NAME, PLAYGROUND_HINGE_X1
SYY,MAX_SYY, 89417.9, AID, 1, Pressure, -10000.0, matty, Alloy_713LC, ANALYSIS_NAME, PLAYGROUND_HINGE_X1
SYY_ID,MAX_SYY_ID, 17, AID, 1, Pressure, -10000.0, matty, Alloy_713LC, ANALYSIS_NAME, PLAYGROUND_HINGE_X1
SYZ,MAX_SYZ, 57139.7, AID, 1, Pressure, -10000.0, matty, Alloy_713LC, ANALYSIS_NAME, PLAYGROUND_HINGE_X1
SYZ_ID,MAX_SYZ_ID, 69, AID, 1, Pressure, -10000.0, matty, Alloy_713LC, ANALYSIS_NAME, PLAYGROUND_HINGE_X1
SZX,MAX_SZX, 25309.4, AID, 1, Pressure, -10000.0, matty, Alloy_713LC, ANALYSIS_NAME, PLAYGROUND_HINGE_X1
SZX_ID,MAX_SZX_ID, 181, AID, 1, Pressure, -10000.0, matty, Alloy_713LC, ANALYSIS_NAME, PLAYGROUND_HINGE_X1
SZZ,MAX_SZZ, 263444.0, AID, 1, Pressure, -10000.0, matty, Alloy_713LC, ANALYSIS_NAME, PLAYGROUND_HINGE_X1
SZZ_ID,MAX_SZZ_ID, 17, AID, 1, Pressure, -10000.0, matty, Alloy_713LC, ANALYSIS_NAME, PLAYGROUND_HINGE_X1
VM,MAX_VM, 226896.418691, AID, 1, Pressure, -10000.0, matty, Alloy_713LC, ANALYSIS_NAME, PLAYGROUND_HINGE_X1
VM_ID,MAX_VM_ID, 265, AID, 1, Pressure, -10000.0, matty, Alloy_713LC, ANALYSIS_NAME, PLAYGROUND_HINGE_X1
================================================================================
ALL,MIN_ALL, 0.0, AID, 1, Pressure, -10000.0, matty, Alloy_713LC, ANALYSIS_NAME, PLAYGROUND_HINGE_X1
ALL_ID,MIN_ALL_ID, 52, AID, 1, Pressure, -10000.0, matty, Alloy_713LC, ANALYSIS_NAME, PLAYGROUND_HINGE_X1
D1,MIN_D1, 0.0, AID, 1, Pressure, -10000.0, matty, Alloy_713LC, ANALYSIS_NAME, PLAYGROUND_HINGE_X1
D1_ID,MIN_D1_ID, 52, AID, 1, Pressure, -10000.0, matty, Alloy_713LC, ANALYSIS_NAME, PLAYGROUND_HINGE_X1
D2,MIN_D2, -0.00100242, AID, 1, Pressure, -10000.0, matty, Alloy_713LC, ANALYSIS_NAME, PLAYGROUND_HINGE_X1
D2_ID,MIN_D2_ID, 66, AID, 1, Pressure, -10000.0, matty, Alloy_713LC, ANALYSIS_NAME, PLAYGROUND_HINGE_X1
D3,MIN_D3, -0.0163153, AID, 1, Pressure, -10000.0, matty, Alloy_713LC, ANALYSIS_NAME, PLAYGROUND_HINGE_X1
D3_ID,MIN_D3_ID, 28, AID, 1, Pressure, -10000.0, matty, Alloy_713LC, ANALYSIS_NAME, PLAYGROUND_HINGE_X1
ID,MIN_ID, 1, AID, 1, Pressure, -10000.0, matty, Alloy_713LC, ANALYSIS_NAME, PLAYGROUND_HINGE_X1
ID_ID,MIN_ID_ID, 1, AID, 1, Pressure, -10000.0, matty, Alloy_713LC, ANALYSIS_NAME, PLAYGROUND_HINGE_X1
MOSU,MIN_MOSU, -0.427051335803, AID, 1, Pressure, -10000.0, matty, Alloy_713LC, ANALYSIS_NAME, PLAYGROUND_HINGE_X1
MOSU_ID,MIN_MOSU_ID, 265, AID, 1, Pressure, -10000.0, matty, Alloy_713LC, ANALYSIS_NAME, PLAYGROUND_HINGE_X1
MOSY,MIN_MOSY, -0.520079335319, AID, 1, Pressure, -10000.0, matty, Alloy_713LC, ANALYSIS_NAME, PLAYGROUND_HINGE_X1
MOSY_ID,MIN_MOSY_ID, 265, AID, 1, Pressure, -10000.0, matty, Alloy_713LC, ANALYSIS_NAME, PLAYGROUND_HINGE_X1
SFU,MIN_SFU, 1.0, AID, 1, Pressure, -10000.0, matty, Alloy_713LC, ANALYSIS_NAME, PLAYGROUND_HINGE_X1
SFU_ID,MIN_SFU_ID, 131, AID, 1, Pressure, -10000.0, matty, Alloy_713LC, ANALYSIS_NAME, PLAYGROUND_HINGE_X1
SFY,MIN_SFY, 1.0, AID, 1, Pressure, -10000.0, matty, Alloy_713LC, ANALYSIS_NAME, PLAYGROUND_HINGE_X1
SFY_ID,MIN_SFY_ID, 131, AID, 1, Pressure, -10000.0, matty, Alloy_713LC, ANALYSIS_NAME, PLAYGROUND_HINGE_X1
SU,MIN_SU, 130000.0, AID, 1, Pressure, -10000.0, matty, Alloy_713LC, ANALYSIS_NAME, PLAYGROUND_HINGE_X1
SU_ID,MIN_SU_ID, 131, AID, 1, Pressure, -10000.0, matty, Alloy_713LC, ANALYSIS_NAME, PLAYGROUND_HINGE_X1
SXX,MIN_SXX, -88426.8, AID, 1, Pressure, -10000.0, matty, Alloy_713LC, ANALYSIS_NAME, PLAYGROUND_HINGE_X1
SXX_ID,MIN_SXX_ID, 293, AID, 1, Pressure, -10000.0, matty, Alloy_713LC, ANALYSIS_NAME, PLAYGROUND_HINGE_X1
SXY,MIN_SXY, -4922.44, AID, 1, Pressure, -10000.0, matty, Alloy_713LC, ANALYSIS_NAME, PLAYGROUND_HINGE_X1
SXY_ID,MIN_SXY_ID, 17, AID, 1, Pressure, -10000.0, matty, Alloy_713LC, ANALYSIS_NAME, PLAYGROUND_HINGE_X1
SY,MIN_SY, 108892.280072, AID, 1, Pressure, -10000.0, matty, Alloy_713LC, ANALYSIS_NAME, PLAYGROUND_HINGE_X1
SY_ID,MIN_SY_ID, 131, AID, 1, Pressure, -10000.0, matty, Alloy_713LC, ANALYSIS_NAME, PLAYGROUND_HINGE_X1
SYY,MIN_SYY, -89417.9, AID, 1, Pressure, -10000.0, matty, Alloy_713LC, ANALYSIS_NAME, PLAYGROUND_HINGE_X1
SYY_ID,MIN_SYY_ID, 293, AID, 1, Pressure, -10000.0, matty, Alloy_713LC, ANALYSIS_NAME, PLAYGROUND_HINGE_X1
SYZ,MIN_SYZ, -57139.7, AID, 1, Pressure, -10000.0, matty, Alloy_713LC, ANALYSIS_NAME, PLAYGROUND_HINGE_X1
SYZ_ID,MIN_SYZ_ID, 17, AID, 1, Pressure, -10000.0, matty, Alloy_713LC, ANALYSIS_NAME, PLAYGROUND_HINGE_X1
SZX,MIN_SZX, -44255.6, AID, 1, Pressure, -10000.0, matty, Alloy_713LC, ANALYSIS_NAME, PLAYGROUND_HINGE_X1
SZX_ID,MIN_SZX_ID, 267, AID, 1, Pressure, -10000.0, matty, Alloy_713LC, ANALYSIS_NAME, PLAYGROUND_HINGE_X1
SZZ,MIN_SZZ, -263444.0, AID, 1, Pressure, -10000.0, matty, Alloy_713LC, ANALYSIS_NAME, PLAYGROUND_HINGE_X1
SZZ_ID,MIN_SZZ_ID, 293, AID, 1, Pressure, -10000.0, matty, Alloy_713LC, ANALYSIS_NAME, PLAYGROUND_HINGE_X1
VM,MIN_VM, 4521.10766287, AID, 1, Pressure, -10000.0, matty, Alloy_713LC, ANALYSIS_NAME, PLAYGROUND_HINGE_X1
VM_ID,MIN_VM_ID, 325, AID, 1, Pressure, -10000.0, matty, Alloy_713LC, ANALYSIS_NAME, PLAYGROUND_HINGE_X1
################################################################################



INDEPENDENT VARIABLES:
AID,1,
ANALYSIS_NAME,PLAYGROUND_HINGE_X1,
Pressure,-10000.0,
matty,Alloy_713LC,

MAX RESULTS:
ALL,0.0927460727579,
ALL_ID,566,
D1,0.092746,
D1_ID,566,
D2,0.00100242,
D2_ID,14,
D3,0.0163205,
D3_ID,252,
ID,586,
ID_ID,586,
MOSU,27.7540155408,
MOSU_ID,325,
MOSY,23.0853101036,
MOSY_ID,325,
SFU,1.0,
SFU_ID,131,
SFY,1.0,
SFY_ID,131,
SU,130000.0,
SU_ID,131,
SXX,88426.8,
SXX_ID,17,
SXY,4922.44,
SXY_ID,69,
SY,108892.280072,
SY_ID,131,
SYY,89417.9,
SYY_ID,17,
SYZ,57139.7,
SYZ_ID,69,
SZX,25309.4,
SZX_ID,181,
SZZ,263444.0,
SZZ_ID,17,
VM,226896.418691,
VM_ID,265,

MIN RESULTS:
ALL,0.0,
ALL_ID,52,
D1,0.0,
D1_ID,52,
D2,-0.00100242,
D2_ID,66,
D3,-0.0163153,
D3_ID,28,
ID,1,
ID_ID,1,
MOSU,-0.427051335803,
MOSU_ID,265,
MOSY,-0.520079335319,
MOSY_ID,265,
SFU,1.0,
SFU_ID,131,
SFY,1.0,
SFY_ID,131,
SU,130000.0,
SU_ID,131,
SXX,-88426.8,
SXX_ID,293,
SXY,-4922.44,
SXY_ID,17,
SY,108892.280072,
SY_ID,131,
SYY,-89417.9,
SYY_ID,293,
SYZ,-57139.7,
SYZ_ID,17,
SZX,-44255.6,
SZX_ID,267,
SZZ,-263444.0,
SZZ_ID,293,
VM,4521.10766287,
VM_ID,325,

AVERAGE RESULTS:
ALL,0.0606564482298,
ALL_ID,NA,
D1,0.0601910717046,
D1_ID,NA,
D2,2.00058108509e-15,
D2_ID,NA,
D3,1.13006225756e-05,
D3_ID,NA,
ID,279.026153846,
ID_ID,NA,
MOSU,6.51025326579,
MOSU_ID,NA,
MOSY,5.30682231236,
MOSY_ID,NA,
SFU,0.901538461538,
SFU_ID,NA,
SFY,0.901538461538,
SFY_ID,NA,
SU,117200.0,
SU_ID,NA,
SXX,4694.97177498,
SXX_ID,NA,
SXY,-4.78061479292e-11,
SXY_ID,NA,
SY,98170.5786494,
SY_ID,NA,
SYY,-22.9941228649,
SYY_ID,NA,
SYZ,-2.43112474596e-10,
SYZ_ID,NA,
SZX,-3387.9990973,
SZX_ID,NA,
SZZ,17.6875476916,
SZZ_ID,NA,
VM,39147.1558049,
VM_ID,NA,
