#, DOE RESULTS FROM ANLAYSIS "PGT3"
#, THE ANALYSIS TOOK PLACE ON: Thursday, April 11th, 2013 at 01:02:46 PM
#, THE INPUT FILE WAS: C:\Dan\DEV\pywork\FEADOE\playground.py
#, PERFORMED BY: dannyt
#, ANALYSIS FILES ARE STORED IN : PGT3_MODELS.zip
#
#, INDEPENDENT VARIABLES:
#,NEX,40
#,Pressure,-10000.0
#,matty,Alloy_713LC

################################################################################
#, THE NUMBER OF ANALYSES IN DOE = 1
################################################################################
ALL,MAX_ALL, 0.0017335080482, AID, 1, matty, Alloy_713LC, Pressure, -10000.0, NEX, 40, ANALYSIS_NAME, PGT3_X1
ALL_ID,MAX_ALL_ID, 630, AID, 1, matty, Alloy_713LC, Pressure, -10000.0, NEX, 40, ANALYSIS_NAME, PGT3_X1
D1,MAX_D1, 0.00173195, AID, 1, matty, Alloy_713LC, Pressure, -10000.0, NEX, 40, ANALYSIS_NAME, PGT3_X1
D1_ID,MAX_D1_ID, 630, AID, 1, matty, Alloy_713LC, Pressure, -10000.0, NEX, 40, ANALYSIS_NAME, PGT3_X1
D2,MAX_D2, 5.19584e-05, AID, 1, matty, Alloy_713LC, Pressure, -10000.0, NEX, 40, ANALYSIS_NAME, PGT3_X1
D2_ID,MAX_D2_ID, 9, AID, 1, matty, Alloy_713LC, Pressure, -10000.0, NEX, 40, ANALYSIS_NAME, PGT3_X1
D3,MAX_D3, 5.19584e-05, AID, 1, matty, Alloy_713LC, Pressure, -10000.0, NEX, 40, ANALYSIS_NAME, PGT3_X1
D3_ID,MAX_D3_ID, 75, AID, 1, matty, Alloy_713LC, Pressure, -10000.0, NEX, 40, ANALYSIS_NAME, PGT3_X1
ID,MAX_ID, 646, AID, 1, matty, Alloy_713LC, Pressure, -10000.0, NEX, 40, ANALYSIS_NAME, PGT3_X1
ID_ID,MAX_ID_ID, 646, AID, 1, matty, Alloy_713LC, Pressure, -10000.0, NEX, 40, ANALYSIS_NAME, PGT3_X1
MOSU,MAX_MOSU, 12.0005200208, AID, 1, matty, Alloy_713LC, Pressure, -10000.0, NEX, 40, ANALYSIS_NAME, PGT3_X1
MOSU_ID,MAX_MOSU_ID, 425, AID, 1, matty, Alloy_713LC, Pressure, -10000.0, NEX, 40, ANALYSIS_NAME, PGT3_X1
MOSY,MAX_MOSY, 9.88966359373, AID, 1, matty, Alloy_713LC, Pressure, -10000.0, NEX, 40, ANALYSIS_NAME, PGT3_X1
MOSY_ID,MAX_MOSY_ID, 425, AID, 1, matty, Alloy_713LC, Pressure, -10000.0, NEX, 40, ANALYSIS_NAME, PGT3_X1
SFU,MAX_SFU, 1.0, AID, 1, matty, Alloy_713LC, Pressure, -10000.0, NEX, 40, ANALYSIS_NAME, PGT3_X1
SFU_ID,MAX_SFU_ID, 79, AID, 1, matty, Alloy_713LC, Pressure, -10000.0, NEX, 40, ANALYSIS_NAME, PGT3_X1
SFY,MAX_SFY, 1.0, AID, 1, matty, Alloy_713LC, Pressure, -10000.0, NEX, 40, ANALYSIS_NAME, PGT3_X1
SFY_ID,MAX_SFY_ID, 79, AID, 1, matty, Alloy_713LC, Pressure, -10000.0, NEX, 40, ANALYSIS_NAME, PGT3_X1
SU,MAX_SU, 130000.0, AID, 1, matty, Alloy_713LC, Pressure, -10000.0, NEX, 40, ANALYSIS_NAME, PGT3_X1
SU_ID,MAX_SU_ID, 79, AID, 1, matty, Alloy_713LC, Pressure, -10000.0, NEX, 40, ANALYSIS_NAME, PGT3_X1
SXX,MAX_SXX, 9999.6, AID, 1, matty, Alloy_713LC, Pressure, -10000.0, NEX, 40, ANALYSIS_NAME, PGT3_X1
SXX_ID,MAX_SXX_ID, 79, AID, 1, matty, Alloy_713LC, Pressure, -10000.0, NEX, 40, ANALYSIS_NAME, PGT3_X1
SXY,MAX_SXY, 1.5222e-10, AID, 1, matty, Alloy_713LC, Pressure, -10000.0, NEX, 40, ANALYSIS_NAME, PGT3_X1
SXY_ID,MAX_SXY_ID, 576, AID, 1, matty, Alloy_713LC, Pressure, -10000.0, NEX, 40, ANALYSIS_NAME, PGT3_X1
SY,MAX_SY, 108892.280072, AID, 1, matty, Alloy_713LC, Pressure, -10000.0, NEX, 40, ANALYSIS_NAME, PGT3_X1
SY_ID,MAX_SY_ID, 79, AID, 1, matty, Alloy_713LC, Pressure, -10000.0, NEX, 40, ANALYSIS_NAME, PGT3_X1
SYY,MAX_SYY, 2.10581e-10, AID, 1, matty, Alloy_713LC, Pressure, -10000.0, NEX, 40, ANALYSIS_NAME, PGT3_X1
SYY_ID,MAX_SYY_ID, 425, AID, 1, matty, Alloy_713LC, Pressure, -10000.0, NEX, 40, ANALYSIS_NAME, PGT3_X1
SYZ,MAX_SYZ, 4.58355e-11, AID, 1, matty, Alloy_713LC, Pressure, -10000.0, NEX, 40, ANALYSIS_NAME, PGT3_X1
SYZ_ID,MAX_SYZ_ID, 61, AID, 1, matty, Alloy_713LC, Pressure, -10000.0, NEX, 40, ANALYSIS_NAME, PGT3_X1
SZX,MAX_SZX, 3.01934e-10, AID, 1, matty, Alloy_713LC, Pressure, -10000.0, NEX, 40, ANALYSIS_NAME, PGT3_X1
SZX_ID,MAX_SZX_ID, 380, AID, 1, matty, Alloy_713LC, Pressure, -10000.0, NEX, 40, ANALYSIS_NAME, PGT3_X1
SZZ,MAX_SZZ, 2.11926e-10, AID, 1, matty, Alloy_713LC, Pressure, -10000.0, NEX, 40, ANALYSIS_NAME, PGT3_X1
SZZ_ID,MAX_SZZ_ID, 636, AID, 1, matty, Alloy_713LC, Pressure, -10000.0, NEX, 40, ANALYSIS_NAME, PGT3_X1
VM,MAX_VM, 9999.6, AID, 1, matty, Alloy_713LC, Pressure, -10000.0, NEX, 40, ANALYSIS_NAME, PGT3_X1
VM_ID,MAX_VM_ID, 628, AID, 1, matty, Alloy_713LC, Pressure, -10000.0, NEX, 40, ANALYSIS_NAME, PGT3_X1
================================================================================
ALL,MIN_ALL, 0.0, AID, 1, matty, Alloy_713LC, Pressure, -10000.0, NEX, 40, ANALYSIS_NAME, PGT3_X1
ALL_ID,MIN_ALL_ID, 33, AID, 1, matty, Alloy_713LC, Pressure, -10000.0, NEX, 40, ANALYSIS_NAME, PGT3_X1
D1,MIN_D1, 0.0, AID, 1, matty, Alloy_713LC, Pressure, -10000.0, NEX, 40, ANALYSIS_NAME, PGT3_X1
D1_ID,MIN_D1_ID, 9, AID, 1, matty, Alloy_713LC, Pressure, -10000.0, NEX, 40, ANALYSIS_NAME, PGT3_X1
D2,MIN_D2, -5.19584e-05, AID, 1, matty, Alloy_713LC, Pressure, -10000.0, NEX, 40, ANALYSIS_NAME, PGT3_X1
D2_ID,MIN_D2_ID, 165, AID, 1, matty, Alloy_713LC, Pressure, -10000.0, NEX, 40, ANALYSIS_NAME, PGT3_X1
D3,MIN_D3, -5.19584e-05, AID, 1, matty, Alloy_713LC, Pressure, -10000.0, NEX, 40, ANALYSIS_NAME, PGT3_X1
D3_ID,MIN_D3_ID, 79, AID, 1, matty, Alloy_713LC, Pressure, -10000.0, NEX, 40, ANALYSIS_NAME, PGT3_X1
ID,MIN_ID, 1, AID, 1, matty, Alloy_713LC, Pressure, -10000.0, NEX, 40, ANALYSIS_NAME, PGT3_X1
ID_ID,MIN_ID_ID, 1, AID, 1, matty, Alloy_713LC, Pressure, -10000.0, NEX, 40, ANALYSIS_NAME, PGT3_X1
MOSU,MIN_MOSU, 12.0005200208, AID, 1, matty, Alloy_713LC, Pressure, -10000.0, NEX, 40, ANALYSIS_NAME, PGT3_X1
MOSU_ID,MIN_MOSU_ID, 628, AID, 1, matty, Alloy_713LC, Pressure, -10000.0, NEX, 40, ANALYSIS_NAME, PGT3_X1
MOSY,MIN_MOSY, 9.88966359372, AID, 1, matty, Alloy_713LC, Pressure, -10000.0, NEX, 40, ANALYSIS_NAME, PGT3_X1
MOSY_ID,MIN_MOSY_ID, 628, AID, 1, matty, Alloy_713LC, Pressure, -10000.0, NEX, 40, ANALYSIS_NAME, PGT3_X1
SFU,MIN_SFU, 1.0, AID, 1, matty, Alloy_713LC, Pressure, -10000.0, NEX, 40, ANALYSIS_NAME, PGT3_X1
SFU_ID,MIN_SFU_ID, 79, AID, 1, matty, Alloy_713LC, Pressure, -10000.0, NEX, 40, ANALYSIS_NAME, PGT3_X1
SFY,MIN_SFY, 1.0, AID, 1, matty, Alloy_713LC, Pressure, -10000.0, NEX, 40, ANALYSIS_NAME, PGT3_X1
SFY_ID,MIN_SFY_ID, 79, AID, 1, matty, Alloy_713LC, Pressure, -10000.0, NEX, 40, ANALYSIS_NAME, PGT3_X1
SU,MIN_SU, 130000.0, AID, 1, matty, Alloy_713LC, Pressure, -10000.0, NEX, 40, ANALYSIS_NAME, PGT3_X1
SU_ID,MIN_SU_ID, 79, AID, 1, matty, Alloy_713LC, Pressure, -10000.0, NEX, 40, ANALYSIS_NAME, PGT3_X1
SXX,MIN_SXX, 9999.6, AID, 1, matty, Alloy_713LC, Pressure, -10000.0, NEX, 40, ANALYSIS_NAME, PGT3_X1
SXX_ID,MIN_SXX_ID, 79, AID, 1, matty, Alloy_713LC, Pressure, -10000.0, NEX, 40, ANALYSIS_NAME, PGT3_X1
SXY,MIN_SXY, -1.65554e-10, AID, 1, matty, Alloy_713LC, Pressure, -10000.0, NEX, 40, ANALYSIS_NAME, PGT3_X1
SXY_ID,MIN_SXY_ID, 594, AID, 1, matty, Alloy_713LC, Pressure, -10000.0, NEX, 40, ANALYSIS_NAME, PGT3_X1
SY,MIN_SY, 108892.280072, AID, 1, matty, Alloy_713LC, Pressure, -10000.0, NEX, 40, ANALYSIS_NAME, PGT3_X1
SY_ID,MIN_SY_ID, 79, AID, 1, matty, Alloy_713LC, Pressure, -10000.0, NEX, 40, ANALYSIS_NAME, PGT3_X1
SYY,MIN_SYY, -1.79345e-10, AID, 1, matty, Alloy_713LC, Pressure, -10000.0, NEX, 40, ANALYSIS_NAME, PGT3_X1
SYY_ID,MIN_SYY_ID, 628, AID, 1, matty, Alloy_713LC, Pressure, -10000.0, NEX, 40, ANALYSIS_NAME, PGT3_X1
SYZ,MIN_SYZ, -9.81617e-11, AID, 1, matty, Alloy_713LC, Pressure, -10000.0, NEX, 40, ANALYSIS_NAME, PGT3_X1
SYZ_ID,MIN_SYZ_ID, 630, AID, 1, matty, Alloy_713LC, Pressure, -10000.0, NEX, 40, ANALYSIS_NAME, PGT3_X1
SZX,MIN_SZX, -2.27321e-10, AID, 1, matty, Alloy_713LC, Pressure, -10000.0, NEX, 40, ANALYSIS_NAME, PGT3_X1
SZX_ID,MIN_SZX_ID, 558, AID, 1, matty, Alloy_713LC, Pressure, -10000.0, NEX, 40, ANALYSIS_NAME, PGT3_X1
SZZ,MIN_SZZ, -1.73666e-10, AID, 1, matty, Alloy_713LC, Pressure, -10000.0, NEX, 40, ANALYSIS_NAME, PGT3_X1
SZZ_ID,MIN_SZZ_ID, 596, AID, 1, matty, Alloy_713LC, Pressure, -10000.0, NEX, 40, ANALYSIS_NAME, PGT3_X1
VM,MIN_VM, 9999.6, AID, 1, matty, Alloy_713LC, Pressure, -10000.0, NEX, 40, ANALYSIS_NAME, PGT3_X1
VM_ID,MIN_VM_ID, 425, AID, 1, matty, Alloy_713LC, Pressure, -10000.0, NEX, 40, ANALYSIS_NAME, PGT3_X1
################################################################################



INDEPENDENT VARIABLES:
AID,1,
ANALYSIS_NAME,PGT3_X1,
NEX,40,
Pressure,-10000.0,
matty,Alloy_713LC,

MAX RESULTS:
ALL,0.0017335080482,
ALL_ID,630,
D1,0.00173195,
D1_ID,630,
D2,5.19584e-05,
D2_ID,9,
D3,5.19584e-05,
D3_ID,75,
ID,646,
ID_ID,646,
MOSU,12.0005200208,
MOSU_ID,425,
MOSY,9.88966359373,
MOSY_ID,425,
SFU,1.0,
SFU_ID,79,
SFY,1.0,
SFY_ID,79,
SU,130000.0,
SU_ID,79,
SXX,9999.6,
SXX_ID,79,
SXY,1.5222e-10,
SXY_ID,576,
SY,108892.280072,
SY_ID,79,
SYY,2.10581e-10,
SYY_ID,425,
SYZ,4.58355e-11,
SYZ_ID,61,
SZX,3.01934e-10,
SZX_ID,380,
SZZ,2.11926e-10,
SZZ_ID,636,
VM,9999.6,
VM_ID,628,

MIN RESULTS:
ALL,0.0,
ALL_ID,33,
D1,0.0,
D1_ID,9,
D2,-5.19584e-05,
D2_ID,165,
D3,-5.19584e-05,
D3_ID,79,
ID,1,
ID_ID,1,
MOSU,12.0005200208,
MOSU_ID,628,
MOSY,9.88966359372,
MOSY_ID,628,
SFU,1.0,
SFU_ID,79,
SFY,1.0,
SFY_ID,79,
SU,130000.0,
SU_ID,79,
SXX,9999.6,
SXX_ID,79,
SXY,-1.65554e-10,
SXY_ID,594,
SY,108892.280072,
SY_ID,79,
SYY,-1.79345e-10,
SYY_ID,628,
SYZ,-9.81617e-11,
SYZ_ID,630,
SZX,-2.27321e-10,
SZX_ID,558,
SZZ,-1.73666e-10,
SZZ_ID,596,
VM,9999.6,
VM_ID,425,

AVERAGE RESULTS:
ALL,0.000685453796286,
ALL_ID,NA,
D1,0.000679240162242,
D1_ID,NA,
D2,-1.1997242316e-17,
D2_ID,NA,
D3,5.30272535832e-17,
D3_ID,NA,
ID,298.508849558,
ID_ID,NA,
MOSU,10.5845294579,
MOSU_ID,NA,
MOSY,8.72274163576,
MOSY_ID,NA,
SFU,0.882005899705,
SFU_ID,NA,
SFY,0.882005899705,
SFY_ID,NA,
SU,114660.766962,
SU_ID,NA,
SXX,8819.70619469,
SXX_ID,NA,
SXY,-1.08301931968e-11,
SXY_ID,NA,
SY,96043.6334557,
SY_ID,NA,
SYY,1.13553662124e-12,
SYY_ID,NA,
SYZ,-1.58536833142e-12,
SYZ_ID,NA,
SZX,2.52849280819e-11,
SZX_ID,NA,
SZZ,1.69222368968e-12,
SZZ_ID,NA,
VM,8819.70619469,
VM_ID,NA,
