#, DOE RESULTS FROM ANLAYSIS "PLT_RS_REF"
#, THE ANALYSIS TOOK PLACE ON: Wednesday, April 3rd, 2013 at 03:49:27 PM
#, THE INPUT FILE WAS: C:\Dan\DEV\pywork\FEADOE\plt_rigid_join.py
#, PERFORMED BY: dannyt
#, ANALYSIS FILES ARE STORED IN : PLT_RS_REF_MODELS.zip
#
#, INDEPENDENT VARIABLES:
#,NEX,40
#,Pressure,10000.0
#,matty,Alloy_713LC

################################################################################
#, THE NUMBER OF ANALYSES IN DOE = 1
################################################################################
ALL,MAX_ALL, 0.00735020801437, AID, 1, matty, Alloy_713LC, Pressure, 10000.0, NEX, 40, ANALYSIS_NAME, PLT_RS_REF_X1
ALL_ID,MAX_ALL_ID, 94, AID, 1, matty, Alloy_713LC, Pressure, 10000.0, NEX, 40, ANALYSIS_NAME, PLT_RS_REF_X1
D1,MAX_D1, 0.00265221, AID, 1, matty, Alloy_713LC, Pressure, 10000.0, NEX, 40, ANALYSIS_NAME, PLT_RS_REF_X1
D1_ID,MAX_D1_ID, 316, AID, 1, matty, Alloy_713LC, Pressure, 10000.0, NEX, 40, ANALYSIS_NAME, PLT_RS_REF_X1
D2,MAX_D2, 0.000662882, AID, 1, matty, Alloy_713LC, Pressure, 10000.0, NEX, 40, ANALYSIS_NAME, PLT_RS_REF_X1
D2_ID,MAX_D2_ID, 180, AID, 1, matty, Alloy_713LC, Pressure, 10000.0, NEX, 40, ANALYSIS_NAME, PLT_RS_REF_X1
D3,MAX_D3, 0.0, AID, 1, matty, Alloy_713LC, Pressure, 10000.0, NEX, 40, ANALYSIS_NAME, PLT_RS_REF_X1
D3_ID,MAX_D3_ID, 363, AID, 1, matty, Alloy_713LC, Pressure, 10000.0, NEX, 40, ANALYSIS_NAME, PLT_RS_REF_X1
ID,MAX_ID, 810, AID, 1, matty, Alloy_713LC, Pressure, 10000.0, NEX, 40, ANALYSIS_NAME, PLT_RS_REF_X1
ID_ID,MAX_ID_ID, 810, AID, 1, matty, Alloy_713LC, Pressure, 10000.0, NEX, 40, ANALYSIS_NAME, PLT_RS_REF_X1
MOSU,MAX_MOSU, 27.9997802804, AID, 1, matty, Alloy_713LC, Pressure, 10000.0, NEX, 40, ANALYSIS_NAME, PLT_RS_REF_X1
MOSU_ID,MAX_MOSU_ID, 113, AID, 1, matty, Alloy_713LC, Pressure, 10000.0, NEX, 40, ANALYSIS_NAME, PLT_RS_REF_X1
MOSY,MAX_MOSY, 23.2911707409, AID, 1, matty, Alloy_713LC, Pressure, 10000.0, NEX, 40, ANALYSIS_NAME, PLT_RS_REF_X1
MOSY_ID,MAX_MOSY_ID, 113, AID, 1, matty, Alloy_713LC, Pressure, 10000.0, NEX, 40, ANALYSIS_NAME, PLT_RS_REF_X1
SFU,MAX_SFU, 1.0, AID, 1, matty, Alloy_713LC, Pressure, 10000.0, NEX, 40, ANALYSIS_NAME, PLT_RS_REF_X1
SFU_ID,MAX_SFU_ID, 70, AID, 1, matty, Alloy_713LC, Pressure, 10000.0, NEX, 40, ANALYSIS_NAME, PLT_RS_REF_X1
SFY,MAX_SFY, 1.0, AID, 1, matty, Alloy_713LC, Pressure, 10000.0, NEX, 40, ANALYSIS_NAME, PLT_RS_REF_X1
SFY_ID,MAX_SFY_ID, 70, AID, 1, matty, Alloy_713LC, Pressure, 10000.0, NEX, 40, ANALYSIS_NAME, PLT_RS_REF_X1
SU,MAX_SU, 130000.0, AID, 1, matty, Alloy_713LC, Pressure, 10000.0, NEX, 40, ANALYSIS_NAME, PLT_RS_REF_X1
SU_ID,MAX_SU_ID, 70, AID, 1, matty, Alloy_713LC, Pressure, 10000.0, NEX, 40, ANALYSIS_NAME, PLT_RS_REF_X1
SXX,MAX_SXX, 106101.0, AID, 1, matty, Alloy_713LC, Pressure, 10000.0, NEX, 40, ANALYSIS_NAME, PLT_RS_REF_X1
SXX_ID,MAX_SXX_ID, 630, AID, 1, matty, Alloy_713LC, Pressure, 10000.0, NEX, 40, ANALYSIS_NAME, PLT_RS_REF_X1
SXY,MAX_SXY, 21271.1, AID, 1, matty, Alloy_713LC, Pressure, 10000.0, NEX, 40, ANALYSIS_NAME, PLT_RS_REF_X1
SXY_ID,MAX_SXY_ID, 806, AID, 1, matty, Alloy_713LC, Pressure, 10000.0, NEX, 40, ANALYSIS_NAME, PLT_RS_REF_X1
SY,MAX_SY, 108892.280072, AID, 1, matty, Alloy_713LC, Pressure, 10000.0, NEX, 40, ANALYSIS_NAME, PLT_RS_REF_X1
SY_ID,MAX_SY_ID, 70, AID, 1, matty, Alloy_713LC, Pressure, 10000.0, NEX, 40, ANALYSIS_NAME, PLT_RS_REF_X1
SYY,MAX_SYY, 42364.4, AID, 1, matty, Alloy_713LC, Pressure, 10000.0, NEX, 40, ANALYSIS_NAME, PLT_RS_REF_X1
SYY_ID,MAX_SYY_ID, 630, AID, 1, matty, Alloy_713LC, Pressure, 10000.0, NEX, 40, ANALYSIS_NAME, PLT_RS_REF_X1
SYZ,MAX_SYZ, 11703.2, AID, 1, matty, Alloy_713LC, Pressure, 10000.0, NEX, 40, ANALYSIS_NAME, PLT_RS_REF_X1
SYZ_ID,MAX_SYZ_ID, 403, AID, 1, matty, Alloy_713LC, Pressure, 10000.0, NEX, 40, ANALYSIS_NAME, PLT_RS_REF_X1
SZX,MAX_SZX, 47186.9, AID, 1, matty, Alloy_713LC, Pressure, 10000.0, NEX, 40, ANALYSIS_NAME, PLT_RS_REF_X1
SZX_ID,MAX_SZX_ID, 363, AID, 1, matty, Alloy_713LC, Pressure, 10000.0, NEX, 40, ANALYSIS_NAME, PLT_RS_REF_X1
SZZ,MAX_SZZ, 36700.1, AID, 1, matty, Alloy_713LC, Pressure, 10000.0, NEX, 40, ANALYSIS_NAME, PLT_RS_REF_X1
SZZ_ID,MAX_SZZ_ID, 630, AID, 1, matty, Alloy_713LC, Pressure, 10000.0, NEX, 40, ANALYSIS_NAME, PLT_RS_REF_X1
VM,MAX_VM, 89876.0889261, AID, 1, matty, Alloy_713LC, Pressure, 10000.0, NEX, 40, ANALYSIS_NAME, PLT_RS_REF_X1
VM_ID,MAX_VM_ID, 630, AID, 1, matty, Alloy_713LC, Pressure, 10000.0, NEX, 40, ANALYSIS_NAME, PLT_RS_REF_X1
================================================================================
ALL,MIN_ALL, 0.0, AID, 1, matty, Alloy_713LC, Pressure, 10000.0, NEX, 40, ANALYSIS_NAME, PLT_RS_REF_X1
ALL_ID,MIN_ALL_ID, 363, AID, 1, matty, Alloy_713LC, Pressure, 10000.0, NEX, 40, ANALYSIS_NAME, PLT_RS_REF_X1
D1,MIN_D1, -0.0025267, AID, 1, matty, Alloy_713LC, Pressure, 10000.0, NEX, 40, ANALYSIS_NAME, PLT_RS_REF_X1
D1_ID,MIN_D1_ID, 360, AID, 1, matty, Alloy_713LC, Pressure, 10000.0, NEX, 40, ANALYSIS_NAME, PLT_RS_REF_X1
D2,MIN_D2, -0.000662882, AID, 1, matty, Alloy_713LC, Pressure, 10000.0, NEX, 40, ANALYSIS_NAME, PLT_RS_REF_X1
D2_ID,MIN_D2_ID, 140, AID, 1, matty, Alloy_713LC, Pressure, 10000.0, NEX, 40, ANALYSIS_NAME, PLT_RS_REF_X1
D3,MIN_D3, -0.00733941, AID, 1, matty, Alloy_713LC, Pressure, 10000.0, NEX, 40, ANALYSIS_NAME, PLT_RS_REF_X1
D3_ID,MIN_D3_ID, 94, AID, 1, matty, Alloy_713LC, Pressure, 10000.0, NEX, 40, ANALYSIS_NAME, PLT_RS_REF_X1
ID,MIN_ID, 1, AID, 1, matty, Alloy_713LC, Pressure, 10000.0, NEX, 40, ANALYSIS_NAME, PLT_RS_REF_X1
ID_ID,MIN_ID_ID, 1, AID, 1, matty, Alloy_713LC, Pressure, 10000.0, NEX, 40, ANALYSIS_NAME, PLT_RS_REF_X1
MOSU,MIN_MOSU, 0.446435882483, AID, 1, matty, Alloy_713LC, Pressure, 10000.0, NEX, 40, ANALYSIS_NAME, PLT_RS_REF_X1
MOSU_ID,MIN_MOSU_ID, 630, AID, 1, matty, Alloy_713LC, Pressure, 10000.0, NEX, 40, ANALYSIS_NAME, PLT_RS_REF_X1
MOSY,MIN_MOSY, 0.211582317087, AID, 1, matty, Alloy_713LC, Pressure, 10000.0, NEX, 40, ANALYSIS_NAME, PLT_RS_REF_X1
MOSY_ID,MIN_MOSY_ID, 630, AID, 1, matty, Alloy_713LC, Pressure, 10000.0, NEX, 40, ANALYSIS_NAME, PLT_RS_REF_X1
SFU,MIN_SFU, 1.0, AID, 1, matty, Alloy_713LC, Pressure, 10000.0, NEX, 40, ANALYSIS_NAME, PLT_RS_REF_X1
SFU_ID,MIN_SFU_ID, 70, AID, 1, matty, Alloy_713LC, Pressure, 10000.0, NEX, 40, ANALYSIS_NAME, PLT_RS_REF_X1
SFY,MIN_SFY, 1.0, AID, 1, matty, Alloy_713LC, Pressure, 10000.0, NEX, 40, ANALYSIS_NAME, PLT_RS_REF_X1
SFY_ID,MIN_SFY_ID, 70, AID, 1, matty, Alloy_713LC, Pressure, 10000.0, NEX, 40, ANALYSIS_NAME, PLT_RS_REF_X1
SU,MIN_SU, 130000.0, AID, 1, matty, Alloy_713LC, Pressure, 10000.0, NEX, 40, ANALYSIS_NAME, PLT_RS_REF_X1
SU_ID,MIN_SU_ID, 70, AID, 1, matty, Alloy_713LC, Pressure, 10000.0, NEX, 40, ANALYSIS_NAME, PLT_RS_REF_X1
SXX,MIN_SXX, -103409.0, AID, 1, matty, Alloy_713LC, Pressure, 10000.0, NEX, 40, ANALYSIS_NAME, PLT_RS_REF_X1
SXX_ID,MIN_SXX_ID, 626, AID, 1, matty, Alloy_713LC, Pressure, 10000.0, NEX, 40, ANALYSIS_NAME, PLT_RS_REF_X1
SXY,MIN_SXY, -21271.1, AID, 1, matty, Alloy_713LC, Pressure, 10000.0, NEX, 40, ANALYSIS_NAME, PLT_RS_REF_X1
SXY_ID,MIN_SXY_ID, 446, AID, 1, matty, Alloy_713LC, Pressure, 10000.0, NEX, 40, ANALYSIS_NAME, PLT_RS_REF_X1
SY,MIN_SY, 108892.280072, AID, 1, matty, Alloy_713LC, Pressure, 10000.0, NEX, 40, ANALYSIS_NAME, PLT_RS_REF_X1
SY_ID,MIN_SY_ID, 70, AID, 1, matty, Alloy_713LC, Pressure, 10000.0, NEX, 40, ANALYSIS_NAME, PLT_RS_REF_X1
SYY,MIN_SYY, -41780.0, AID, 1, matty, Alloy_713LC, Pressure, 10000.0, NEX, 40, ANALYSIS_NAME, PLT_RS_REF_X1
SYY_ID,MIN_SYY_ID, 626, AID, 1, matty, Alloy_713LC, Pressure, 10000.0, NEX, 40, ANALYSIS_NAME, PLT_RS_REF_X1
SYZ,MIN_SYZ, -11703.2, AID, 1, matty, Alloy_713LC, Pressure, 10000.0, NEX, 40, ANALYSIS_NAME, PLT_RS_REF_X1
SYZ_ID,MIN_SYZ_ID, 363, AID, 1, matty, Alloy_713LC, Pressure, 10000.0, NEX, 40, ANALYSIS_NAME, PLT_RS_REF_X1
SZX,MIN_SZX, -34747.9, AID, 1, matty, Alloy_713LC, Pressure, 10000.0, NEX, 40, ANALYSIS_NAME, PLT_RS_REF_X1
SZX_ID,MIN_SZX_ID, 630, AID, 1, matty, Alloy_713LC, Pressure, 10000.0, NEX, 40, ANALYSIS_NAME, PLT_RS_REF_X1
SZZ,MIN_SZZ, -38496.4, AID, 1, matty, Alloy_713LC, Pressure, 10000.0, NEX, 40, ANALYSIS_NAME, PLT_RS_REF_X1
SZZ_ID,MIN_SZZ_ID, 404, AID, 1, matty, Alloy_713LC, Pressure, 10000.0, NEX, 40, ANALYSIS_NAME, PLT_RS_REF_X1
VM,MIN_VM, 4482.79258473, AID, 1, matty, Alloy_713LC, Pressure, 10000.0, NEX, 40, ANALYSIS_NAME, PLT_RS_REF_X1
VM_ID,MIN_VM_ID, 113, AID, 1, matty, Alloy_713LC, Pressure, 10000.0, NEX, 40, ANALYSIS_NAME, PLT_RS_REF_X1
################################################################################



INDEPENDENT VARIABLES:
AID,1,
ANALYSIS_NAME,PLT_RS_REF_X1,
NEX,40,
Pressure,10000.0,
matty,Alloy_713LC,

MAX RESULTS:
ALL,0.00735020801437,
ALL_ID,94,
D1,0.00265221,
D1_ID,316,
D2,0.000662882,
D2_ID,180,
D3,0.0,
D3_ID,363,
ID,810,
ID_ID,810,
MOSU,27.9997802804,
MOSU_ID,113,
MOSY,23.2911707409,
MOSY_ID,113,
SFU,1.0,
SFU_ID,70,
SFY,1.0,
SFY_ID,70,
SU,130000.0,
SU_ID,70,
SXX,106101.0,
SXX_ID,630,
SXY,21271.1,
SXY_ID,806,
SY,108892.280072,
SY_ID,70,
SYY,42364.4,
SYY_ID,630,
SYZ,11703.2,
SYZ_ID,403,
SZX,47186.9,
SZX_ID,363,
SZZ,36700.1,
SZZ_ID,630,
VM,89876.0889261,
VM_ID,630,

MIN RESULTS:
ALL,0.0,
ALL_ID,363,
D1,-0.0025267,
D1_ID,360,
D2,-0.000662882,
D2_ID,140,
D3,-0.00733941,
D3_ID,94,
ID,1,
ID_ID,1,
MOSU,0.446435882483,
MOSU_ID,630,
MOSY,0.211582317087,
MOSY_ID,630,
SFU,1.0,
SFU_ID,70,
SFY,1.0,
SFY_ID,70,
SU,130000.0,
SU_ID,70,
SXX,-103409.0,
SXX_ID,626,
SXY,-21271.1,
SXY_ID,446,
SY,108892.280072,
SY_ID,70,
SYY,-41780.0,
SYY_ID,626,
SYZ,-11703.2,
SYZ_ID,363,
SZX,-34747.9,
SZX_ID,630,
SZZ,-38496.4,
SZZ_ID,404,
VM,4482.79258473,
VM_ID,113,

AVERAGE RESULTS:
ALL,0.00377696632719,
ALL_ID,NA,
D1,2.91136900194e-05,
D1_ID,NA,
D2,9.87111020906e-19,
D2_ID,NA,
D3,-0.00358925514919,
D3_ID,NA,
ID,384.477346278,
ID_ID,NA,
MOSU,3.64073844772,
MOSU_ID,NA,
MOSY,2.90405002717,
MOSY_ID,NA,
SFU,0.89644012945,
SFU_ID,NA,
SFY,0.89644012945,
SFY_ID,NA,
SU,116537.216828,
SU_ID,NA,
SXX,-942.807620453,
SXX_ID,NA,
SXY,5.37081490393e-12,
SXY_ID,NA,
SY,97615.4096437,
SY_ID,NA,
SYY,-263.55271288,
SYY_ID,NA,
SYZ,3.23918669665e-12,
SYZ_ID,NA,
SZX,-3607.1781932,
SZX_ID,NA,
SZZ,-4212.41960814,
SZZ_ID,NA,
VM,32539.057291,
VM_ID,NA,
