#, DOE RESULTS FROM ANLAYSIS "PLT_RS_"
#, THE ANALYSIS TOOK PLACE ON: Wednesday, April 3rd, 2013 at 05:21:33 PM
#, THE INPUT FILE WAS: C:\Dan\DEV\pywork\FEADOE\plt_rigid_join.py
#, PERFORMED BY: dannyt
#, ANALYSIS FILES ARE STORED IN : PLT_RS__MODELS.zip
#
#, INDEPENDENT VARIABLES:
#,NEX,40
#,Pressure,10000.0
#,matty,Alloy_713LC

################################################################################
#, THE NUMBER OF ANALYSES IN DOE = 1
################################################################################
ALL,MAX_ALL, 0.00752431784134, AID, 1, matty, Alloy_713LC, Pressure, 10000.0, NEX, 40, ANALYSIS_NAME, PLT_RS__X1
ALL_ID,MAX_ALL_ID, 90, AID, 1, matty, Alloy_713LC, Pressure, 10000.0, NEX, 40, ANALYSIS_NAME, PLT_RS__X1
D1,MAX_D1, 0.00269327, AID, 1, matty, Alloy_713LC, Pressure, 10000.0, NEX, 40, ANALYSIS_NAME, PLT_RS__X1
D1_ID,MAX_D1_ID, 356, AID, 1, matty, Alloy_713LC, Pressure, 10000.0, NEX, 40, ANALYSIS_NAME, PLT_RS__X1
D2,MAX_D2, 0.000654896, AID, 1, matty, Alloy_713LC, Pressure, 10000.0, NEX, 40, ANALYSIS_NAME, PLT_RS__X1
D2_ID,MAX_D2_ID, 180, AID, 1, matty, Alloy_713LC, Pressure, 10000.0, NEX, 40, ANALYSIS_NAME, PLT_RS__X1
D3,MAX_D3, 0.0, AID, 1, matty, Alloy_713LC, Pressure, 10000.0, NEX, 40, ANALYSIS_NAME, PLT_RS__X1
D3_ID,MAX_D3_ID, 363, AID, 1, matty, Alloy_713LC, Pressure, 10000.0, NEX, 40, ANALYSIS_NAME, PLT_RS__X1
ID,MAX_ID, 1458, AID, 1, matty, Alloy_713LC, Pressure, 10000.0, NEX, 40, ANALYSIS_NAME, PLT_RS__X1
ID_ID,MAX_ID_ID, 1458, AID, 1, matty, Alloy_713LC, Pressure, 10000.0, NEX, 40, ANALYSIS_NAME, PLT_RS__X1
MOSU,MAX_MOSU, 31.1128800296, AID, 1, matty, Alloy_713LC, Pressure, 10000.0, NEX, 40, ANALYSIS_NAME, PLT_RS__X1
MOSU_ID,MAX_MOSU_ID, 123, AID, 1, matty, Alloy_713LC, Pressure, 10000.0, NEX, 40, ANALYSIS_NAME, PLT_RS__X1
MOSY,MAX_MOSY, 25.8988055854, AID, 1, matty, Alloy_713LC, Pressure, 10000.0, NEX, 40, ANALYSIS_NAME, PLT_RS__X1
MOSY_ID,MAX_MOSY_ID, 123, AID, 1, matty, Alloy_713LC, Pressure, 10000.0, NEX, 40, ANALYSIS_NAME, PLT_RS__X1
SFU,MAX_SFU, 1.0, AID, 1, matty, Alloy_713LC, Pressure, 10000.0, NEX, 40, ANALYSIS_NAME, PLT_RS__X1
SFU_ID,MAX_SFU_ID, 70, AID, 1, matty, Alloy_713LC, Pressure, 10000.0, NEX, 40, ANALYSIS_NAME, PLT_RS__X1
SFY,MAX_SFY, 1.0, AID, 1, matty, Alloy_713LC, Pressure, 10000.0, NEX, 40, ANALYSIS_NAME, PLT_RS__X1
SFY_ID,MAX_SFY_ID, 70, AID, 1, matty, Alloy_713LC, Pressure, 10000.0, NEX, 40, ANALYSIS_NAME, PLT_RS__X1
SU,MAX_SU, 130000.0, AID, 1, matty, Alloy_713LC, Pressure, 10000.0, NEX, 40, ANALYSIS_NAME, PLT_RS__X1
SU_ID,MAX_SU_ID, 70, AID, 1, matty, Alloy_713LC, Pressure, 10000.0, NEX, 40, ANALYSIS_NAME, PLT_RS__X1
SXX,MAX_SXX, 129651.0, AID, 1, matty, Alloy_713LC, Pressure, 10000.0, NEX, 40, ANALYSIS_NAME, PLT_RS__X1
SXX_ID,MAX_SXX_ID, 972, AID, 1, matty, Alloy_713LC, Pressure, 10000.0, NEX, 40, ANALYSIS_NAME, PLT_RS__X1
SXY,MAX_SXY, 44714.9, AID, 1, matty, Alloy_713LC, Pressure, 10000.0, NEX, 40, ANALYSIS_NAME, PLT_RS__X1
SXY_ID,MAX_SXY_ID, 1386, AID, 1, matty, Alloy_713LC, Pressure, 10000.0, NEX, 40, ANALYSIS_NAME, PLT_RS__X1
SY,MAX_SY, 108892.280072, AID, 1, matty, Alloy_713LC, Pressure, 10000.0, NEX, 40, ANALYSIS_NAME, PLT_RS__X1
SY_ID,MAX_SY_ID, 70, AID, 1, matty, Alloy_713LC, Pressure, 10000.0, NEX, 40, ANALYSIS_NAME, PLT_RS__X1
SYY,MAX_SYY, 49827.5, AID, 1, matty, Alloy_713LC, Pressure, 10000.0, NEX, 40, ANALYSIS_NAME, PLT_RS__X1
SYY_ID,MAX_SYY_ID, 972, AID, 1, matty, Alloy_713LC, Pressure, 10000.0, NEX, 40, ANALYSIS_NAME, PLT_RS__X1
SYZ,MAX_SYZ, 20569.2, AID, 1, matty, Alloy_713LC, Pressure, 10000.0, NEX, 40, ANALYSIS_NAME, PLT_RS__X1
SYZ_ID,MAX_SYZ_ID, 43, AID, 1, matty, Alloy_713LC, Pressure, 10000.0, NEX, 40, ANALYSIS_NAME, PLT_RS__X1
SZX,MAX_SZX, 45652.6, AID, 1, matty, Alloy_713LC, Pressure, 10000.0, NEX, 40, ANALYSIS_NAME, PLT_RS__X1
SZX_ID,MAX_SZX_ID, 403, AID, 1, matty, Alloy_713LC, Pressure, 10000.0, NEX, 40, ANALYSIS_NAME, PLT_RS__X1
SZZ,MAX_SZZ, 37479.8, AID, 1, matty, Alloy_713LC, Pressure, 10000.0, NEX, 40, ANALYSIS_NAME, PLT_RS__X1
SZZ_ID,MAX_SZZ_ID, 972, AID, 1, matty, Alloy_713LC, Pressure, 10000.0, NEX, 40, ANALYSIS_NAME, PLT_RS__X1
VM,MAX_VM, 108728.495262, AID, 1, matty, Alloy_713LC, Pressure, 10000.0, NEX, 40, ANALYSIS_NAME, PLT_RS__X1
VM_ID,MAX_VM_ID, 972, AID, 1, matty, Alloy_713LC, Pressure, 10000.0, NEX, 40, ANALYSIS_NAME, PLT_RS__X1
================================================================================
ALL,MIN_ALL, 0.0, AID, 1, matty, Alloy_713LC, Pressure, 10000.0, NEX, 40, ANALYSIS_NAME, PLT_RS__X1
ALL_ID,MIN_ALL_ID, 363, AID, 1, matty, Alloy_713LC, Pressure, 10000.0, NEX, 40, ANALYSIS_NAME, PLT_RS__X1
D1,MIN_D1, -0.00257743, AID, 1, matty, Alloy_713LC, Pressure, 10000.0, NEX, 40, ANALYSIS_NAME, PLT_RS__X1
D1_ID,MIN_D1_ID, 360, AID, 1, matty, Alloy_713LC, Pressure, 10000.0, NEX, 40, ANALYSIS_NAME, PLT_RS__X1
D2,MIN_D2, -0.000630004, AID, 1, matty, Alloy_713LC, Pressure, 10000.0, NEX, 40, ANALYSIS_NAME, PLT_RS__X1
D2_ID,MIN_D2_ID, 140, AID, 1, matty, Alloy_713LC, Pressure, 10000.0, NEX, 40, ANALYSIS_NAME, PLT_RS__X1
D3,MIN_D3, -0.00751279, AID, 1, matty, Alloy_713LC, Pressure, 10000.0, NEX, 40, ANALYSIS_NAME, PLT_RS__X1
D3_ID,MIN_D3_ID, 90, AID, 1, matty, Alloy_713LC, Pressure, 10000.0, NEX, 40, ANALYSIS_NAME, PLT_RS__X1
ID,MIN_ID, 1, AID, 1, matty, Alloy_713LC, Pressure, 10000.0, NEX, 40, ANALYSIS_NAME, PLT_RS__X1
ID_ID,MIN_ID_ID, 1, AID, 1, matty, Alloy_713LC, Pressure, 10000.0, NEX, 40, ANALYSIS_NAME, PLT_RS__X1
MOSU,MIN_MOSU, 0.195638730096, AID, 1, matty, Alloy_713LC, Pressure, 10000.0, NEX, 40, ANALYSIS_NAME, PLT_RS__X1
MOSU_ID,MIN_MOSU_ID, 972, AID, 1, matty, Alloy_713LC, Pressure, 10000.0, NEX, 40, ANALYSIS_NAME, PLT_RS__X1
MOSY,MIN_MOSY, 0.00150636509502, AID, 1, matty, Alloy_713LC, Pressure, 10000.0, NEX, 40, ANALYSIS_NAME, PLT_RS__X1
MOSY_ID,MIN_MOSY_ID, 972, AID, 1, matty, Alloy_713LC, Pressure, 10000.0, NEX, 40, ANALYSIS_NAME, PLT_RS__X1
SFU,MIN_SFU, 1.0, AID, 1, matty, Alloy_713LC, Pressure, 10000.0, NEX, 40, ANALYSIS_NAME, PLT_RS__X1
SFU_ID,MIN_SFU_ID, 70, AID, 1, matty, Alloy_713LC, Pressure, 10000.0, NEX, 40, ANALYSIS_NAME, PLT_RS__X1
SFY,MIN_SFY, 1.0, AID, 1, matty, Alloy_713LC, Pressure, 10000.0, NEX, 40, ANALYSIS_NAME, PLT_RS__X1
SFY_ID,MIN_SFY_ID, 70, AID, 1, matty, Alloy_713LC, Pressure, 10000.0, NEX, 40, ANALYSIS_NAME, PLT_RS__X1
SU,MIN_SU, 130000.0, AID, 1, matty, Alloy_713LC, Pressure, 10000.0, NEX, 40, ANALYSIS_NAME, PLT_RS__X1
SU_ID,MIN_SU_ID, 70, AID, 1, matty, Alloy_713LC, Pressure, 10000.0, NEX, 40, ANALYSIS_NAME, PLT_RS__X1
SXX,MIN_SXX, -124379.0, AID, 1, matty, Alloy_713LC, Pressure, 10000.0, NEX, 40, ANALYSIS_NAME, PLT_RS__X1
SXX_ID,MIN_SXX_ID, 964, AID, 1, matty, Alloy_713LC, Pressure, 10000.0, NEX, 40, ANALYSIS_NAME, PLT_RS__X1
SXY,MIN_SXY, -43892.3, AID, 1, matty, Alloy_713LC, Pressure, 10000.0, NEX, 40, ANALYSIS_NAME, PLT_RS__X1
SXY_ID,MIN_SXY_ID, 414, AID, 1, matty, Alloy_713LC, Pressure, 10000.0, NEX, 40, ANALYSIS_NAME, PLT_RS__X1
SY,MIN_SY, 108892.280072, AID, 1, matty, Alloy_713LC, Pressure, 10000.0, NEX, 40, ANALYSIS_NAME, PLT_RS__X1
SY_ID,MIN_SY_ID, 70, AID, 1, matty, Alloy_713LC, Pressure, 10000.0, NEX, 40, ANALYSIS_NAME, PLT_RS__X1
SYY,MIN_SYY, -48728.2, AID, 1, matty, Alloy_713LC, Pressure, 10000.0, NEX, 40, ANALYSIS_NAME, PLT_RS__X1
SYY_ID,MIN_SYY_ID, 964, AID, 1, matty, Alloy_713LC, Pressure, 10000.0, NEX, 40, ANALYSIS_NAME, PLT_RS__X1
SYZ,MIN_SYZ, -21605.3, AID, 1, matty, Alloy_713LC, Pressure, 10000.0, NEX, 40, ANALYSIS_NAME, PLT_RS__X1
SYZ_ID,MIN_SYZ_ID, 3, AID, 1, matty, Alloy_713LC, Pressure, 10000.0, NEX, 40, ANALYSIS_NAME, PLT_RS__X1
SZX,MIN_SZX, -37912.1, AID, 1, matty, Alloy_713LC, Pressure, 10000.0, NEX, 40, ANALYSIS_NAME, PLT_RS__X1
SZX_ID,MIN_SZX_ID, 972, AID, 1, matty, Alloy_713LC, Pressure, 10000.0, NEX, 40, ANALYSIS_NAME, PLT_RS__X1
SZZ,MIN_SZZ, -39174.5, AID, 1, matty, Alloy_713LC, Pressure, 10000.0, NEX, 40, ANALYSIS_NAME, PLT_RS__X1
SZZ_ID,MIN_SZZ_ID, 964, AID, 1, matty, Alloy_713LC, Pressure, 10000.0, NEX, 40, ANALYSIS_NAME, PLT_RS__X1
VM,MIN_VM, 4048.21990055, AID, 1, matty, Alloy_713LC, Pressure, 10000.0, NEX, 40, ANALYSIS_NAME, PLT_RS__X1
VM_ID,MIN_VM_ID, 123, AID, 1, matty, Alloy_713LC, Pressure, 10000.0, NEX, 40, ANALYSIS_NAME, PLT_RS__X1
################################################################################



INDEPENDENT VARIABLES:
AID,1,
ANALYSIS_NAME,PLT_RS__X1,
NEX,40,
Pressure,10000.0,
matty,Alloy_713LC,

MAX RESULTS:
ALL,0.00752431784134,
ALL_ID,90,
D1,0.00269327,
D1_ID,356,
D2,0.000654896,
D2_ID,180,
D3,0.0,
D3_ID,363,
ID,1458,
ID_ID,1458,
MOSU,31.1128800296,
MOSU_ID,123,
MOSY,25.8988055854,
MOSY_ID,123,
SFU,1.0,
SFU_ID,70,
SFY,1.0,
SFY_ID,70,
SU,130000.0,
SU_ID,70,
SXX,129651.0,
SXX_ID,972,
SXY,44714.9,
SXY_ID,1386,
SY,108892.280072,
SY_ID,70,
SYY,49827.5,
SYY_ID,972,
SYZ,20569.2,
SYZ_ID,43,
SZX,45652.6,
SZX_ID,403,
SZZ,37479.8,
SZZ_ID,972,
VM,108728.495262,
VM_ID,972,

MIN RESULTS:
ALL,0.0,
ALL_ID,363,
D1,-0.00257743,
D1_ID,360,
D2,-0.000630004,
D2_ID,140,
D3,-0.00751279,
D3_ID,90,
ID,1,
ID_ID,1,
MOSU,0.195638730096,
MOSU_ID,972,
MOSY,0.00150636509502,
MOSY_ID,972,
SFU,1.0,
SFU_ID,70,
SFY,1.0,
SFY_ID,70,
SU,130000.0,
SU_ID,70,
SXX,-124379.0,
SXX_ID,964,
SXY,-43892.3,
SXY_ID,414,
SY,108892.280072,
SY_ID,70,
SYY,-48728.2,
SYY_ID,964,
SYZ,-21605.3,
SYZ_ID,3,
SZX,-37912.1,
SZX_ID,972,
SZZ,-39174.5,
SZZ_ID,964,
VM,4048.21990055,
VM_ID,123,

AVERAGE RESULTS:
ALL,0.00352220849155,
ALL_ID,NA,
D1,2.57599820569e-05,
D1_ID,NA,
D2,-1.75632127768e-06,
D2_ID,NA,
D3,-0.00339147284718,
D3_ID,NA,
ID,677.383760684,
ID_ID,NA,
MOSU,3.3438928209,
MOSU_ID,NA,
MOSY,2.65635087921,
MOSY_ID,NA,
SFU,0.890598290598,
SFU_ID,NA,
SFY,0.890598290598,
SFY_ID,NA,
SU,115777.777778,
SU_ID,NA,
SXX,-870.406049111,
SXX_ID,NA,
SXY,-2.60061976752,
SXY_ID,NA,
SY,96979.2784913,
SY_ID,NA,
SYY,-306.607249814,
SYY_ID,NA,
SYZ,28.0099844656,
SYZ_ID,NA,
SZX,-6616.65034864,
SZX_ID,NA,
SZZ,-4044.97713574,
SZZ_ID,NA,
VM,31962.2935916,
VM_ID,NA,
