#, DOE RESULTS FROM ANLAYSIS "PLAYGROUND_BUTT"
#, THE ANALYSIS TOOK PLACE ON: Friday, April 19th, 2013 at 10:31:00 AM
#, THE INPUT FILE WAS: C:\Dan\DEV\pywork\FEADOE\playground_BUTT.py
#, PERFORMED BY: dannyt
#, ANALYSIS FILES ARE STORED IN : PLAYGROUND_BUTT_MODELS.zip
#
#, INDEPENDENT VARIABLES:
#,Pressure,-10000.0
#,matty,Alloy_713LC

################################################################################
#, THE NUMBER OF ANALYSES IN DOE = 1
################################################################################
ALL,MAX_ALL, 0.00277209404694, AID, 1, Pressure, -10000.0, matty, Alloy_713LC, ANALYSIS_NAME, PLAYGROUND_BUTT_X1
ALL_ID,MAX_ALL_ID, 174, AID, 1, Pressure, -10000.0, matty, Alloy_713LC, ANALYSIS_NAME, PLAYGROUND_BUTT_X1
D1,MAX_D1, 0.00277112, AID, 1, Pressure, -10000.0, matty, Alloy_713LC, ANALYSIS_NAME, PLAYGROUND_BUTT_X1
D1_ID,MAX_D1_ID, 168, AID, 1, Pressure, -10000.0, matty, Alloy_713LC, ANALYSIS_NAME, PLAYGROUND_BUTT_X1
D2,MAX_D2, 5.19584e-05, AID, 1, Pressure, -10000.0, matty, Alloy_713LC, ANALYSIS_NAME, PLAYGROUND_BUTT_X1
D2_ID,MAX_D2_ID, 36, AID, 1, Pressure, -10000.0, matty, Alloy_713LC, ANALYSIS_NAME, PLAYGROUND_BUTT_X1
D3,MAX_D3, 5.19584e-05, AID, 1, Pressure, -10000.0, matty, Alloy_713LC, ANALYSIS_NAME, PLAYGROUND_BUTT_X1
D3_ID,MAX_D3_ID, 85, AID, 1, Pressure, -10000.0, matty, Alloy_713LC, ANALYSIS_NAME, PLAYGROUND_BUTT_X1
ID,MAX_ID, 178, AID, 1, Pressure, -10000.0, matty, Alloy_713LC, ANALYSIS_NAME, PLAYGROUND_BUTT_X1
ID_ID,MAX_ID_ID, 178, AID, 1, Pressure, -10000.0, matty, Alloy_713LC, ANALYSIS_NAME, PLAYGROUND_BUTT_X1
MOSU,MAX_MOSU, 12.0005200208, AID, 1, Pressure, -10000.0, matty, Alloy_713LC, ANALYSIS_NAME, PLAYGROUND_BUTT_X1
MOSU_ID,MAX_MOSU_ID, 106, AID, 1, Pressure, -10000.0, matty, Alloy_713LC, ANALYSIS_NAME, PLAYGROUND_BUTT_X1
MOSY,MAX_MOSY, 9.88966359373, AID, 1, Pressure, -10000.0, matty, Alloy_713LC, ANALYSIS_NAME, PLAYGROUND_BUTT_X1
MOSY_ID,MAX_MOSY_ID, 106, AID, 1, Pressure, -10000.0, matty, Alloy_713LC, ANALYSIS_NAME, PLAYGROUND_BUTT_X1
SFU,MAX_SFU, 1.0, AID, 1, Pressure, -10000.0, matty, Alloy_713LC, ANALYSIS_NAME, PLAYGROUND_BUTT_X1
SFU_ID,MAX_SFU_ID, 79, AID, 1, Pressure, -10000.0, matty, Alloy_713LC, ANALYSIS_NAME, PLAYGROUND_BUTT_X1
SFY,MAX_SFY, 1.0, AID, 1, Pressure, -10000.0, matty, Alloy_713LC, ANALYSIS_NAME, PLAYGROUND_BUTT_X1
SFY_ID,MAX_SFY_ID, 79, AID, 1, Pressure, -10000.0, matty, Alloy_713LC, ANALYSIS_NAME, PLAYGROUND_BUTT_X1
SU,MAX_SU, 130000.0, AID, 1, Pressure, -10000.0, matty, Alloy_713LC, ANALYSIS_NAME, PLAYGROUND_BUTT_X1
SU_ID,MAX_SU_ID, 79, AID, 1, Pressure, -10000.0, matty, Alloy_713LC, ANALYSIS_NAME, PLAYGROUND_BUTT_X1
SXX,MAX_SXX, 9999.6, AID, 1, Pressure, -10000.0, matty, Alloy_713LC, ANALYSIS_NAME, PLAYGROUND_BUTT_X1
SXX_ID,MAX_SXX_ID, 79, AID, 1, Pressure, -10000.0, matty, Alloy_713LC, ANALYSIS_NAME, PLAYGROUND_BUTT_X1
SXY,MAX_SXY, 2.75619e-10, AID, 1, Pressure, -10000.0, matty, Alloy_713LC, ANALYSIS_NAME, PLAYGROUND_BUTT_X1
SXY_ID,MAX_SXY_ID, 47, AID, 1, Pressure, -10000.0, matty, Alloy_713LC, ANALYSIS_NAME, PLAYGROUND_BUTT_X1
SY,MAX_SY, 108892.280072, AID, 1, Pressure, -10000.0, matty, Alloy_713LC, ANALYSIS_NAME, PLAYGROUND_BUTT_X1
SY_ID,MAX_SY_ID, 79, AID, 1, Pressure, -10000.0, matty, Alloy_713LC, ANALYSIS_NAME, PLAYGROUND_BUTT_X1
SYY,MAX_SYY, 1.73401e-10, AID, 1, Pressure, -10000.0, matty, Alloy_713LC, ANALYSIS_NAME, PLAYGROUND_BUTT_X1
SYY_ID,MAX_SYY_ID, 106, AID, 1, Pressure, -10000.0, matty, Alloy_713LC, ANALYSIS_NAME, PLAYGROUND_BUTT_X1
SYZ,MAX_SYZ, 1.17936e-10, AID, 1, Pressure, -10000.0, matty, Alloy_713LC, ANALYSIS_NAME, PLAYGROUND_BUTT_X1
SYZ_ID,MAX_SYZ_ID, 13, AID, 1, Pressure, -10000.0, matty, Alloy_713LC, ANALYSIS_NAME, PLAYGROUND_BUTT_X1
SZX,MAX_SZX, 2.75126e-10, AID, 1, Pressure, -10000.0, matty, Alloy_713LC, ANALYSIS_NAME, PLAYGROUND_BUTT_X1
SZX_ID,MAX_SZX_ID, 98, AID, 1, Pressure, -10000.0, matty, Alloy_713LC, ANALYSIS_NAME, PLAYGROUND_BUTT_X1
SZZ,MAX_SZZ, 1.80598e-10, AID, 1, Pressure, -10000.0, matty, Alloy_713LC, ANALYSIS_NAME, PLAYGROUND_BUTT_X1
SZZ_ID,MAX_SZZ_ID, 102, AID, 1, Pressure, -10000.0, matty, Alloy_713LC, ANALYSIS_NAME, PLAYGROUND_BUTT_X1
VM,MAX_VM, 9999.6, AID, 1, Pressure, -10000.0, matty, Alloy_713LC, ANALYSIS_NAME, PLAYGROUND_BUTT_X1
VM_ID,MAX_VM_ID, 100, AID, 1, Pressure, -10000.0, matty, Alloy_713LC, ANALYSIS_NAME, PLAYGROUND_BUTT_X1
================================================================================
ALL,MIN_ALL, 0.0, AID, 1, Pressure, -10000.0, matty, Alloy_713LC, ANALYSIS_NAME, PLAYGROUND_BUTT_X1
ALL_ID,MIN_ALL_ID, 11, AID, 1, Pressure, -10000.0, matty, Alloy_713LC, ANALYSIS_NAME, PLAYGROUND_BUTT_X1
D1,MIN_D1, 0.0, AID, 1, Pressure, -10000.0, matty, Alloy_713LC, ANALYSIS_NAME, PLAYGROUND_BUTT_X1
D1_ID,MIN_D1_ID, 10, AID, 1, Pressure, -10000.0, matty, Alloy_713LC, ANALYSIS_NAME, PLAYGROUND_BUTT_X1
D2,MIN_D2, -5.19584e-05, AID, 1, Pressure, -10000.0, matty, Alloy_713LC, ANALYSIS_NAME, PLAYGROUND_BUTT_X1
D2_ID,MIN_D2_ID, 34, AID, 1, Pressure, -10000.0, matty, Alloy_713LC, ANALYSIS_NAME, PLAYGROUND_BUTT_X1
D3,MIN_D3, -5.19584e-05, AID, 1, Pressure, -10000.0, matty, Alloy_713LC, ANALYSIS_NAME, PLAYGROUND_BUTT_X1
D3_ID,MIN_D3_ID, 34, AID, 1, Pressure, -10000.0, matty, Alloy_713LC, ANALYSIS_NAME, PLAYGROUND_BUTT_X1
ID,MIN_ID, 1, AID, 1, Pressure, -10000.0, matty, Alloy_713LC, ANALYSIS_NAME, PLAYGROUND_BUTT_X1
ID_ID,MIN_ID_ID, 1, AID, 1, Pressure, -10000.0, matty, Alloy_713LC, ANALYSIS_NAME, PLAYGROUND_BUTT_X1
MOSU,MIN_MOSU, 12.0005200208, AID, 1, Pressure, -10000.0, matty, Alloy_713LC, ANALYSIS_NAME, PLAYGROUND_BUTT_X1
MOSU_ID,MIN_MOSU_ID, 100, AID, 1, Pressure, -10000.0, matty, Alloy_713LC, ANALYSIS_NAME, PLAYGROUND_BUTT_X1
MOSY,MIN_MOSY, 9.88966359372, AID, 1, Pressure, -10000.0, matty, Alloy_713LC, ANALYSIS_NAME, PLAYGROUND_BUTT_X1
MOSY_ID,MIN_MOSY_ID, 100, AID, 1, Pressure, -10000.0, matty, Alloy_713LC, ANALYSIS_NAME, PLAYGROUND_BUTT_X1
SFU,MIN_SFU, 1.0, AID, 1, Pressure, -10000.0, matty, Alloy_713LC, ANALYSIS_NAME, PLAYGROUND_BUTT_X1
SFU_ID,MIN_SFU_ID, 79, AID, 1, Pressure, -10000.0, matty, Alloy_713LC, ANALYSIS_NAME, PLAYGROUND_BUTT_X1
SFY,MIN_SFY, 1.0, AID, 1, Pressure, -10000.0, matty, Alloy_713LC, ANALYSIS_NAME, PLAYGROUND_BUTT_X1
SFY_ID,MIN_SFY_ID, 79, AID, 1, Pressure, -10000.0, matty, Alloy_713LC, ANALYSIS_NAME, PLAYGROUND_BUTT_X1
SU,MIN_SU, 130000.0, AID, 1, Pressure, -10000.0, matty, Alloy_713LC, ANALYSIS_NAME, PLAYGROUND_BUTT_X1
SU_ID,MIN_SU_ID, 79, AID, 1, Pressure, -10000.0, matty, Alloy_713LC, ANALYSIS_NAME, PLAYGROUND_BUTT_X1
SXX,MIN_SXX, 9999.6, AID, 1, Pressure, -10000.0, matty, Alloy_713LC, ANALYSIS_NAME, PLAYGROUND_BUTT_X1
SXX_ID,MIN_SXX_ID, 79, AID, 1, Pressure, -10000.0, matty, Alloy_713LC, ANALYSIS_NAME, PLAYGROUND_BUTT_X1
SXY,MIN_SXY, -1.50476e-10, AID, 1, Pressure, -10000.0, matty, Alloy_713LC, ANALYSIS_NAME, PLAYGROUND_BUTT_X1
SXY_ID,MIN_SXY_ID, 174, AID, 1, Pressure, -10000.0, matty, Alloy_713LC, ANALYSIS_NAME, PLAYGROUND_BUTT_X1
SY,MIN_SY, 108892.280072, AID, 1, Pressure, -10000.0, matty, Alloy_713LC, ANALYSIS_NAME, PLAYGROUND_BUTT_X1
SY_ID,MIN_SY_ID, 79, AID, 1, Pressure, -10000.0, matty, Alloy_713LC, ANALYSIS_NAME, PLAYGROUND_BUTT_X1
SYY,MIN_SYY, -2.08268e-10, AID, 1, Pressure, -10000.0, matty, Alloy_713LC, ANALYSIS_NAME, PLAYGROUND_BUTT_X1
SYY_ID,MIN_SYY_ID, 94, AID, 1, Pressure, -10000.0, matty, Alloy_713LC, ANALYSIS_NAME, PLAYGROUND_BUTT_X1
SYZ,MIN_SYZ, -1.42452e-10, AID, 1, Pressure, -10000.0, matty, Alloy_713LC, ANALYSIS_NAME, PLAYGROUND_BUTT_X1
SYZ_ID,MIN_SYZ_ID, 9, AID, 1, Pressure, -10000.0, matty, Alloy_713LC, ANALYSIS_NAME, PLAYGROUND_BUTT_X1
SZX,MIN_SZX, -2.52211e-10, AID, 1, Pressure, -10000.0, matty, Alloy_713LC, ANALYSIS_NAME, PLAYGROUND_BUTT_X1
SZX_ID,MIN_SZX_ID, 102, AID, 1, Pressure, -10000.0, matty, Alloy_713LC, ANALYSIS_NAME, PLAYGROUND_BUTT_X1
SZZ,MIN_SZZ, -1.93649e-10, AID, 1, Pressure, -10000.0, matty, Alloy_713LC, ANALYSIS_NAME, PLAYGROUND_BUTT_X1
SZZ_ID,MIN_SZZ_ID, 178, AID, 1, Pressure, -10000.0, matty, Alloy_713LC, ANALYSIS_NAME, PLAYGROUND_BUTT_X1
VM,MIN_VM, 9999.6, AID, 1, Pressure, -10000.0, matty, Alloy_713LC, ANALYSIS_NAME, PLAYGROUND_BUTT_X1
VM_ID,MIN_VM_ID, 106, AID, 1, Pressure, -10000.0, matty, Alloy_713LC, ANALYSIS_NAME, PLAYGROUND_BUTT_X1
################################################################################



INDEPENDENT VARIABLES:
AID,1,
ANALYSIS_NAME,PLAYGROUND_BUTT_X1,
Pressure,-10000.0,
matty,Alloy_713LC,

MAX RESULTS:
ALL,0.00277209404694,
ALL_ID,174,
D1,0.00277112,
D1_ID,168,
D2,5.19584e-05,
D2_ID,36,
D3,5.19584e-05,
D3_ID,85,
ID,178,
ID_ID,178,
MOSU,12.0005200208,
MOSU_ID,106,
MOSY,9.88966359373,
MOSY_ID,106,
SFU,1.0,
SFU_ID,79,
SFY,1.0,
SFY_ID,79,
SU,130000.0,
SU_ID,79,
SXX,9999.6,
SXX_ID,79,
SXY,2.75619e-10,
SXY_ID,47,
SY,108892.280072,
SY_ID,79,
SYY,1.73401e-10,
SYY_ID,106,
SYZ,1.17936e-10,
SYZ_ID,13,
SZX,2.75126e-10,
SZX_ID,98,
SZZ,1.80598e-10,
SZZ_ID,102,
VM,9999.6,
VM_ID,100,

MIN RESULTS:
ALL,0.0,
ALL_ID,11,
D1,0.0,
D1_ID,10,
D2,-5.19584e-05,
D2_ID,34,
D3,-5.19584e-05,
D3_ID,34,
ID,1,
ID_ID,1,
MOSU,12.0005200208,
MOSU_ID,100,
MOSY,9.88966359372,
MOSY_ID,100,
SFU,1.0,
SFU_ID,79,
SFY,1.0,
SFY_ID,79,
SU,130000.0,
SU_ID,79,
SXX,9999.6,
SXX_ID,79,
SXY,-1.50476e-10,
SXY_ID,174,
SY,108892.280072,
SY_ID,79,
SYY,-2.08268e-10,
SYY_ID,94,
SYZ,-1.42452e-10,
SYZ_ID,9,
SZX,-2.52211e-10,
SZX_ID,102,
SZZ,-1.93649e-10,
SZZ_ID,178,
VM,9999.6,
VM_ID,106,

AVERAGE RESULTS:
ALL,0.00149372509572,
ALL_ID,NA,
D1,0.0014873327732,
D1_ID,NA,
D2,5.1194801034e-16,
D2_ID,NA,
D3,-1.10560590097e-16,
D3_ID,NA,
ID,85.7886597938,
ID_ID,NA,
MOSU,11.0107864108,
MOSU_ID,NA,
MOSY,9.07402123548,
MOSY_ID,NA,
SFU,0.917525773196,
SFU_ID,NA,
SFY,0.917525773196,
SFY_ID,NA,
SU,119278.350515,
SU_ID,NA,
SXX,9174.89072165,
SXX_ID,NA,
SXY,3.03457888505e-11,
SXY_ID,NA,
SY,99911.473468,
SY_ID,NA,
SYY,-1.14673165464e-12,
SYY_ID,NA,
SYZ,-1.16352590722e-12,
SYZ_ID,NA,
SZX,-1.07637360175e-11,
SZX_ID,NA,
SZZ,-1.58807147732e-12,
SZZ_ID,NA,
VM,9174.89072165,
VM_ID,NA,
