#, DOE RESULTS FROM ANLAYSIS "PLAYGROUND_BUTT"
#, THE ANALYSIS TOOK PLACE ON: Tuesday, April 16th, 2013 at 02:46:24 PM
#, THE INPUT FILE WAS: C:\Dan\DEV\pywork\FEADOE\playground_BUTT.py
#, PERFORMED BY: dannyt
#, ANALYSIS FILES ARE STORED IN : PLAYGROUND_BUTT_MODELS.zip
#
#, INDEPENDENT VARIABLES:
#,Pressure,-10000.0
#,matty,Alloy_713LC

################################################################################
#, THE NUMBER OF ANALYSES IN DOE = 1
################################################################################
ALL,MAX_ALL, 0.00277209404694, AID, 1, Pressure, -10000.0, matty, Alloy_713LC, ANALYSIS_NAME, PLAYGROUND_BUTT_X1
ALL_ID,MAX_ALL_ID, 582, AID, 1, Pressure, -10000.0, matty, Alloy_713LC, ANALYSIS_NAME, PLAYGROUND_BUTT_X1
D1,MAX_D1, 0.00277112, AID, 1, Pressure, -10000.0, matty, Alloy_713LC, ANALYSIS_NAME, PLAYGROUND_BUTT_X1
D1_ID,MAX_D1_ID, 578, AID, 1, Pressure, -10000.0, matty, Alloy_713LC, ANALYSIS_NAME, PLAYGROUND_BUTT_X1
D2,MAX_D2, 5.19584e-05, AID, 1, Pressure, -10000.0, matty, Alloy_713LC, ANALYSIS_NAME, PLAYGROUND_BUTT_X1
D2_ID,MAX_D2_ID, 139, AID, 1, Pressure, -10000.0, matty, Alloy_713LC, ANALYSIS_NAME, PLAYGROUND_BUTT_X1
D3,MAX_D3, 5.19584e-05, AID, 1, Pressure, -10000.0, matty, Alloy_713LC, ANALYSIS_NAME, PLAYGROUND_BUTT_X1
D3_ID,MAX_D3_ID, 236, AID, 1, Pressure, -10000.0, matty, Alloy_713LC, ANALYSIS_NAME, PLAYGROUND_BUTT_X1
ID,MAX_ID, 586, AID, 1, Pressure, -10000.0, matty, Alloy_713LC, ANALYSIS_NAME, PLAYGROUND_BUTT_X1
ID_ID,MAX_ID_ID, 586, AID, 1, Pressure, -10000.0, matty, Alloy_713LC, ANALYSIS_NAME, PLAYGROUND_BUTT_X1
MOSU,MAX_MOSU, 12.0005200208, AID, 1, Pressure, -10000.0, matty, Alloy_713LC, ANALYSIS_NAME, PLAYGROUND_BUTT_X1
MOSU_ID,MAX_MOSU_ID, 14, AID, 1, Pressure, -10000.0, matty, Alloy_713LC, ANALYSIS_NAME, PLAYGROUND_BUTT_X1
MOSY,MAX_MOSY, 9.88966359373, AID, 1, Pressure, -10000.0, matty, Alloy_713LC, ANALYSIS_NAME, PLAYGROUND_BUTT_X1
MOSY_ID,MAX_MOSY_ID, 14, AID, 1, Pressure, -10000.0, matty, Alloy_713LC, ANALYSIS_NAME, PLAYGROUND_BUTT_X1
SFU,MAX_SFU, 1.0, AID, 1, Pressure, -10000.0, matty, Alloy_713LC, ANALYSIS_NAME, PLAYGROUND_BUTT_X1
SFU_ID,MAX_SFU_ID, 250, AID, 1, Pressure, -10000.0, matty, Alloy_713LC, ANALYSIS_NAME, PLAYGROUND_BUTT_X1
SFY,MAX_SFY, 1.0, AID, 1, Pressure, -10000.0, matty, Alloy_713LC, ANALYSIS_NAME, PLAYGROUND_BUTT_X1
SFY_ID,MAX_SFY_ID, 250, AID, 1, Pressure, -10000.0, matty, Alloy_713LC, ANALYSIS_NAME, PLAYGROUND_BUTT_X1
SU,MAX_SU, 130000.0, AID, 1, Pressure, -10000.0, matty, Alloy_713LC, ANALYSIS_NAME, PLAYGROUND_BUTT_X1
SU_ID,MAX_SU_ID, 250, AID, 1, Pressure, -10000.0, matty, Alloy_713LC, ANALYSIS_NAME, PLAYGROUND_BUTT_X1
SXX,MAX_SXX, 9999.6, AID, 1, Pressure, -10000.0, matty, Alloy_713LC, ANALYSIS_NAME, PLAYGROUND_BUTT_X1
SXX_ID,MAX_SXX_ID, 250, AID, 1, Pressure, -10000.0, matty, Alloy_713LC, ANALYSIS_NAME, PLAYGROUND_BUTT_X1
SXY,MAX_SXY, 5.48355e-10, AID, 1, Pressure, -10000.0, matty, Alloy_713LC, ANALYSIS_NAME, PLAYGROUND_BUTT_X1
SXY_ID,MAX_SXY_ID, 9, AID, 1, Pressure, -10000.0, matty, Alloy_713LC, ANALYSIS_NAME, PLAYGROUND_BUTT_X1
SY,MAX_SY, 108892.280072, AID, 1, Pressure, -10000.0, matty, Alloy_713LC, ANALYSIS_NAME, PLAYGROUND_BUTT_X1
SY_ID,MAX_SY_ID, 250, AID, 1, Pressure, -10000.0, matty, Alloy_713LC, ANALYSIS_NAME, PLAYGROUND_BUTT_X1
SYY,MAX_SYY, 4.74921e-10, AID, 1, Pressure, -10000.0, matty, Alloy_713LC, ANALYSIS_NAME, PLAYGROUND_BUTT_X1
SYY_ID,MAX_SYY_ID, 14, AID, 1, Pressure, -10000.0, matty, Alloy_713LC, ANALYSIS_NAME, PLAYGROUND_BUTT_X1
SYZ,MAX_SYZ, 2.15798e-10, AID, 1, Pressure, -10000.0, matty, Alloy_713LC, ANALYSIS_NAME, PLAYGROUND_BUTT_X1
SYZ_ID,MAX_SYZ_ID, 19, AID, 1, Pressure, -10000.0, matty, Alloy_713LC, ANALYSIS_NAME, PLAYGROUND_BUTT_X1
SZX,MAX_SZX, 8.2463e-10, AID, 1, Pressure, -10000.0, matty, Alloy_713LC, ANALYSIS_NAME, PLAYGROUND_BUTT_X1
SZX_ID,MAX_SZX_ID, 11, AID, 1, Pressure, -10000.0, matty, Alloy_713LC, ANALYSIS_NAME, PLAYGROUND_BUTT_X1
SZZ,MAX_SZZ, 5.23771e-10, AID, 1, Pressure, -10000.0, matty, Alloy_713LC, ANALYSIS_NAME, PLAYGROUND_BUTT_X1
SZZ_ID,MAX_SZZ_ID, 12, AID, 1, Pressure, -10000.0, matty, Alloy_713LC, ANALYSIS_NAME, PLAYGROUND_BUTT_X1
VM,MAX_VM, 9999.6, AID, 1, Pressure, -10000.0, matty, Alloy_713LC, ANALYSIS_NAME, PLAYGROUND_BUTT_X1
VM_ID,MAX_VM_ID, 16, AID, 1, Pressure, -10000.0, matty, Alloy_713LC, ANALYSIS_NAME, PLAYGROUND_BUTT_X1
================================================================================
ALL,MIN_ALL, 0.0, AID, 1, Pressure, -10000.0, matty, Alloy_713LC, ANALYSIS_NAME, PLAYGROUND_BUTT_X1
ALL_ID,MIN_ALL_ID, 11, AID, 1, Pressure, -10000.0, matty, Alloy_713LC, ANALYSIS_NAME, PLAYGROUND_BUTT_X1
D1,MIN_D1, 0.0, AID, 1, Pressure, -10000.0, matty, Alloy_713LC, ANALYSIS_NAME, PLAYGROUND_BUTT_X1
D1_ID,MIN_D1_ID, 10, AID, 1, Pressure, -10000.0, matty, Alloy_713LC, ANALYSIS_NAME, PLAYGROUND_BUTT_X1
D2,MIN_D2, -5.19584e-05, AID, 1, Pressure, -10000.0, matty, Alloy_713LC, ANALYSIS_NAME, PLAYGROUND_BUTT_X1
D2_ID,MIN_D2_ID, 34, AID, 1, Pressure, -10000.0, matty, Alloy_713LC, ANALYSIS_NAME, PLAYGROUND_BUTT_X1
D3,MIN_D3, -5.19584e-05, AID, 1, Pressure, -10000.0, matty, Alloy_713LC, ANALYSIS_NAME, PLAYGROUND_BUTT_X1
D3_ID,MIN_D3_ID, 34, AID, 1, Pressure, -10000.0, matty, Alloy_713LC, ANALYSIS_NAME, PLAYGROUND_BUTT_X1
ID,MIN_ID, 1, AID, 1, Pressure, -10000.0, matty, Alloy_713LC, ANALYSIS_NAME, PLAYGROUND_BUTT_X1
ID_ID,MIN_ID_ID, 1, AID, 1, Pressure, -10000.0, matty, Alloy_713LC, ANALYSIS_NAME, PLAYGROUND_BUTT_X1
MOSU,MIN_MOSU, 12.0005200208, AID, 1, Pressure, -10000.0, matty, Alloy_713LC, ANALYSIS_NAME, PLAYGROUND_BUTT_X1
MOSU_ID,MIN_MOSU_ID, 16, AID, 1, Pressure, -10000.0, matty, Alloy_713LC, ANALYSIS_NAME, PLAYGROUND_BUTT_X1
MOSY,MIN_MOSY, 9.88966359372, AID, 1, Pressure, -10000.0, matty, Alloy_713LC, ANALYSIS_NAME, PLAYGROUND_BUTT_X1
MOSY_ID,MIN_MOSY_ID, 16, AID, 1, Pressure, -10000.0, matty, Alloy_713LC, ANALYSIS_NAME, PLAYGROUND_BUTT_X1
SFU,MIN_SFU, 1.0, AID, 1, Pressure, -10000.0, matty, Alloy_713LC, ANALYSIS_NAME, PLAYGROUND_BUTT_X1
SFU_ID,MIN_SFU_ID, 250, AID, 1, Pressure, -10000.0, matty, Alloy_713LC, ANALYSIS_NAME, PLAYGROUND_BUTT_X1
SFY,MIN_SFY, 1.0, AID, 1, Pressure, -10000.0, matty, Alloy_713LC, ANALYSIS_NAME, PLAYGROUND_BUTT_X1
SFY_ID,MIN_SFY_ID, 250, AID, 1, Pressure, -10000.0, matty, Alloy_713LC, ANALYSIS_NAME, PLAYGROUND_BUTT_X1
SU,MIN_SU, 130000.0, AID, 1, Pressure, -10000.0, matty, Alloy_713LC, ANALYSIS_NAME, PLAYGROUND_BUTT_X1
SU_ID,MIN_SU_ID, 250, AID, 1, Pressure, -10000.0, matty, Alloy_713LC, ANALYSIS_NAME, PLAYGROUND_BUTT_X1
SXX,MIN_SXX, 9999.6, AID, 1, Pressure, -10000.0, matty, Alloy_713LC, ANALYSIS_NAME, PLAYGROUND_BUTT_X1
SXX_ID,MIN_SXX_ID, 250, AID, 1, Pressure, -10000.0, matty, Alloy_713LC, ANALYSIS_NAME, PLAYGROUND_BUTT_X1
SXY,MIN_SXY, -4.84687e-10, AID, 1, Pressure, -10000.0, matty, Alloy_713LC, ANALYSIS_NAME, PLAYGROUND_BUTT_X1
SXY_ID,MIN_SXY_ID, 13, AID, 1, Pressure, -10000.0, matty, Alloy_713LC, ANALYSIS_NAME, PLAYGROUND_BUTT_X1
SY,MIN_SY, 108892.280072, AID, 1, Pressure, -10000.0, matty, Alloy_713LC, ANALYSIS_NAME, PLAYGROUND_BUTT_X1
SY_ID,MIN_SY_ID, 250, AID, 1, Pressure, -10000.0, matty, Alloy_713LC, ANALYSIS_NAME, PLAYGROUND_BUTT_X1
SYY,MIN_SYY, -4.60146e-10, AID, 1, Pressure, -10000.0, matty, Alloy_713LC, ANALYSIS_NAME, PLAYGROUND_BUTT_X1
SYY_ID,MIN_SYY_ID, 16, AID, 1, Pressure, -10000.0, matty, Alloy_713LC, ANALYSIS_NAME, PLAYGROUND_BUTT_X1
SYZ,MIN_SYZ, -4.07194e-10, AID, 1, Pressure, -10000.0, matty, Alloy_713LC, ANALYSIS_NAME, PLAYGROUND_BUTT_X1
SYZ_ID,MIN_SYZ_ID, 3, AID, 1, Pressure, -10000.0, matty, Alloy_713LC, ANALYSIS_NAME, PLAYGROUND_BUTT_X1
SZX,MIN_SZX, -5.0464e-10, AID, 1, Pressure, -10000.0, matty, Alloy_713LC, ANALYSIS_NAME, PLAYGROUND_BUTT_X1
SZX_ID,MIN_SZX_ID, 3, AID, 1, Pressure, -10000.0, matty, Alloy_713LC, ANALYSIS_NAME, PLAYGROUND_BUTT_X1
SZZ,MIN_SZZ, -5.24444e-10, AID, 1, Pressure, -10000.0, matty, Alloy_713LC, ANALYSIS_NAME, PLAYGROUND_BUTT_X1
SZZ_ID,MIN_SZZ_ID, 10, AID, 1, Pressure, -10000.0, matty, Alloy_713LC, ANALYSIS_NAME, PLAYGROUND_BUTT_X1
VM,MIN_VM, 9999.6, AID, 1, Pressure, -10000.0, matty, Alloy_713LC, ANALYSIS_NAME, PLAYGROUND_BUTT_X1
VM_ID,MIN_VM_ID, 14, AID, 1, Pressure, -10000.0, matty, Alloy_713LC, ANALYSIS_NAME, PLAYGROUND_BUTT_X1
################################################################################



INDEPENDENT VARIABLES:
AID,1,
ANALYSIS_NAME,PLAYGROUND_BUTT_X1,
Pressure,-10000.0,
matty,Alloy_713LC,

MAX RESULTS:
ALL,0.00277209404694,
ALL_ID,582,
D1,0.00277112,
D1_ID,578,
D2,5.19584e-05,
D2_ID,139,
D3,5.19584e-05,
D3_ID,236,
ID,586,
ID_ID,586,
MOSU,12.0005200208,
MOSU_ID,14,
MOSY,9.88966359373,
MOSY_ID,14,
SFU,1.0,
SFU_ID,250,
SFY,1.0,
SFY_ID,250,
SU,130000.0,
SU_ID,250,
SXX,9999.6,
SXX_ID,250,
SXY,5.48355e-10,
SXY_ID,9,
SY,108892.280072,
SY_ID,250,
SYY,4.74921e-10,
SYY_ID,14,
SYZ,2.15798e-10,
SYZ_ID,19,
SZX,8.2463e-10,
SZX_ID,11,
SZZ,5.23771e-10,
SZZ_ID,12,
VM,9999.6,
VM_ID,16,

MIN RESULTS:
ALL,0.0,
ALL_ID,11,
D1,0.0,
D1_ID,10,
D2,-5.19584e-05,
D2_ID,34,
D3,-5.19584e-05,
D3_ID,34,
ID,1,
ID_ID,1,
MOSU,12.0005200208,
MOSU_ID,16,
MOSY,9.88966359372,
MOSY_ID,16,
SFU,1.0,
SFU_ID,250,
SFY,1.0,
SFY_ID,250,
SU,130000.0,
SU_ID,250,
SXX,9999.6,
SXX_ID,250,
SXY,-4.84687e-10,
SXY_ID,13,
SY,108892.280072,
SY_ID,250,
SYY,-4.60146e-10,
SYY_ID,16,
SYZ,-4.07194e-10,
SYZ_ID,3,
SZX,-5.0464e-10,
SZX_ID,3,
SZZ,-5.24444e-10,
SZZ_ID,10,
VM,9999.6,
VM_ID,14,

AVERAGE RESULTS:
ALL,0.00132609336079,
ALL_ID,NA,
D1,0.00132272713675,
D1_ID,NA,
D2,-4.44745898612e-18,
D2_ID,NA,
D3,7.89443719801e-16,
D3_ID,NA,
ID,277.802839117,
ID_ID,NA,
MOSU,10.7891110597,
MOSU_ID,NA,
MOSY,8.89133793127,
MOSY_ID,NA,
SFU,0.89905362776,
SFU_ID,NA,
SFY,0.89905362776,
SFY_ID,NA,
SU,116876.971609,
SU_ID,NA,
SXX,8990.17665615,
SXX_ID,NA,
SXY,3.76877065931e-12,
SXY_ID,NA,
SY,97899.9994336,
SY_ID,NA,
SYY,1.21169194587e-12,
SYY_ID,NA,
SYZ,-2.2015654e-12,
SYZ_ID,NA,
SZX,7.0935276817e-11,
SZX_ID,NA,
SZZ,1.81051997003e-12,
SZZ_ID,NA,
VM,8990.17665615,
VM_ID,NA,
