#, DOE RESULTS FROM ANLAYSIS "PGT2"
#, THE ANALYSIS TOOK PLACE ON: Thursday, April 11th, 2013 at 12:49:26 PM
#, THE INPUT FILE WAS: C:\Dan\DEV\pywork\FEADOE\playground.py
#, PERFORMED BY: dannyt
#, ANALYSIS FILES ARE STORED IN : PGT2_MODELS.zip
#
#, INDEPENDENT VARIABLES:
#,NEX,40
#,Pressure,-10000.0
#,matty,Alloy_713LC

################################################################################
#, THE NUMBER OF ANALYSES IN DOE = 1
################################################################################
ALL,MAX_ALL, 0.0017335080482, AID, 1, matty, Alloy_713LC, Pressure, -10000.0, NEX, 40, ANALYSIS_NAME, PGT2_X1
ALL_ID,MAX_ALL_ID, 366, AID, 1, matty, Alloy_713LC, Pressure, -10000.0, NEX, 40, ANALYSIS_NAME, PGT2_X1
D1,MAX_D1, 0.00173195, AID, 1, matty, Alloy_713LC, Pressure, -10000.0, NEX, 40, ANALYSIS_NAME, PGT2_X1
D1_ID,MAX_D1_ID, 366, AID, 1, matty, Alloy_713LC, Pressure, -10000.0, NEX, 40, ANALYSIS_NAME, PGT2_X1
D2,MAX_D2, 5.19584e-05, AID, 1, matty, Alloy_713LC, Pressure, -10000.0, NEX, 40, ANALYSIS_NAME, PGT2_X1
D2_ID,MAX_D2_ID, 141, AID, 1, matty, Alloy_713LC, Pressure, -10000.0, NEX, 40, ANALYSIS_NAME, PGT2_X1
D3,MAX_D3, 5.19584e-05, AID, 1, matty, Alloy_713LC, Pressure, -10000.0, NEX, 40, ANALYSIS_NAME, PGT2_X1
D3_ID,MAX_D3_ID, 85, AID, 1, matty, Alloy_713LC, Pressure, -10000.0, NEX, 40, ANALYSIS_NAME, PGT2_X1
ID,MAX_ID, 382, AID, 1, matty, Alloy_713LC, Pressure, -10000.0, NEX, 40, ANALYSIS_NAME, PGT2_X1
ID_ID,MAX_ID_ID, 382, AID, 1, matty, Alloy_713LC, Pressure, -10000.0, NEX, 40, ANALYSIS_NAME, PGT2_X1
MOSU,MAX_MOSU, 12.0005200208, AID, 1, matty, Alloy_713LC, Pressure, -10000.0, NEX, 40, ANALYSIS_NAME, PGT2_X1
MOSU_ID,MAX_MOSU_ID, 382, AID, 1, matty, Alloy_713LC, Pressure, -10000.0, NEX, 40, ANALYSIS_NAME, PGT2_X1
MOSY,MAX_MOSY, 9.88966359373, AID, 1, matty, Alloy_713LC, Pressure, -10000.0, NEX, 40, ANALYSIS_NAME, PGT2_X1
MOSY_ID,MAX_MOSY_ID, 382, AID, 1, matty, Alloy_713LC, Pressure, -10000.0, NEX, 40, ANALYSIS_NAME, PGT2_X1
SFU,MAX_SFU, 1.0, AID, 1, matty, Alloy_713LC, Pressure, -10000.0, NEX, 40, ANALYSIS_NAME, PGT2_X1
SFU_ID,MAX_SFU_ID, 190, AID, 1, matty, Alloy_713LC, Pressure, -10000.0, NEX, 40, ANALYSIS_NAME, PGT2_X1
SFY,MAX_SFY, 1.0, AID, 1, matty, Alloy_713LC, Pressure, -10000.0, NEX, 40, ANALYSIS_NAME, PGT2_X1
SFY_ID,MAX_SFY_ID, 190, AID, 1, matty, Alloy_713LC, Pressure, -10000.0, NEX, 40, ANALYSIS_NAME, PGT2_X1
SU,MAX_SU, 130000.0, AID, 1, matty, Alloy_713LC, Pressure, -10000.0, NEX, 40, ANALYSIS_NAME, PGT2_X1
SU_ID,MAX_SU_ID, 190, AID, 1, matty, Alloy_713LC, Pressure, -10000.0, NEX, 40, ANALYSIS_NAME, PGT2_X1
SXX,MAX_SXX, 9999.6, AID, 1, matty, Alloy_713LC, Pressure, -10000.0, NEX, 40, ANALYSIS_NAME, PGT2_X1
SXX_ID,MAX_SXX_ID, 190, AID, 1, matty, Alloy_713LC, Pressure, -10000.0, NEX, 40, ANALYSIS_NAME, PGT2_X1
SXY,MAX_SXY, 1.87881e-10, AID, 1, matty, Alloy_713LC, Pressure, -10000.0, NEX, 40, ANALYSIS_NAME, PGT2_X1
SXY_ID,MAX_SXY_ID, 310, AID, 1, matty, Alloy_713LC, Pressure, -10000.0, NEX, 40, ANALYSIS_NAME, PGT2_X1
SY,MAX_SY, 108892.280072, AID, 1, matty, Alloy_713LC, Pressure, -10000.0, NEX, 40, ANALYSIS_NAME, PGT2_X1
SY_ID,MAX_SY_ID, 190, AID, 1, matty, Alloy_713LC, Pressure, -10000.0, NEX, 40, ANALYSIS_NAME, PGT2_X1
SYY,MAX_SYY, 1.93026e-10, AID, 1, matty, Alloy_713LC, Pressure, -10000.0, NEX, 40, ANALYSIS_NAME, PGT2_X1
SYY_ID,MAX_SYY_ID, 382, AID, 1, matty, Alloy_713LC, Pressure, -10000.0, NEX, 40, ANALYSIS_NAME, PGT2_X1
SYZ,MAX_SYZ, 9.53641e-11, AID, 1, matty, Alloy_713LC, Pressure, -10000.0, NEX, 40, ANALYSIS_NAME, PGT2_X1
SYZ_ID,MAX_SYZ_ID, 378, AID, 1, matty, Alloy_713LC, Pressure, -10000.0, NEX, 40, ANALYSIS_NAME, PGT2_X1
SZX,MAX_SZX, 2.0935e-10, AID, 1, matty, Alloy_713LC, Pressure, -10000.0, NEX, 40, ANALYSIS_NAME, PGT2_X1
SZX_ID,MAX_SZX_ID, 336, AID, 1, matty, Alloy_713LC, Pressure, -10000.0, NEX, 40, ANALYSIS_NAME, PGT2_X1
SZZ,MAX_SZZ, 1.7487e-10, AID, 1, matty, Alloy_713LC, Pressure, -10000.0, NEX, 40, ANALYSIS_NAME, PGT2_X1
SZZ_ID,MAX_SZZ_ID, 338, AID, 1, matty, Alloy_713LC, Pressure, -10000.0, NEX, 40, ANALYSIS_NAME, PGT2_X1
VM,MAX_VM, 9999.6, AID, 1, matty, Alloy_713LC, Pressure, -10000.0, NEX, 40, ANALYSIS_NAME, PGT2_X1
VM_ID,MAX_VM_ID, 209, AID, 1, matty, Alloy_713LC, Pressure, -10000.0, NEX, 40, ANALYSIS_NAME, PGT2_X1
================================================================================
ALL,MIN_ALL, 0.0, AID, 1, matty, Alloy_713LC, Pressure, -10000.0, NEX, 40, ANALYSIS_NAME, PGT2_X1
ALL_ID,MIN_ALL_ID, 11, AID, 1, matty, Alloy_713LC, Pressure, -10000.0, NEX, 40, ANALYSIS_NAME, PGT2_X1
D1,MIN_D1, 0.0, AID, 1, matty, Alloy_713LC, Pressure, -10000.0, NEX, 40, ANALYSIS_NAME, PGT2_X1
D1_ID,MIN_D1_ID, 10, AID, 1, matty, Alloy_713LC, Pressure, -10000.0, NEX, 40, ANALYSIS_NAME, PGT2_X1
D2,MIN_D2, -5.19584e-05, AID, 1, matty, Alloy_713LC, Pressure, -10000.0, NEX, 40, ANALYSIS_NAME, PGT2_X1
D2_ID,MIN_D2_ID, 190, AID, 1, matty, Alloy_713LC, Pressure, -10000.0, NEX, 40, ANALYSIS_NAME, PGT2_X1
D3,MIN_D3, -5.19584e-05, AID, 1, matty, Alloy_713LC, Pressure, -10000.0, NEX, 40, ANALYSIS_NAME, PGT2_X1
D3_ID,MIN_D3_ID, 34, AID, 1, matty, Alloy_713LC, Pressure, -10000.0, NEX, 40, ANALYSIS_NAME, PGT2_X1
ID,MIN_ID, 1, AID, 1, matty, Alloy_713LC, Pressure, -10000.0, NEX, 40, ANALYSIS_NAME, PGT2_X1
ID_ID,MIN_ID_ID, 1, AID, 1, matty, Alloy_713LC, Pressure, -10000.0, NEX, 40, ANALYSIS_NAME, PGT2_X1
MOSU,MIN_MOSU, 12.0005200208, AID, 1, matty, Alloy_713LC, Pressure, -10000.0, NEX, 40, ANALYSIS_NAME, PGT2_X1
MOSU_ID,MIN_MOSU_ID, 209, AID, 1, matty, Alloy_713LC, Pressure, -10000.0, NEX, 40, ANALYSIS_NAME, PGT2_X1
MOSY,MIN_MOSY, 9.88966359372, AID, 1, matty, Alloy_713LC, Pressure, -10000.0, NEX, 40, ANALYSIS_NAME, PGT2_X1
MOSY_ID,MIN_MOSY_ID, 209, AID, 1, matty, Alloy_713LC, Pressure, -10000.0, NEX, 40, ANALYSIS_NAME, PGT2_X1
SFU,MIN_SFU, 1.0, AID, 1, matty, Alloy_713LC, Pressure, -10000.0, NEX, 40, ANALYSIS_NAME, PGT2_X1
SFU_ID,MIN_SFU_ID, 190, AID, 1, matty, Alloy_713LC, Pressure, -10000.0, NEX, 40, ANALYSIS_NAME, PGT2_X1
SFY,MIN_SFY, 1.0, AID, 1, matty, Alloy_713LC, Pressure, -10000.0, NEX, 40, ANALYSIS_NAME, PGT2_X1
SFY_ID,MIN_SFY_ID, 190, AID, 1, matty, Alloy_713LC, Pressure, -10000.0, NEX, 40, ANALYSIS_NAME, PGT2_X1
SU,MIN_SU, 130000.0, AID, 1, matty, Alloy_713LC, Pressure, -10000.0, NEX, 40, ANALYSIS_NAME, PGT2_X1
SU_ID,MIN_SU_ID, 190, AID, 1, matty, Alloy_713LC, Pressure, -10000.0, NEX, 40, ANALYSIS_NAME, PGT2_X1
SXX,MIN_SXX, 9999.6, AID, 1, matty, Alloy_713LC, Pressure, -10000.0, NEX, 40, ANALYSIS_NAME, PGT2_X1
SXX_ID,MIN_SXX_ID, 190, AID, 1, matty, Alloy_713LC, Pressure, -10000.0, NEX, 40, ANALYSIS_NAME, PGT2_X1
SXY,MIN_SXY, -1.95582e-10, AID, 1, matty, Alloy_713LC, Pressure, -10000.0, NEX, 40, ANALYSIS_NAME, PGT2_X1
SXY_ID,MIN_SXY_ID, 280, AID, 1, matty, Alloy_713LC, Pressure, -10000.0, NEX, 40, ANALYSIS_NAME, PGT2_X1
SY,MIN_SY, 108892.280072, AID, 1, matty, Alloy_713LC, Pressure, -10000.0, NEX, 40, ANALYSIS_NAME, PGT2_X1
SY_ID,MIN_SY_ID, 190, AID, 1, matty, Alloy_713LC, Pressure, -10000.0, NEX, 40, ANALYSIS_NAME, PGT2_X1
SYY,MIN_SYY, -2.16282e-10, AID, 1, matty, Alloy_713LC, Pressure, -10000.0, NEX, 40, ANALYSIS_NAME, PGT2_X1
SYY_ID,MIN_SYY_ID, 209, AID, 1, matty, Alloy_713LC, Pressure, -10000.0, NEX, 40, ANALYSIS_NAME, PGT2_X1
SYZ,MIN_SYZ, -6.11612e-11, AID, 1, matty, Alloy_713LC, Pressure, -10000.0, NEX, 40, ANALYSIS_NAME, PGT2_X1
SYZ_ID,MIN_SYZ_ID, 367, AID, 1, matty, Alloy_713LC, Pressure, -10000.0, NEX, 40, ANALYSIS_NAME, PGT2_X1
SZX,MIN_SZX, -2.02583e-10, AID, 1, matty, Alloy_713LC, Pressure, -10000.0, NEX, 40, ANALYSIS_NAME, PGT2_X1
SZX_ID,MIN_SZX_ID, 328, AID, 1, matty, Alloy_713LC, Pressure, -10000.0, NEX, 40, ANALYSIS_NAME, PGT2_X1
SZZ,MIN_SZZ, -1.67389e-10, AID, 1, matty, Alloy_713LC, Pressure, -10000.0, NEX, 40, ANALYSIS_NAME, PGT2_X1
SZZ_ID,MIN_SZZ_ID, 209, AID, 1, matty, Alloy_713LC, Pressure, -10000.0, NEX, 40, ANALYSIS_NAME, PGT2_X1
VM,MIN_VM, 9999.6, AID, 1, matty, Alloy_713LC, Pressure, -10000.0, NEX, 40, ANALYSIS_NAME, PGT2_X1
VM_ID,MIN_VM_ID, 382, AID, 1, matty, Alloy_713LC, Pressure, -10000.0, NEX, 40, ANALYSIS_NAME, PGT2_X1
################################################################################



INDEPENDENT VARIABLES:
AID,1,
ANALYSIS_NAME,PGT2_X1,
NEX,40,
Pressure,-10000.0,
matty,Alloy_713LC,

MAX RESULTS:
ALL,0.0017335080482,
ALL_ID,366,
D1,0.00173195,
D1_ID,366,
D2,5.19584e-05,
D2_ID,141,
D3,5.19584e-05,
D3_ID,85,
ID,382,
ID_ID,382,
MOSU,12.0005200208,
MOSU_ID,382,
MOSY,9.88966359373,
MOSY_ID,382,
SFU,1.0,
SFU_ID,190,
SFY,1.0,
SFY_ID,190,
SU,130000.0,
SU_ID,190,
SXX,9999.6,
SXX_ID,190,
SXY,1.87881e-10,
SXY_ID,310,
SY,108892.280072,
SY_ID,190,
SYY,1.93026e-10,
SYY_ID,382,
SYZ,9.53641e-11,
SYZ_ID,378,
SZX,2.0935e-10,
SZX_ID,336,
SZZ,1.7487e-10,
SZZ_ID,338,
VM,9999.6,
VM_ID,209,

MIN RESULTS:
ALL,0.0,
ALL_ID,11,
D1,0.0,
D1_ID,10,
D2,-5.19584e-05,
D2_ID,190,
D3,-5.19584e-05,
D3_ID,34,
ID,1,
ID_ID,1,
MOSU,12.0005200208,
MOSU_ID,209,
MOSY,9.88966359372,
MOSY_ID,209,
SFU,1.0,
SFU_ID,190,
SFY,1.0,
SFY_ID,190,
SU,130000.0,
SU_ID,190,
SXX,9999.6,
SXX_ID,190,
SXY,-1.95582e-10,
SXY_ID,280,
SY,108892.280072,
SY_ID,190,
SYY,-2.16282e-10,
SYY_ID,209,
SYZ,-6.11612e-11,
SYZ_ID,367,
SZX,-2.02583e-10,
SZX_ID,328,
SZZ,-1.67389e-10,
SZZ_ID,209,
VM,9999.6,
VM_ID,382,

AVERAGE RESULTS:
ALL,0.000836138823208,
ALL_ID,NA,
D1,0.000831251035507,
D1_ID,NA,
D2,1.64240350217e-17,
D2_ID,NA,
D3,6.22864089577e-17,
D3_ID,NA,
ID,181.896135266,
ID_ID,NA,
MOSU,10.8410494874,
MOSU_ID,NA,
MOSY,8.93414054119,
MOSY_ID,NA,
SFU,0.903381642512,
SFU_ID,NA,
SFY,0.903381642512,
SFY_ID,NA,
SU,117439.613527,
SU_ID,NA,
SXX,9033.45507246,
SXX_ID,NA,
SXY,1.12476456449e-11,
SXY_ID,NA,
SY,98371.2868282,
SY_ID,NA,
SYY,-3.88380643092e-13,
SYY_ID,NA,
SYZ,4.57014209932e-13,
SYZ_ID,NA,
SZX,1.34559603696e-11,
SZX_ID,NA,
SZZ,6.00718642512e-14,
SZZ_ID,NA,
VM,9033.45507246,
VM_ID,NA,
