#, DOE RESULTS FROM ANLAYSIS "PGT5"
#, THE ANALYSIS TOOK PLACE ON: Thursday, April 11th, 2013 at 01:31:39 PM
#, THE INPUT FILE WAS: C:\Dan\DEV\pywork\FEADOE\playground.py
#, PERFORMED BY: dannyt
#, ANALYSIS FILES ARE STORED IN : PGT5_MODELS.zip
#
#, INDEPENDENT VARIABLES:
#,NEX,40
#,Pressure,-10000.0
#,matty,Alloy_713LC

################################################################################
#, THE NUMBER OF ANALYSES IN DOE = 1
################################################################################
ALL,MAX_ALL, 0.00173351745779, AID, 1, matty, Alloy_713LC, Pressure, -10000.0, NEX, 40, ANALYSIS_NAME, PGT5_X1
ALL_ID,MAX_ALL_ID, 1473, AID, 1, matty, Alloy_713LC, Pressure, -10000.0, NEX, 40, ANALYSIS_NAME, PGT5_X1
D1,MAX_D1, 0.001732, AID, 1, matty, Alloy_713LC, Pressure, -10000.0, NEX, 40, ANALYSIS_NAME, PGT5_X1
D1_ID,MAX_D1_ID, 1483, AID, 1, matty, Alloy_713LC, Pressure, -10000.0, NEX, 40, ANALYSIS_NAME, PGT5_X1
D2,MAX_D2, 5.21481e-05, AID, 1, matty, Alloy_713LC, Pressure, -10000.0, NEX, 40, ANALYSIS_NAME, PGT5_X1
D2_ID,MAX_D2_ID, 1050, AID, 1, matty, Alloy_713LC, Pressure, -10000.0, NEX, 40, ANALYSIS_NAME, PGT5_X1
D3,MAX_D3, 5.21481e-05, AID, 1, matty, Alloy_713LC, Pressure, -10000.0, NEX, 40, ANALYSIS_NAME, PGT5_X1
D3_ID,MAX_D3_ID, 1134, AID, 1, matty, Alloy_713LC, Pressure, -10000.0, NEX, 40, ANALYSIS_NAME, PGT5_X1
ID,MAX_ID, 1489, AID, 1, matty, Alloy_713LC, Pressure, -10000.0, NEX, 40, ANALYSIS_NAME, PGT5_X1
ID_ID,MAX_ID_ID, 1489, AID, 1, matty, Alloy_713LC, Pressure, -10000.0, NEX, 40, ANALYSIS_NAME, PGT5_X1
MOSU,MAX_MOSU, 12.2502746106, AID, 1, matty, Alloy_713LC, Pressure, -10000.0, NEX, 40, ANALYSIS_NAME, PGT5_X1
MOSU_ID,MAX_MOSU_ID, 1241, AID, 1, matty, Alloy_713LC, Pressure, -10000.0, NEX, 40, ANALYSIS_NAME, PGT5_X1
MOSY,MAX_MOSY, 10.0988662609, AID, 1, matty, Alloy_713LC, Pressure, -10000.0, NEX, 40, ANALYSIS_NAME, PGT5_X1
MOSY_ID,MAX_MOSY_ID, 1241, AID, 1, matty, Alloy_713LC, Pressure, -10000.0, NEX, 40, ANALYSIS_NAME, PGT5_X1
SFU,MAX_SFU, 1.0, AID, 1, matty, Alloy_713LC, Pressure, -10000.0, NEX, 40, ANALYSIS_NAME, PGT5_X1
SFU_ID,MAX_SFU_ID, 1023, AID, 1, matty, Alloy_713LC, Pressure, -10000.0, NEX, 40, ANALYSIS_NAME, PGT5_X1
SFY,MAX_SFY, 1.0, AID, 1, matty, Alloy_713LC, Pressure, -10000.0, NEX, 40, ANALYSIS_NAME, PGT5_X1
SFY_ID,MAX_SFY_ID, 1023, AID, 1, matty, Alloy_713LC, Pressure, -10000.0, NEX, 40, ANALYSIS_NAME, PGT5_X1
SU,MAX_SU, 130000.0, AID, 1, matty, Alloy_713LC, Pressure, -10000.0, NEX, 40, ANALYSIS_NAME, PGT5_X1
SU_ID,MAX_SU_ID, 1023, AID, 1, matty, Alloy_713LC, Pressure, -10000.0, NEX, 40, ANALYSIS_NAME, PGT5_X1
SXX,MAX_SXX, 10176.5, AID, 1, matty, Alloy_713LC, Pressure, -10000.0, NEX, 40, ANALYSIS_NAME, PGT5_X1
SXX_ID,MAX_SXX_ID, 1207, AID, 1, matty, Alloy_713LC, Pressure, -10000.0, NEX, 40, ANALYSIS_NAME, PGT5_X1
SXY,MAX_SXY, 203.414, AID, 1, matty, Alloy_713LC, Pressure, -10000.0, NEX, 40, ANALYSIS_NAME, PGT5_X1
SXY_ID,MAX_SXY_ID, 1263, AID, 1, matty, Alloy_713LC, Pressure, -10000.0, NEX, 40, ANALYSIS_NAME, PGT5_X1
SY,MAX_SY, 108892.280072, AID, 1, matty, Alloy_713LC, Pressure, -10000.0, NEX, 40, ANALYSIS_NAME, PGT5_X1
SY_ID,MAX_SY_ID, 1023, AID, 1, matty, Alloy_713LC, Pressure, -10000.0, NEX, 40, ANALYSIS_NAME, PGT5_X1
SYY,MAX_SYY, 36.0701, AID, 1, matty, Alloy_713LC, Pressure, -10000.0, NEX, 40, ANALYSIS_NAME, PGT5_X1
SYY_ID,MAX_SYY_ID, 1182, AID, 1, matty, Alloy_713LC, Pressure, -10000.0, NEX, 40, ANALYSIS_NAME, PGT5_X1
SYZ,MAX_SYZ, 17.6836, AID, 1, matty, Alloy_713LC, Pressure, -10000.0, NEX, 40, ANALYSIS_NAME, PGT5_X1
SYZ_ID,MAX_SYZ_ID, 1332, AID, 1, matty, Alloy_713LC, Pressure, -10000.0, NEX, 40, ANALYSIS_NAME, PGT5_X1
SZX,MAX_SZX, 203.414, AID, 1, matty, Alloy_713LC, Pressure, -10000.0, NEX, 40, ANALYSIS_NAME, PGT5_X1
SZX_ID,MAX_SZX_ID, 1165, AID, 1, matty, Alloy_713LC, Pressure, -10000.0, NEX, 40, ANALYSIS_NAME, PGT5_X1
SZZ,MAX_SZZ, 36.0701, AID, 1, matty, Alloy_713LC, Pressure, -10000.0, NEX, 40, ANALYSIS_NAME, PGT5_X1
SZZ_ID,MAX_SZZ_ID, 1182, AID, 1, matty, Alloy_713LC, Pressure, -10000.0, NEX, 40, ANALYSIS_NAME, PGT5_X1
VM,MAX_VM, 10144.4046182, AID, 1, matty, Alloy_713LC, Pressure, -10000.0, NEX, 40, ANALYSIS_NAME, PGT5_X1
VM_ID,MAX_VM_ID, 1197, AID, 1, matty, Alloy_713LC, Pressure, -10000.0, NEX, 40, ANALYSIS_NAME, PGT5_X1
================================================================================
ALL,MIN_ALL, 7.44281e-06, AID, 1, matty, Alloy_713LC, Pressure, -10000.0, NEX, 40, ANALYSIS_NAME, PGT5_X1
ALL_ID,MIN_ALL_ID, 77, AID, 1, matty, Alloy_713LC, Pressure, -10000.0, NEX, 40, ANALYSIS_NAME, PGT5_X1
D1,MIN_D1, 0.0, AID, 1, matty, Alloy_713LC, Pressure, -10000.0, NEX, 40, ANALYSIS_NAME, PGT5_X1
D1_ID,MIN_D1_ID, 120, AID, 1, matty, Alloy_713LC, Pressure, -10000.0, NEX, 40, ANALYSIS_NAME, PGT5_X1
D2,MIN_D2, -5.21481e-05, AID, 1, matty, Alloy_713LC, Pressure, -10000.0, NEX, 40, ANALYSIS_NAME, PGT5_X1
D2_ID,MIN_D2_ID, 1150, AID, 1, matty, Alloy_713LC, Pressure, -10000.0, NEX, 40, ANALYSIS_NAME, PGT5_X1
D3,MIN_D3, -5.21481e-05, AID, 1, matty, Alloy_713LC, Pressure, -10000.0, NEX, 40, ANALYSIS_NAME, PGT5_X1
D3_ID,MIN_D3_ID, 1141, AID, 1, matty, Alloy_713LC, Pressure, -10000.0, NEX, 40, ANALYSIS_NAME, PGT5_X1
ID,MIN_ID, 1, AID, 1, matty, Alloy_713LC, Pressure, -10000.0, NEX, 40, ANALYSIS_NAME, PGT5_X1
ID_ID,MIN_ID_ID, 1, AID, 1, matty, Alloy_713LC, Pressure, -10000.0, NEX, 40, ANALYSIS_NAME, PGT5_X1
MOSU,MIN_MOSU, 11.8149462579, AID, 1, matty, Alloy_713LC, Pressure, -10000.0, NEX, 40, ANALYSIS_NAME, PGT5_X1
MOSU_ID,MIN_MOSU_ID, 1197, AID, 1, matty, Alloy_713LC, Pressure, -10000.0, NEX, 40, ANALYSIS_NAME, PGT5_X1
MOSY,MIN_MOSY, 9.73422090014, AID, 1, matty, Alloy_713LC, Pressure, -10000.0, NEX, 40, ANALYSIS_NAME, PGT5_X1
MOSY_ID,MIN_MOSY_ID, 1197, AID, 1, matty, Alloy_713LC, Pressure, -10000.0, NEX, 40, ANALYSIS_NAME, PGT5_X1
SFU,MIN_SFU, 1.0, AID, 1, matty, Alloy_713LC, Pressure, -10000.0, NEX, 40, ANALYSIS_NAME, PGT5_X1
SFU_ID,MIN_SFU_ID, 1023, AID, 1, matty, Alloy_713LC, Pressure, -10000.0, NEX, 40, ANALYSIS_NAME, PGT5_X1
SFY,MIN_SFY, 1.0, AID, 1, matty, Alloy_713LC, Pressure, -10000.0, NEX, 40, ANALYSIS_NAME, PGT5_X1
SFY_ID,MIN_SFY_ID, 1023, AID, 1, matty, Alloy_713LC, Pressure, -10000.0, NEX, 40, ANALYSIS_NAME, PGT5_X1
SU,MIN_SU, 130000.0, AID, 1, matty, Alloy_713LC, Pressure, -10000.0, NEX, 40, ANALYSIS_NAME, PGT5_X1
SU_ID,MIN_SU_ID, 1023, AID, 1, matty, Alloy_713LC, Pressure, -10000.0, NEX, 40, ANALYSIS_NAME, PGT5_X1
SXX,MIN_SXX, 9744.79, AID, 1, matty, Alloy_713LC, Pressure, -10000.0, NEX, 40, ANALYSIS_NAME, PGT5_X1
SXX_ID,MIN_SXX_ID, 1241, AID, 1, matty, Alloy_713LC, Pressure, -10000.0, NEX, 40, ANALYSIS_NAME, PGT5_X1
SXY,MIN_SXY, -203.414, AID, 1, matty, Alloy_713LC, Pressure, -10000.0, NEX, 40, ANALYSIS_NAME, PGT5_X1
SXY_ID,MIN_SXY_ID, 1240, AID, 1, matty, Alloy_713LC, Pressure, -10000.0, NEX, 40, ANALYSIS_NAME, PGT5_X1
SY,MIN_SY, 108892.280072, AID, 1, matty, Alloy_713LC, Pressure, -10000.0, NEX, 40, ANALYSIS_NAME, PGT5_X1
SY_ID,MIN_SY_ID, 1023, AID, 1, matty, Alloy_713LC, Pressure, -10000.0, NEX, 40, ANALYSIS_NAME, PGT5_X1
SYY,MIN_SYY, -87.7278, AID, 1, matty, Alloy_713LC, Pressure, -10000.0, NEX, 40, ANALYSIS_NAME, PGT5_X1
SYY_ID,MIN_SYY_ID, 1263, AID, 1, matty, Alloy_713LC, Pressure, -10000.0, NEX, 40, ANALYSIS_NAME, PGT5_X1
SYZ,MIN_SYZ, -17.6836, AID, 1, matty, Alloy_713LC, Pressure, -10000.0, NEX, 40, ANALYSIS_NAME, PGT5_X1
SYZ_ID,MIN_SYZ_ID, 1318, AID, 1, matty, Alloy_713LC, Pressure, -10000.0, NEX, 40, ANALYSIS_NAME, PGT5_X1
SZX,MIN_SZX, -203.414, AID, 1, matty, Alloy_713LC, Pressure, -10000.0, NEX, 40, ANALYSIS_NAME, PGT5_X1
SZX_ID,MIN_SZX_ID, 1163, AID, 1, matty, Alloy_713LC, Pressure, -10000.0, NEX, 40, ANALYSIS_NAME, PGT5_X1
SZZ,MIN_SZZ, -87.7278, AID, 1, matty, Alloy_713LC, Pressure, -10000.0, NEX, 40, ANALYSIS_NAME, PGT5_X1
SZZ_ID,MIN_SZZ_ID, 1163, AID, 1, matty, Alloy_713LC, Pressure, -10000.0, NEX, 40, ANALYSIS_NAME, PGT5_X1
VM,MIN_VM, 9811.11741612, AID, 1, matty, Alloy_713LC, Pressure, -10000.0, NEX, 40, ANALYSIS_NAME, PGT5_X1
VM_ID,MIN_VM_ID, 1241, AID, 1, matty, Alloy_713LC, Pressure, -10000.0, NEX, 40, ANALYSIS_NAME, PGT5_X1
################################################################################



INDEPENDENT VARIABLES:
AID,1,
ANALYSIS_NAME,PGT5_X1,
NEX,40,
Pressure,-10000.0,
matty,Alloy_713LC,

MAX RESULTS:
ALL,0.00173351745779,
ALL_ID,1473,
D1,0.001732,
D1_ID,1483,
D2,5.21481e-05,
D2_ID,1050,
D3,5.21481e-05,
D3_ID,1134,
ID,1489,
ID_ID,1489,
MOSU,12.2502746106,
MOSU_ID,1241,
MOSY,10.0988662609,
MOSY_ID,1241,
SFU,1.0,
SFU_ID,1023,
SFY,1.0,
SFY_ID,1023,
SU,130000.0,
SU_ID,1023,
SXX,10176.5,
SXX_ID,1207,
SXY,203.414,
SXY_ID,1263,
SY,108892.280072,
SY_ID,1023,
SYY,36.0701,
SYY_ID,1182,
SYZ,17.6836,
SYZ_ID,1332,
SZX,203.414,
SZX_ID,1165,
SZZ,36.0701,
SZZ_ID,1182,
VM,10144.4046182,
VM_ID,1197,

MIN RESULTS:
ALL,7.44281e-06,
ALL_ID,77,
D1,0.0,
D1_ID,120,
D2,-5.21481e-05,
D2_ID,1150,
D3,-5.21481e-05,
D3_ID,1141,
ID,1,
ID_ID,1,
MOSU,11.8149462579,
MOSU_ID,1197,
MOSY,9.73422090014,
MOSY_ID,1197,
SFU,1.0,
SFU_ID,1023,
SFY,1.0,
SFY_ID,1023,
SU,130000.0,
SU_ID,1023,
SXX,9744.79,
SXX_ID,1241,
SXY,-203.414,
SXY_ID,1240,
SY,108892.280072,
SY_ID,1023,
SYY,-87.7278,
SYY_ID,1263,
SYZ,-17.6836,
SYZ_ID,1318,
SZX,-203.414,
SZX_ID,1163,
SZZ,-87.7278,
SZZ_ID,1163,
VM,9811.11741612,
VM_ID,1241,

AVERAGE RESULTS:
ALL,0.000552393439408,
ALL_ID,NA,
D1,0.000545648047337,
D1_ID,NA,
D2,4.73762071012e-18,
D2_ID,NA,
D3,2.42183726453e-17,
D3_ID,NA,
ID,658.282051282,
ID_ID,NA,
MOSU,10.3280275299,
MOSU_ID,NA,
MOSY,8.5113598643,
MOSY_ID,NA,
SFU,0.860618014464,
SFU_ID,NA,
SFY,0.860618014464,
SFY_ID,NA,
SU,111880.34188,
SU_ID,NA,
SXX,8603.31381328,
SXX_ID,NA,
SXY,6.18052050511e-13,
SXY_ID,NA,
SY,93714.6578659,
SY_ID,NA,
SYY,-2.14515949227,
SYY_ID,NA,
SYZ,-4.27028109596e-13,
SYZ_ID,NA,
SZX,3.3671928093e-12,
SZX_ID,NA,
SZZ,-2.14515949227,
SZZ_ID,NA,
VM,8605.82719786,
VM_ID,NA,
