#, DOE RESULTS FROM ANLAYSIS "PLAYGROUND_1"
#, THE ANALYSIS TOOK PLACE ON: Wednesday, April 17th, 2013 at 01:15:28 PM
#, THE INPUT FILE WAS: C:\Dan\DEV\pywork\FEADOE\playground.py
#, PERFORMED BY: dannyt
#, ANALYSIS FILES ARE STORED IN : PLAYGROUND_1_MODELS.zip
#
#, INDEPENDENT VARIABLES:
#,Pressure,-10000.0
#,matty,Alloy_713LC

################################################################################
#, THE NUMBER OF ANALYSES IN DOE = 1
################################################################################
ALL,MAX_ALL, 0.331323269755, AID, 1, Pressure, -10000.0, matty, Alloy_713LC, ANALYSIS_NAME, PLAYGROUND_1_X1
ALL_ID,MAX_ALL_ID, 90, AID, 1, Pressure, -10000.0, matty, Alloy_713LC, ANALYSIS_NAME, PLAYGROUND_1_X1
D1,MAX_D1, 0.308859, AID, 1, Pressure, -10000.0, matty, Alloy_713LC, ANALYSIS_NAME, PLAYGROUND_1_X1
D1_ID,MAX_D1_ID, 210, AID, 1, Pressure, -10000.0, matty, Alloy_713LC, ANALYSIS_NAME, PLAYGROUND_1_X1
D2,MAX_D2, 0.0108521, AID, 1, Pressure, -10000.0, matty, Alloy_713LC, ANALYSIS_NAME, PLAYGROUND_1_X1
D2_ID,MAX_D2_ID, 251, AID, 1, Pressure, -10000.0, matty, Alloy_713LC, ANALYSIS_NAME, PLAYGROUND_1_X1
D3,MAX_D3, 0.0329853, AID, 1, Pressure, -10000.0, matty, Alloy_713LC, ANALYSIS_NAME, PLAYGROUND_1_X1
D3_ID,MAX_D3_ID, 69, AID, 1, Pressure, -10000.0, matty, Alloy_713LC, ANALYSIS_NAME, PLAYGROUND_1_X1
ID,MAX_ID, 403, AID, 1, Pressure, -10000.0, matty, Alloy_713LC, ANALYSIS_NAME, PLAYGROUND_1_X1
ID_ID,MAX_ID_ID, 403, AID, 1, Pressure, -10000.0, matty, Alloy_713LC, ANALYSIS_NAME, PLAYGROUND_1_X1
MOSU,MAX_MOSU, 72.0915759764, AID, 1, Pressure, -10000.0, matty, Alloy_713LC, ANALYSIS_NAME, PLAYGROUND_1_X1
MOSU_ID,MAX_MOSU_ID, 133, AID, 1, Pressure, -10000.0, matty, Alloy_713LC, ANALYSIS_NAME, PLAYGROUND_1_X1
MOSY,MAX_MOSY, 60.2239104778, AID, 1, Pressure, -10000.0, matty, Alloy_713LC, ANALYSIS_NAME, PLAYGROUND_1_X1
MOSY_ID,MAX_MOSY_ID, 133, AID, 1, Pressure, -10000.0, matty, Alloy_713LC, ANALYSIS_NAME, PLAYGROUND_1_X1
SFU,MAX_SFU, 1.0, AID, 1, Pressure, -10000.0, matty, Alloy_713LC, ANALYSIS_NAME, PLAYGROUND_1_X1
SFU_ID,MAX_SFU_ID, 79, AID, 1, Pressure, -10000.0, matty, Alloy_713LC, ANALYSIS_NAME, PLAYGROUND_1_X1
SFY,MAX_SFY, 1.0, AID, 1, Pressure, -10000.0, matty, Alloy_713LC, ANALYSIS_NAME, PLAYGROUND_1_X1
SFY_ID,MAX_SFY_ID, 79, AID, 1, Pressure, -10000.0, matty, Alloy_713LC, ANALYSIS_NAME, PLAYGROUND_1_X1
SU,MAX_SU, 130000.0, AID, 1, Pressure, -10000.0, matty, Alloy_713LC, ANALYSIS_NAME, PLAYGROUND_1_X1
SU_ID,MAX_SU_ID, 79, AID, 1, Pressure, -10000.0, matty, Alloy_713LC, ANALYSIS_NAME, PLAYGROUND_1_X1
SXX,MAX_SXX, 182022.0, AID, 1, Pressure, -10000.0, matty, Alloy_713LC, ANALYSIS_NAME, PLAYGROUND_1_X1
SXX_ID,MAX_SXX_ID, 226, AID, 1, Pressure, -10000.0, matty, Alloy_713LC, ANALYSIS_NAME, PLAYGROUND_1_X1
SXY,MAX_SXY, 37147.2, AID, 1, Pressure, -10000.0, matty, Alloy_713LC, ANALYSIS_NAME, PLAYGROUND_1_X1
SXY_ID,MAX_SXY_ID, 68, AID, 1, Pressure, -10000.0, matty, Alloy_713LC, ANALYSIS_NAME, PLAYGROUND_1_X1
SY,MAX_SY, 108892.280072, AID, 1, Pressure, -10000.0, matty, Alloy_713LC, ANALYSIS_NAME, PLAYGROUND_1_X1
SY_ID,MAX_SY_ID, 79, AID, 1, Pressure, -10000.0, matty, Alloy_713LC, ANALYSIS_NAME, PLAYGROUND_1_X1
SYY,MAX_SYY, 196207.0, AID, 1, Pressure, -10000.0, matty, Alloy_713LC, ANALYSIS_NAME, PLAYGROUND_1_X1
SYY_ID,MAX_SYY_ID, 399, AID, 1, Pressure, -10000.0, matty, Alloy_713LC, ANALYSIS_NAME, PLAYGROUND_1_X1
SYZ,MAX_SYZ, 78908.8, AID, 1, Pressure, -10000.0, matty, Alloy_713LC, ANALYSIS_NAME, PLAYGROUND_1_X1
SYZ_ID,MAX_SYZ_ID, 48, AID, 1, Pressure, -10000.0, matty, Alloy_713LC, ANALYSIS_NAME, PLAYGROUND_1_X1
SZX,MAX_SZX, 38082.3, AID, 1, Pressure, -10000.0, matty, Alloy_713LC, ANALYSIS_NAME, PLAYGROUND_1_X1
SZX_ID,MAX_SZX_ID, 9, AID, 1, Pressure, -10000.0, matty, Alloy_713LC, ANALYSIS_NAME, PLAYGROUND_1_X1
SZZ,MAX_SZZ, 679919.0, AID, 1, Pressure, -10000.0, matty, Alloy_713LC, ANALYSIS_NAME, PLAYGROUND_1_X1
SZZ_ID,MAX_SZZ_ID, 21, AID, 1, Pressure, -10000.0, matty, Alloy_713LC, ANALYSIS_NAME, PLAYGROUND_1_X1
VM,MAX_VM, 560567.701588, AID, 1, Pressure, -10000.0, matty, Alloy_713LC, ANALYSIS_NAME, PLAYGROUND_1_X1
VM_ID,MAX_VM_ID, 21, AID, 1, Pressure, -10000.0, matty, Alloy_713LC, ANALYSIS_NAME, PLAYGROUND_1_X1
================================================================================
ALL,MIN_ALL, 0.0, AID, 1, Pressure, -10000.0, matty, Alloy_713LC, ANALYSIS_NAME, PLAYGROUND_1_X1
ALL_ID,MIN_ALL_ID, 34, AID, 1, Pressure, -10000.0, matty, Alloy_713LC, ANALYSIS_NAME, PLAYGROUND_1_X1
D1,MIN_D1, -0.019352, AID, 1, Pressure, -10000.0, matty, Alloy_713LC, ANALYSIS_NAME, PLAYGROUND_1_X1
D1_ID,MIN_D1_ID, 309, AID, 1, Pressure, -10000.0, matty, Alloy_713LC, ANALYSIS_NAME, PLAYGROUND_1_X1
D2,MIN_D2, -0.0758027, AID, 1, Pressure, -10000.0, matty, Alloy_713LC, ANALYSIS_NAME, PLAYGROUND_1_X1
D2_ID,MIN_D2_ID, 105, AID, 1, Pressure, -10000.0, matty, Alloy_713LC, ANALYSIS_NAME, PLAYGROUND_1_X1
D3,MIN_D3, -0.103059, AID, 1, Pressure, -10000.0, matty, Alloy_713LC, ANALYSIS_NAME, PLAYGROUND_1_X1
D3_ID,MIN_D3_ID, 126, AID, 1, Pressure, -10000.0, matty, Alloy_713LC, ANALYSIS_NAME, PLAYGROUND_1_X1
ID,MIN_ID, 1, AID, 1, Pressure, -10000.0, matty, Alloy_713LC, ANALYSIS_NAME, PLAYGROUND_1_X1
ID_ID,MIN_ID_ID, 1, AID, 1, Pressure, -10000.0, matty, Alloy_713LC, ANALYSIS_NAME, PLAYGROUND_1_X1
MOSU,MIN_MOSU, -0.768092240006, AID, 1, Pressure, -10000.0, matty, Alloy_713LC, ANALYSIS_NAME, PLAYGROUND_1_X1
MOSU_ID,MIN_MOSU_ID, 21, AID, 1, Pressure, -10000.0, matty, Alloy_713LC, ANALYSIS_NAME, PLAYGROUND_1_X1
MOSY,MIN_MOSY, -0.805746424984, AID, 1, Pressure, -10000.0, matty, Alloy_713LC, ANALYSIS_NAME, PLAYGROUND_1_X1
MOSY_ID,MIN_MOSY_ID, 21, AID, 1, Pressure, -10000.0, matty, Alloy_713LC, ANALYSIS_NAME, PLAYGROUND_1_X1
SFU,MIN_SFU, 1.0, AID, 1, Pressure, -10000.0, matty, Alloy_713LC, ANALYSIS_NAME, PLAYGROUND_1_X1
SFU_ID,MIN_SFU_ID, 79, AID, 1, Pressure, -10000.0, matty, Alloy_713LC, ANALYSIS_NAME, PLAYGROUND_1_X1
SFY,MIN_SFY, 1.0, AID, 1, Pressure, -10000.0, matty, Alloy_713LC, ANALYSIS_NAME, PLAYGROUND_1_X1
SFY_ID,MIN_SFY_ID, 79, AID, 1, Pressure, -10000.0, matty, Alloy_713LC, ANALYSIS_NAME, PLAYGROUND_1_X1
SU,MIN_SU, 130000.0, AID, 1, Pressure, -10000.0, matty, Alloy_713LC, ANALYSIS_NAME, PLAYGROUND_1_X1
SU_ID,MIN_SU_ID, 79, AID, 1, Pressure, -10000.0, matty, Alloy_713LC, ANALYSIS_NAME, PLAYGROUND_1_X1
SXX,MIN_SXX, -175198.0, AID, 1, Pressure, -10000.0, matty, Alloy_713LC, ANALYSIS_NAME, PLAYGROUND_1_X1
SXX_ID,MIN_SXX_ID, 230, AID, 1, Pressure, -10000.0, matty, Alloy_713LC, ANALYSIS_NAME, PLAYGROUND_1_X1
SXY,MIN_SXY, -44127.2, AID, 1, Pressure, -10000.0, matty, Alloy_713LC, ANALYSIS_NAME, PLAYGROUND_1_X1
SXY_ID,MIN_SXY_ID, 73, AID, 1, Pressure, -10000.0, matty, Alloy_713LC, ANALYSIS_NAME, PLAYGROUND_1_X1
SY,MIN_SY, 108892.280072, AID, 1, Pressure, -10000.0, matty, Alloy_713LC, ANALYSIS_NAME, PLAYGROUND_1_X1
SY_ID,MIN_SY_ID, 79, AID, 1, Pressure, -10000.0, matty, Alloy_713LC, ANALYSIS_NAME, PLAYGROUND_1_X1
SYY,MIN_SYY, -197728.0, AID, 1, Pressure, -10000.0, matty, Alloy_713LC, ANALYSIS_NAME, PLAYGROUND_1_X1
SYY_ID,MIN_SYY_ID, 403, AID, 1, Pressure, -10000.0, matty, Alloy_713LC, ANALYSIS_NAME, PLAYGROUND_1_X1
SYZ,MIN_SYZ, -55782.2, AID, 1, Pressure, -10000.0, matty, Alloy_713LC, ANALYSIS_NAME, PLAYGROUND_1_X1
SYZ_ID,MIN_SYZ_ID, 5, AID, 1, Pressure, -10000.0, matty, Alloy_713LC, ANALYSIS_NAME, PLAYGROUND_1_X1
SZX,MIN_SZX, -94528.4, AID, 1, Pressure, -10000.0, matty, Alloy_713LC, ANALYSIS_NAME, PLAYGROUND_1_X1
SZX_ID,MIN_SZX_ID, 27, AID, 1, Pressure, -10000.0, matty, Alloy_713LC, ANALYSIS_NAME, PLAYGROUND_1_X1
SZZ,MIN_SZZ, -576328.0, AID, 1, Pressure, -10000.0, matty, Alloy_713LC, ANALYSIS_NAME, PLAYGROUND_1_X1
SZZ_ID,MIN_SZZ_ID, 73, AID, 1, Pressure, -10000.0, matty, Alloy_713LC, ANALYSIS_NAME, PLAYGROUND_1_X1
VM,MIN_VM, 1778.59073721, AID, 1, Pressure, -10000.0, matty, Alloy_713LC, ANALYSIS_NAME, PLAYGROUND_1_X1
VM_ID,MIN_VM_ID, 133, AID, 1, Pressure, -10000.0, matty, Alloy_713LC, ANALYSIS_NAME, PLAYGROUND_1_X1
################################################################################



INDEPENDENT VARIABLES:
AID,1,
ANALYSIS_NAME,PLAYGROUND_1_X1,
Pressure,-10000.0,
matty,Alloy_713LC,

MAX RESULTS:
ALL,0.331323269755,
ALL_ID,90,
D1,0.308859,
D1_ID,210,
D2,0.0108521,
D2_ID,251,
D3,0.0329853,
D3_ID,69,
ID,403,
ID_ID,403,
MOSU,72.0915759764,
MOSU_ID,133,
MOSY,60.2239104778,
MOSY_ID,133,
SFU,1.0,
SFU_ID,79,
SFY,1.0,
SFY_ID,79,
SU,130000.0,
SU_ID,79,
SXX,182022.0,
SXX_ID,226,
SXY,37147.2,
SXY_ID,68,
SY,108892.280072,
SY_ID,79,
SYY,196207.0,
SYY_ID,399,
SYZ,78908.8,
SYZ_ID,48,
SZX,38082.3,
SZX_ID,9,
SZZ,679919.0,
SZZ_ID,21,
VM,560567.701588,
VM_ID,21,

MIN RESULTS:
ALL,0.0,
ALL_ID,34,
D1,-0.019352,
D1_ID,309,
D2,-0.0758027,
D2_ID,105,
D3,-0.103059,
D3_ID,126,
ID,1,
ID_ID,1,
MOSU,-0.768092240006,
MOSU_ID,21,
MOSY,-0.805746424984,
MOSY_ID,21,
SFU,1.0,
SFU_ID,79,
SFY,1.0,
SFY_ID,79,
SU,130000.0,
SU_ID,79,
SXX,-175198.0,
SXX_ID,230,
SXY,-44127.2,
SXY_ID,73,
SY,108892.280072,
SY_ID,79,
SYY,-197728.0,
SYY_ID,403,
SYZ,-55782.2,
SYZ_ID,5,
SZX,-94528.4,
SZX_ID,27,
SZZ,-576328.0,
SZZ_ID,73,
VM,1778.59073721,
VM_ID,133,

AVERAGE RESULTS:
ALL,0.0979192913299,
ALL_ID,NA,
D1,0.0893946796042,
D1_ID,NA,
D2,-0.0159693992484,
D2_ID,NA,
D3,-0.0127484377849,
D3_ID,NA,
ID,196.802660754,
ID_ID,NA,
MOSU,3.20140127223,
MOSU_ID,NA,
MOSY,2.53363265861,
MOSY_ID,NA,
SFU,0.911308203991,
SFU_ID,NA,
SFY,0.911308203991,
SFY_ID,NA,
SU,118470.066519,
SU_ID,NA,
SXX,-620.378390022,
SXX_ID,NA,
SXY,-77.6362696519,
SXY_ID,NA,
SY,99234.4281807,
SY_ID,NA,
SYY,-576.693054102,
SYY_ID,NA,
SYZ,907.677185255,
SYZ_ID,NA,
SZX,-6798.07301208,
SZX_ID,NA,
SZZ,7054.29403969,
SZZ_ID,NA,
VM,84804.9791684,
VM_ID,NA,
