#, DOE RESULTS FROM ANLAYSIS "PGT8"
#, THE ANALYSIS TOOK PLACE ON: Thursday, April 11th, 2013 at 04:10:58 PM
#, THE INPUT FILE WAS: C:\Dan\DEV\pywork\FEADOE\playground.py
#, PERFORMED BY: dannyt
#, ANALYSIS FILES ARE STORED IN : PGT8_MODELS.zip
#
#, INDEPENDENT VARIABLES:
#,NEX,40
#,Pressure,-10000.0
#,matty,Alloy_713LC

################################################################################
#, THE NUMBER OF ANALYSES IN DOE = 1
################################################################################
ALL,MAX_ALL, 0.000900653277885, AID, 1, matty, Alloy_713LC, Pressure, -10000.0, NEX, 40, ANALYSIS_NAME, PGT8_X1
ALL_ID,MAX_ALL_ID, 2210, AID, 1, matty, Alloy_713LC, Pressure, -10000.0, NEX, 40, ANALYSIS_NAME, PGT8_X1
D1,MAX_D1, 0.000897975, AID, 1, matty, Alloy_713LC, Pressure, -10000.0, NEX, 40, ANALYSIS_NAME, PGT8_X1
D1_ID,MAX_D1_ID, 2220, AID, 1, matty, Alloy_713LC, Pressure, -10000.0, NEX, 40, ANALYSIS_NAME, PGT8_X1
D2,MAX_D2, 5.31947e-05, AID, 1, matty, Alloy_713LC, Pressure, -10000.0, NEX, 40, ANALYSIS_NAME, PGT8_X1
D2_ID,MAX_D2_ID, 2126, AID, 1, matty, Alloy_713LC, Pressure, -10000.0, NEX, 40, ANALYSIS_NAME, PGT8_X1
D3,MAX_D3, 5.31947e-05, AID, 1, matty, Alloy_713LC, Pressure, -10000.0, NEX, 40, ANALYSIS_NAME, PGT8_X1
D3_ID,MAX_D3_ID, 2130, AID, 1, matty, Alloy_713LC, Pressure, -10000.0, NEX, 40, ANALYSIS_NAME, PGT8_X1
ID,MAX_ID, 2226, AID, 1, matty, Alloy_713LC, Pressure, -10000.0, NEX, 40, ANALYSIS_NAME, PGT8_X1
ID_ID,MAX_ID_ID, 2226, AID, 1, matty, Alloy_713LC, Pressure, -10000.0, NEX, 40, ANALYSIS_NAME, PGT8_X1
MOSU,MAX_MOSU, 34117.4742133, AID, 1, matty, Alloy_713LC, Pressure, -10000.0, NEX, 40, ANALYSIS_NAME, PGT8_X1
MOSU_ID,MAX_MOSU_ID, 2069, AID, 1, matty, Alloy_713LC, Pressure, -10000.0, NEX, 40, ANALYSIS_NAME, PGT8_X1
MOSY,MAX_MOSY, 28577.757305, AID, 1, matty, Alloy_713LC, Pressure, -10000.0, NEX, 40, ANALYSIS_NAME, PGT8_X1
MOSY_ID,MAX_MOSY_ID, 2069, AID, 1, matty, Alloy_713LC, Pressure, -10000.0, NEX, 40, ANALYSIS_NAME, PGT8_X1
SFU,MAX_SFU, 1.0, AID, 1, matty, Alloy_713LC, Pressure, -10000.0, NEX, 40, ANALYSIS_NAME, PGT8_X1
SFU_ID,MAX_SFU_ID, 511, AID, 1, matty, Alloy_713LC, Pressure, -10000.0, NEX, 40, ANALYSIS_NAME, PGT8_X1
SFY,MAX_SFY, 1.0, AID, 1, matty, Alloy_713LC, Pressure, -10000.0, NEX, 40, ANALYSIS_NAME, PGT8_X1
SFY_ID,MAX_SFY_ID, 511, AID, 1, matty, Alloy_713LC, Pressure, -10000.0, NEX, 40, ANALYSIS_NAME, PGT8_X1
SU,MAX_SU, 130000.0, AID, 1, matty, Alloy_713LC, Pressure, -10000.0, NEX, 40, ANALYSIS_NAME, PGT8_X1
SU_ID,MAX_SU_ID, 511, AID, 1, matty, Alloy_713LC, Pressure, -10000.0, NEX, 40, ANALYSIS_NAME, PGT8_X1
SXX,MAX_SXX, 17808.2, AID, 1, matty, Alloy_713LC, Pressure, -10000.0, NEX, 40, ANALYSIS_NAME, PGT8_X1
SXX_ID,MAX_SXX_ID, 2086, AID, 1, matty, Alloy_713LC, Pressure, -10000.0, NEX, 40, ANALYSIS_NAME, PGT8_X1
SXY,MAX_SXY, 4523.24, AID, 1, matty, Alloy_713LC, Pressure, -10000.0, NEX, 40, ANALYSIS_NAME, PGT8_X1
SXY_ID,MAX_SXY_ID, 2074, AID, 1, matty, Alloy_713LC, Pressure, -10000.0, NEX, 40, ANALYSIS_NAME, PGT8_X1
SY,MAX_SY, 108892.280072, AID, 1, matty, Alloy_713LC, Pressure, -10000.0, NEX, 40, ANALYSIS_NAME, PGT8_X1
SY_ID,MAX_SY_ID, 511, AID, 1, matty, Alloy_713LC, Pressure, -10000.0, NEX, 40, ANALYSIS_NAME, PGT8_X1
SYY,MAX_SYY, 6751.1, AID, 1, matty, Alloy_713LC, Pressure, -10000.0, NEX, 40, ANALYSIS_NAME, PGT8_X1
SYY_ID,MAX_SYY_ID, 2086, AID, 1, matty, Alloy_713LC, Pressure, -10000.0, NEX, 40, ANALYSIS_NAME, PGT8_X1
SYZ,MAX_SYZ, 612.007, AID, 1, matty, Alloy_713LC, Pressure, -10000.0, NEX, 40, ANALYSIS_NAME, PGT8_X1
SYZ_ID,MAX_SYZ_ID, 1869, AID, 1, matty, Alloy_713LC, Pressure, -10000.0, NEX, 40, ANALYSIS_NAME, PGT8_X1
SZX,MAX_SZX, 4523.24, AID, 1, matty, Alloy_713LC, Pressure, -10000.0, NEX, 40, ANALYSIS_NAME, PGT8_X1
SZX_ID,MAX_SZX_ID, 2086, AID, 1, matty, Alloy_713LC, Pressure, -10000.0, NEX, 40, ANALYSIS_NAME, PGT8_X1
SZZ,MAX_SZZ, 6751.1, AID, 1, matty, Alloy_713LC, Pressure, -10000.0, NEX, 40, ANALYSIS_NAME, PGT8_X1
SZZ_ID,MAX_SZZ_ID, 2086, AID, 1, matty, Alloy_713LC, Pressure, -10000.0, NEX, 40, ANALYSIS_NAME, PGT8_X1
VM,MAX_VM, 15661.7050625, AID, 1, matty, Alloy_713LC, Pressure, -10000.0, NEX, 40, ANALYSIS_NAME, PGT8_X1
VM_ID,MAX_VM_ID, 2086, AID, 1, matty, Alloy_713LC, Pressure, -10000.0, NEX, 40, ANALYSIS_NAME, PGT8_X1
================================================================================
ALL,MIN_ALL, 0.0, AID, 1, matty, Alloy_713LC, Pressure, -10000.0, NEX, 40, ANALYSIS_NAME, PGT8_X1
ALL_ID,MIN_ALL_ID, 241, AID, 1, matty, Alloy_713LC, Pressure, -10000.0, NEX, 40, ANALYSIS_NAME, PGT8_X1
D1,MIN_D1, -6.19208e-06, AID, 1, matty, Alloy_713LC, Pressure, -10000.0, NEX, 40, ANALYSIS_NAME, PGT8_X1
D1_ID,MIN_D1_ID, 2069, AID, 1, matty, Alloy_713LC, Pressure, -10000.0, NEX, 40, ANALYSIS_NAME, PGT8_X1
D2,MIN_D2, -5.31947e-05, AID, 1, matty, Alloy_713LC, Pressure, -10000.0, NEX, 40, ANALYSIS_NAME, PGT8_X1
D2_ID,MIN_D2_ID, 2136, AID, 1, matty, Alloy_713LC, Pressure, -10000.0, NEX, 40, ANALYSIS_NAME, PGT8_X1
D3,MIN_D3, -5.31947e-05, AID, 1, matty, Alloy_713LC, Pressure, -10000.0, NEX, 40, ANALYSIS_NAME, PGT8_X1
D3_ID,MIN_D3_ID, 2132, AID, 1, matty, Alloy_713LC, Pressure, -10000.0, NEX, 40, ANALYSIS_NAME, PGT8_X1
ID,MIN_ID, 1, AID, 1, matty, Alloy_713LC, Pressure, -10000.0, NEX, 40, ANALYSIS_NAME, PGT8_X1
ID_ID,MIN_ID_ID, 1, AID, 1, matty, Alloy_713LC, Pressure, -10000.0, NEX, 40, ANALYSIS_NAME, PGT8_X1
MOSU,MIN_MOSU, 7.30050109366, AID, 1, matty, Alloy_713LC, Pressure, -10000.0, NEX, 40, ANALYSIS_NAME, PGT8_X1
MOSU_ID,MIN_MOSU_ID, 2086, AID, 1, matty, Alloy_713LC, Pressure, -10000.0, NEX, 40, ANALYSIS_NAME, PGT8_X1
MOSY,MIN_MOSY, 5.95277299867, AID, 1, matty, Alloy_713LC, Pressure, -10000.0, NEX, 40, ANALYSIS_NAME, PGT8_X1
MOSY_ID,MIN_MOSY_ID, 2086, AID, 1, matty, Alloy_713LC, Pressure, -10000.0, NEX, 40, ANALYSIS_NAME, PGT8_X1
SFU,MIN_SFU, 1.0, AID, 1, matty, Alloy_713LC, Pressure, -10000.0, NEX, 40, ANALYSIS_NAME, PGT8_X1
SFU_ID,MIN_SFU_ID, 511, AID, 1, matty, Alloy_713LC, Pressure, -10000.0, NEX, 40, ANALYSIS_NAME, PGT8_X1
SFY,MIN_SFY, 1.0, AID, 1, matty, Alloy_713LC, Pressure, -10000.0, NEX, 40, ANALYSIS_NAME, PGT8_X1
SFY_ID,MIN_SFY_ID, 511, AID, 1, matty, Alloy_713LC, Pressure, -10000.0, NEX, 40, ANALYSIS_NAME, PGT8_X1
SU,MIN_SU, 130000.0, AID, 1, matty, Alloy_713LC, Pressure, -10000.0, NEX, 40, ANALYSIS_NAME, PGT8_X1
SU_ID,MIN_SU_ID, 511, AID, 1, matty, Alloy_713LC, Pressure, -10000.0, NEX, 40, ANALYSIS_NAME, PGT8_X1
SXX,MIN_SXX, -708.767, AID, 1, matty, Alloy_713LC, Pressure, -10000.0, NEX, 40, ANALYSIS_NAME, PGT8_X1
SXX_ID,MIN_SXX_ID, 1905, AID, 1, matty, Alloy_713LC, Pressure, -10000.0, NEX, 40, ANALYSIS_NAME, PGT8_X1
SXY,MIN_SXY, -4523.24, AID, 1, matty, Alloy_713LC, Pressure, -10000.0, NEX, 40, ANALYSIS_NAME, PGT8_X1
SXY_ID,MIN_SXY_ID, 2086, AID, 1, matty, Alloy_713LC, Pressure, -10000.0, NEX, 40, ANALYSIS_NAME, PGT8_X1
SY,MIN_SY, 108892.280072, AID, 1, matty, Alloy_713LC, Pressure, -10000.0, NEX, 40, ANALYSIS_NAME, PGT8_X1
SY_ID,MIN_SY_ID, 511, AID, 1, matty, Alloy_713LC, Pressure, -10000.0, NEX, 40, ANALYSIS_NAME, PGT8_X1
SYY,MIN_SYY, -1438.1, AID, 1, matty, Alloy_713LC, Pressure, -10000.0, NEX, 40, ANALYSIS_NAME, PGT8_X1
SYY_ID,MIN_SYY_ID, 2120, AID, 1, matty, Alloy_713LC, Pressure, -10000.0, NEX, 40, ANALYSIS_NAME, PGT8_X1
SYZ,MIN_SYZ, -612.007, AID, 1, matty, Alloy_713LC, Pressure, -10000.0, NEX, 40, ANALYSIS_NAME, PGT8_X1
SYZ_ID,MIN_SYZ_ID, 1793, AID, 1, matty, Alloy_713LC, Pressure, -10000.0, NEX, 40, ANALYSIS_NAME, PGT8_X1
SZX,MIN_SZX, -4523.24, AID, 1, matty, Alloy_713LC, Pressure, -10000.0, NEX, 40, ANALYSIS_NAME, PGT8_X1
SZX_ID,MIN_SZX_ID, 2090, AID, 1, matty, Alloy_713LC, Pressure, -10000.0, NEX, 40, ANALYSIS_NAME, PGT8_X1
SZZ,MIN_SZZ, -1438.1, AID, 1, matty, Alloy_713LC, Pressure, -10000.0, NEX, 40, ANALYSIS_NAME, PGT8_X1
SZZ_ID,MIN_SZZ_ID, 2120, AID, 1, matty, Alloy_713LC, Pressure, -10000.0, NEX, 40, ANALYSIS_NAME, PGT8_X1
VM,MIN_VM, 3.81025245113, AID, 1, matty, Alloy_713LC, Pressure, -10000.0, NEX, 40, ANALYSIS_NAME, PGT8_X1
VM_ID,MIN_VM_ID, 2069, AID, 1, matty, Alloy_713LC, Pressure, -10000.0, NEX, 40, ANALYSIS_NAME, PGT8_X1
################################################################################



INDEPENDENT VARIABLES:
AID,1,
ANALYSIS_NAME,PGT8_X1,
NEX,40,
Pressure,-10000.0,
matty,Alloy_713LC,

MAX RESULTS:
ALL,0.000900653277885,
ALL_ID,2210,
D1,0.000897975,
D1_ID,2220,
D2,5.31947e-05,
D2_ID,2126,
D3,5.31947e-05,
D3_ID,2130,
ID,2226,
ID_ID,2226,
MOSU,34117.4742133,
MOSU_ID,2069,
MOSY,28577.757305,
MOSY_ID,2069,
SFU,1.0,
SFU_ID,511,
SFY,1.0,
SFY_ID,511,
SU,130000.0,
SU_ID,511,
SXX,17808.2,
SXX_ID,2086,
SXY,4523.24,
SXY_ID,2074,
SY,108892.280072,
SY_ID,511,
SYY,6751.1,
SYY_ID,2086,
SYZ,612.007,
SYZ_ID,1869,
SZX,4523.24,
SZX_ID,2086,
SZZ,6751.1,
SZZ_ID,2086,
VM,15661.7050625,
VM_ID,2086,

MIN RESULTS:
ALL,0.0,
ALL_ID,241,
D1,-6.19208e-06,
D1_ID,2069,
D2,-5.31947e-05,
D2_ID,2136,
D3,-5.31947e-05,
D3_ID,2132,
ID,1,
ID_ID,1,
MOSU,7.30050109366,
MOSU_ID,2086,
MOSY,5.95277299867,
MOSY_ID,2086,
SFU,1.0,
SFU_ID,511,
SFY,1.0,
SFY_ID,511,
SU,130000.0,
SU_ID,511,
SXX,-708.767,
SXX_ID,1905,
SXY,-4523.24,
SXY_ID,2086,
SY,108892.280072,
SY_ID,511,
SYY,-1438.1,
SYY_ID,2120,
SYZ,-612.007,
SYZ_ID,1793,
SZX,-4523.24,
SZX_ID,2090,
SZZ,-1438.1,
SZZ_ID,2120,
VM,3.81025245113,
VM_ID,2069,

AVERAGE RESULTS:
ALL,5.97584041763e-05,
ALL_ID,NA,
D1,5.31987212453e-05,
D1_ID,NA,
D2,-2.05198694556e-19,
D2_ID,NA,
D3,3.67380688537e-19,
D3_ID,NA,
ID,980.929583702,
ID_ID,NA,
MOSU,1178.2264815,
MOSU_ID,NA,
MOSY,986.780785195,
MOSY_ID,NA,
SFU,0.865367581931,
SFU_ID,NA,
SFY,0.865367581931,
SFY_ID,NA,
SU,112497.785651,
SU_ID,NA,
SXX,979.34399217,
SXX_ID,NA,
SXY,-3.17516846149e-13,
SXY_ID,NA,
SY,94231.8490967,
SY_ID,NA,
SYY,46.5063874687,
SYY_ID,NA,
SYZ,5.86314850837e-15,
SYZ_ID,NA,
SZX,4.50264825425e-14,
SZX_ID,NA,
SZZ,46.5063874687,
SZZ_ID,NA,
VM,1086.24951309,
VM_ID,NA,
