#, DOE RESULTS FROM ANLAYSIS "PLT_RS2"
#, THE ANALYSIS TOOK PLACE ON: Wednesday, April 3rd, 2013 at 11:25:24 AM
#, THE INPUT FILE WAS: C:\Dan\DEV\pywork\FEADOE\plt_rigid_join.py
#, PERFORMED BY: dannyt
#, ANALYSIS FILES ARE STORED IN : PLT_RS2_MODELS.zip
#
#, INDEPENDENT VARIABLES:
#,NEX,40
#,Pressure,10000.0
#,matty,Alloy_713LC

################################################################################
#, THE NUMBER OF ANALYSES IN DOE = 1
################################################################################
ALL,MAX_ALL, 0.00782240807733, AID, 1, matty, Alloy_713LC, Pressure, 10000.0, NEX, 40, ANALYSIS_NAME, PLT_RS2_X1
ALL_ID,MAX_ALL_ID, 90, AID, 1, matty, Alloy_713LC, Pressure, 10000.0, NEX, 40, ANALYSIS_NAME, PLT_RS2_X1
D1,MAX_D1, 0.00279054, AID, 1, matty, Alloy_713LC, Pressure, 10000.0, NEX, 40, ANALYSIS_NAME, PLT_RS2_X1
D1_ID,MAX_D1_ID, 316, AID, 1, matty, Alloy_713LC, Pressure, 10000.0, NEX, 40, ANALYSIS_NAME, PLT_RS2_X1
D2,MAX_D2, 0.000660589, AID, 1, matty, Alloy_713LC, Pressure, 10000.0, NEX, 40, ANALYSIS_NAME, PLT_RS2_X1
D2_ID,MAX_D2_ID, 180, AID, 1, matty, Alloy_713LC, Pressure, 10000.0, NEX, 40, ANALYSIS_NAME, PLT_RS2_X1
D3,MAX_D3, 0.0, AID, 1, matty, Alloy_713LC, Pressure, 10000.0, NEX, 40, ANALYSIS_NAME, PLT_RS2_X1
D3_ID,MAX_D3_ID, 363, AID, 1, matty, Alloy_713LC, Pressure, 10000.0, NEX, 40, ANALYSIS_NAME, PLT_RS2_X1
ID,MAX_ID, 990, AID, 1, matty, Alloy_713LC, Pressure, 10000.0, NEX, 40, ANALYSIS_NAME, PLT_RS2_X1
ID_ID,MAX_ID_ID, 990, AID, 1, matty, Alloy_713LC, Pressure, 10000.0, NEX, 40, ANALYSIS_NAME, PLT_RS2_X1
MOSU,MAX_MOSU, 27.1673198563, AID, 1, matty, Alloy_713LC, Pressure, 10000.0, NEX, 40, ANALYSIS_NAME, PLT_RS2_X1
MOSU_ID,MAX_MOSU_ID, 123, AID, 1, matty, Alloy_713LC, Pressure, 10000.0, NEX, 40, ANALYSIS_NAME, PLT_RS2_X1
MOSY,MAX_MOSY, 22.5938744821, AID, 1, matty, Alloy_713LC, Pressure, 10000.0, NEX, 40, ANALYSIS_NAME, PLT_RS2_X1
MOSY_ID,MAX_MOSY_ID, 123, AID, 1, matty, Alloy_713LC, Pressure, 10000.0, NEX, 40, ANALYSIS_NAME, PLT_RS2_X1
SFU,MAX_SFU, 1.0, AID, 1, matty, Alloy_713LC, Pressure, 10000.0, NEX, 40, ANALYSIS_NAME, PLT_RS2_X1
SFU_ID,MAX_SFU_ID, 70, AID, 1, matty, Alloy_713LC, Pressure, 10000.0, NEX, 40, ANALYSIS_NAME, PLT_RS2_X1
SFY,MAX_SFY, 1.0, AID, 1, matty, Alloy_713LC, Pressure, 10000.0, NEX, 40, ANALYSIS_NAME, PLT_RS2_X1
SFY_ID,MAX_SFY_ID, 70, AID, 1, matty, Alloy_713LC, Pressure, 10000.0, NEX, 40, ANALYSIS_NAME, PLT_RS2_X1
SU,MAX_SU, 130000.0, AID, 1, matty, Alloy_713LC, Pressure, 10000.0, NEX, 40, ANALYSIS_NAME, PLT_RS2_X1
SU_ID,MAX_SU_ID, 70, AID, 1, matty, Alloy_713LC, Pressure, 10000.0, NEX, 40, ANALYSIS_NAME, PLT_RS2_X1
SXX,MAX_SXX, 110656.0, AID, 1, matty, Alloy_713LC, Pressure, 10000.0, NEX, 40, ANALYSIS_NAME, PLT_RS2_X1
SXX_ID,MAX_SXX_ID, 720, AID, 1, matty, Alloy_713LC, Pressure, 10000.0, NEX, 40, ANALYSIS_NAME, PLT_RS2_X1
SXY,MAX_SXY, 53884.3, AID, 1, matty, Alloy_713LC, Pressure, 10000.0, NEX, 40, ANALYSIS_NAME, PLT_RS2_X1
SXY_ID,MAX_SXY_ID, 45, AID, 1, matty, Alloy_713LC, Pressure, 10000.0, NEX, 40, ANALYSIS_NAME, PLT_RS2_X1
SY,MAX_SY, 108892.280072, AID, 1, matty, Alloy_713LC, Pressure, 10000.0, NEX, 40, ANALYSIS_NAME, PLT_RS2_X1
SY_ID,MAX_SY_ID, 70, AID, 1, matty, Alloy_713LC, Pressure, 10000.0, NEX, 40, ANALYSIS_NAME, PLT_RS2_X1
SYY,MAX_SYY, 44296.1, AID, 1, matty, Alloy_713LC, Pressure, 10000.0, NEX, 40, ANALYSIS_NAME, PLT_RS2_X1
SYY_ID,MAX_SYY_ID, 720, AID, 1, matty, Alloy_713LC, Pressure, 10000.0, NEX, 40, ANALYSIS_NAME, PLT_RS2_X1
SYZ,MAX_SYZ, 25619.3, AID, 1, matty, Alloy_713LC, Pressure, 10000.0, NEX, 40, ANALYSIS_NAME, PLT_RS2_X1
SYZ_ID,MAX_SYZ_ID, 43, AID, 1, matty, Alloy_713LC, Pressure, 10000.0, NEX, 40, ANALYSIS_NAME, PLT_RS2_X1
SZX,MAX_SZX, 45666.5, AID, 1, matty, Alloy_713LC, Pressure, 10000.0, NEX, 40, ANALYSIS_NAME, PLT_RS2_X1
SZX_ID,MAX_SZX_ID, 403, AID, 1, matty, Alloy_713LC, Pressure, 10000.0, NEX, 40, ANALYSIS_NAME, PLT_RS2_X1
SZZ,MAX_SZZ, 38176.3, AID, 1, matty, Alloy_713LC, Pressure, 10000.0, NEX, 40, ANALYSIS_NAME, PLT_RS2_X1
SZZ_ID,MAX_SZZ_ID, 720, AID, 1, matty, Alloy_713LC, Pressure, 10000.0, NEX, 40, ANALYSIS_NAME, PLT_RS2_X1
VM,MAX_VM, 122663.253508, AID, 1, matty, Alloy_713LC, Pressure, 10000.0, NEX, 40, ANALYSIS_NAME, PLT_RS2_X1
VM_ID,MAX_VM_ID, 45, AID, 1, matty, Alloy_713LC, Pressure, 10000.0, NEX, 40, ANALYSIS_NAME, PLT_RS2_X1
================================================================================
ALL,MIN_ALL, 0.0, AID, 1, matty, Alloy_713LC, Pressure, 10000.0, NEX, 40, ANALYSIS_NAME, PLT_RS2_X1
ALL_ID,MIN_ALL_ID, 363, AID, 1, matty, Alloy_713LC, Pressure, 10000.0, NEX, 40, ANALYSIS_NAME, PLT_RS2_X1
D1,MIN_D1, -0.00267699, AID, 1, matty, Alloy_713LC, Pressure, 10000.0, NEX, 40, ANALYSIS_NAME, PLT_RS2_X1
D1_ID,MIN_D1_ID, 360, AID, 1, matty, Alloy_713LC, Pressure, 10000.0, NEX, 40, ANALYSIS_NAME, PLT_RS2_X1
D2,MIN_D2, -0.000657721, AID, 1, matty, Alloy_713LC, Pressure, 10000.0, NEX, 40, ANALYSIS_NAME, PLT_RS2_X1
D2_ID,MIN_D2_ID, 140, AID, 1, matty, Alloy_713LC, Pressure, 10000.0, NEX, 40, ANALYSIS_NAME, PLT_RS2_X1
D3,MIN_D3, -0.00781463, AID, 1, matty, Alloy_713LC, Pressure, 10000.0, NEX, 40, ANALYSIS_NAME, PLT_RS2_X1
D3_ID,MIN_D3_ID, 90, AID, 1, matty, Alloy_713LC, Pressure, 10000.0, NEX, 40, ANALYSIS_NAME, PLT_RS2_X1
ID,MIN_ID, 1, AID, 1, matty, Alloy_713LC, Pressure, 10000.0, NEX, 40, ANALYSIS_NAME, PLT_RS2_X1
ID_ID,MIN_ID_ID, 1, AID, 1, matty, Alloy_713LC, Pressure, 10000.0, NEX, 40, ANALYSIS_NAME, PLT_RS2_X1
MOSU,MIN_MOSU, 0.0598120976096, AID, 1, matty, Alloy_713LC, Pressure, 10000.0, NEX, 40, ANALYSIS_NAME, PLT_RS2_X1
MOSU_ID,MIN_MOSU_ID, 45, AID, 1, matty, Alloy_713LC, Pressure, 10000.0, NEX, 40, ANALYSIS_NAME, PLT_RS2_X1
MOSY,MIN_MOSY, -0.112266494181, AID, 1, matty, Alloy_713LC, Pressure, 10000.0, NEX, 40, ANALYSIS_NAME, PLT_RS2_X1
MOSY_ID,MIN_MOSY_ID, 45, AID, 1, matty, Alloy_713LC, Pressure, 10000.0, NEX, 40, ANALYSIS_NAME, PLT_RS2_X1
SFU,MIN_SFU, 1.0, AID, 1, matty, Alloy_713LC, Pressure, 10000.0, NEX, 40, ANALYSIS_NAME, PLT_RS2_X1
SFU_ID,MIN_SFU_ID, 70, AID, 1, matty, Alloy_713LC, Pressure, 10000.0, NEX, 40, ANALYSIS_NAME, PLT_RS2_X1
SFY,MIN_SFY, 1.0, AID, 1, matty, Alloy_713LC, Pressure, 10000.0, NEX, 40, ANALYSIS_NAME, PLT_RS2_X1
SFY_ID,MIN_SFY_ID, 70, AID, 1, matty, Alloy_713LC, Pressure, 10000.0, NEX, 40, ANALYSIS_NAME, PLT_RS2_X1
SU,MIN_SU, 130000.0, AID, 1, matty, Alloy_713LC, Pressure, 10000.0, NEX, 40, ANALYSIS_NAME, PLT_RS2_X1
SU_ID,MIN_SU_ID, 70, AID, 1, matty, Alloy_713LC, Pressure, 10000.0, NEX, 40, ANALYSIS_NAME, PLT_RS2_X1
SXX,MIN_SXX, -107609.0, AID, 1, matty, Alloy_713LC, Pressure, 10000.0, NEX, 40, ANALYSIS_NAME, PLT_RS2_X1
SXX_ID,MIN_SXX_ID, 716, AID, 1, matty, Alloy_713LC, Pressure, 10000.0, NEX, 40, ANALYSIS_NAME, PLT_RS2_X1
SXY,MIN_SXY, -52735.9, AID, 1, matty, Alloy_713LC, Pressure, 10000.0, NEX, 40, ANALYSIS_NAME, PLT_RS2_X1
SXY_ID,MIN_SXY_ID, 5, AID, 1, matty, Alloy_713LC, Pressure, 10000.0, NEX, 40, ANALYSIS_NAME, PLT_RS2_X1
SY,MIN_SY, 108892.280072, AID, 1, matty, Alloy_713LC, Pressure, 10000.0, NEX, 40, ANALYSIS_NAME, PLT_RS2_X1
SY_ID,MIN_SY_ID, 70, AID, 1, matty, Alloy_713LC, Pressure, 10000.0, NEX, 40, ANALYSIS_NAME, PLT_RS2_X1
SYY,MIN_SYY, -43575.9, AID, 1, matty, Alloy_713LC, Pressure, 10000.0, NEX, 40, ANALYSIS_NAME, PLT_RS2_X1
SYY_ID,MIN_SYY_ID, 716, AID, 1, matty, Alloy_713LC, Pressure, 10000.0, NEX, 40, ANALYSIS_NAME, PLT_RS2_X1
SYZ,MIN_SYZ, -25286.2, AID, 1, matty, Alloy_713LC, Pressure, 10000.0, NEX, 40, ANALYSIS_NAME, PLT_RS2_X1
SYZ_ID,MIN_SYZ_ID, 3, AID, 1, matty, Alloy_713LC, Pressure, 10000.0, NEX, 40, ANALYSIS_NAME, PLT_RS2_X1
SZX,MIN_SZX, -35880.8, AID, 1, matty, Alloy_713LC, Pressure, 10000.0, NEX, 40, ANALYSIS_NAME, PLT_RS2_X1
SZX_ID,MIN_SZX_ID, 720, AID, 1, matty, Alloy_713LC, Pressure, 10000.0, NEX, 40, ANALYSIS_NAME, PLT_RS2_X1
SZZ,MIN_SZZ, -38885.3, AID, 1, matty, Alloy_713LC, Pressure, 10000.0, NEX, 40, ANALYSIS_NAME, PLT_RS2_X1
SZZ_ID,MIN_SZZ_ID, 716, AID, 1, matty, Alloy_713LC, Pressure, 10000.0, NEX, 40, ANALYSIS_NAME, PLT_RS2_X1
VM,MIN_VM, 4615.27758633, AID, 1, matty, Alloy_713LC, Pressure, 10000.0, NEX, 40, ANALYSIS_NAME, PLT_RS2_X1
VM_ID,MIN_VM_ID, 123, AID, 1, matty, Alloy_713LC, Pressure, 10000.0, NEX, 40, ANALYSIS_NAME, PLT_RS2_X1
################################################################################



INDEPENDENT VARIABLES:
AID,1,
ANALYSIS_NAME,PLT_RS2_X1,
NEX,40,
Pressure,10000.0,
matty,Alloy_713LC,

MAX RESULTS:
ALL,0.00782240807733,
ALL_ID,90,
D1,0.00279054,
D1_ID,316,
D2,0.000660589,
D2_ID,180,
D3,0.0,
D3_ID,363,
ID,990,
ID_ID,990,
MOSU,27.1673198563,
MOSU_ID,123,
MOSY,22.5938744821,
MOSY_ID,123,
SFU,1.0,
SFU_ID,70,
SFY,1.0,
SFY_ID,70,
SU,130000.0,
SU_ID,70,
SXX,110656.0,
SXX_ID,720,
SXY,53884.3,
SXY_ID,45,
SY,108892.280072,
SY_ID,70,
SYY,44296.1,
SYY_ID,720,
SYZ,25619.3,
SYZ_ID,43,
SZX,45666.5,
SZX_ID,403,
SZZ,38176.3,
SZZ_ID,720,
VM,122663.253508,
VM_ID,45,

MIN RESULTS:
ALL,0.0,
ALL_ID,363,
D1,-0.00267699,
D1_ID,360,
D2,-0.000657721,
D2_ID,140,
D3,-0.00781463,
D3_ID,90,
ID,1,
ID_ID,1,
MOSU,0.0598120976096,
MOSU_ID,45,
MOSY,-0.112266494181,
MOSY_ID,45,
SFU,1.0,
SFU_ID,70,
SFY,1.0,
SFY_ID,70,
SU,130000.0,
SU_ID,70,
SXX,-107609.0,
SXX_ID,716,
SXY,-52735.9,
SXY_ID,5,
SY,108892.280072,
SY_ID,70,
SYY,-43575.9,
SYY_ID,716,
SYZ,-25286.2,
SYZ_ID,3,
SZX,-35880.8,
SZX_ID,720,
SZZ,-38885.3,
SZZ_ID,716,
VM,4615.27758633,
VM_ID,123,

AVERAGE RESULTS:
ALL,0.00386774635412,
ALL_ID,NA,
D1,2.68840314078e-05,
D1_ID,NA,
D2,-4.94686519584e-07,
D2_ID,NA,
D3,-0.00367908410351,
D3_ID,NA,
ID,467.980519481,
ID_ID,NA,
MOSU,3.29726927845,
MOSU_ID,NA,
MOSY,2.61640353597,
MOSY_ID,NA,
SFU,0.896103896104,
SFU_ID,NA,
SFY,0.896103896104,
SFY_ID,NA,
SU,116493.506494,
SU_ID,NA,
SXX,-848.079530831,
SXX_ID,NA,
SXY,-13.6972438649,
SXY_ID,NA,
SY,97578.796428,
SY_ID,NA,
SYY,-254.73754087,
SYY_ID,NA,
SYZ,2.69950745351,
SYZ_ID,NA,
SZX,-4697.25034558,
SZX_ID,NA,
SZZ,-4139.83882038,
SZZ_ID,NA,
VM,34326.1482893,
VM_ID,NA,
