#, DOE RESULTS FROM ANLAYSIS "PLT_RS"
#, THE ANALYSIS TOOK PLACE ON: Tuesday, April 2nd, 2013 at 05:35:05 PM
#, THE INPUT FILE WAS: C:\Dan\DEV\pywork\FEADOE\plt_rigid_join.py
#, PERFORMED BY: dannyt
#, ANALYSIS FILES ARE STORED IN : PLT_RS_MODELS.zip
#
#, INDEPENDENT VARIABLES:
#,NEX,40
#,Pressure,10000.0
#,matty,Alloy_713LC

################################################################################
#, THE NUMBER OF ANALYSES IN DOE = 1
################################################################################
ALL,MAX_ALL, 0.00776369141494, AID, 1, matty, Alloy_713LC, Pressure, 10000.0, NEX, 40, ANALYSIS_NAME, PLT_RS_X1
ALL_ID,MAX_ALL_ID, 90, AID, 1, matty, Alloy_713LC, Pressure, 10000.0, NEX, 40, ANALYSIS_NAME, PLT_RS_X1
D1,MAX_D1, 0.0027682, AID, 1, matty, Alloy_713LC, Pressure, 10000.0, NEX, 40, ANALYSIS_NAME, PLT_RS_X1
D1_ID,MAX_D1_ID, 316, AID, 1, matty, Alloy_713LC, Pressure, 10000.0, NEX, 40, ANALYSIS_NAME, PLT_RS_X1
D2,MAX_D2, 0.000647816, AID, 1, matty, Alloy_713LC, Pressure, 10000.0, NEX, 40, ANALYSIS_NAME, PLT_RS_X1
D2_ID,MAX_D2_ID, 180, AID, 1, matty, Alloy_713LC, Pressure, 10000.0, NEX, 40, ANALYSIS_NAME, PLT_RS_X1
D3,MAX_D3, 0.0, AID, 1, matty, Alloy_713LC, Pressure, 10000.0, NEX, 40, ANALYSIS_NAME, PLT_RS_X1
D3_ID,MAX_D3_ID, 363, AID, 1, matty, Alloy_713LC, Pressure, 10000.0, NEX, 40, ANALYSIS_NAME, PLT_RS_X1
ID,MAX_ID, 990, AID, 1, matty, Alloy_713LC, Pressure, 10000.0, NEX, 40, ANALYSIS_NAME, PLT_RS_X1
ID_ID,MAX_ID_ID, 990, AID, 1, matty, Alloy_713LC, Pressure, 10000.0, NEX, 40, ANALYSIS_NAME, PLT_RS_X1
MOSU,MAX_MOSU, 28.1035282558, AID, 1, matty, Alloy_713LC, Pressure, 10000.0, NEX, 40, ANALYSIS_NAME, PLT_RS_X1
MOSU_ID,MAX_MOSU_ID, 123, AID, 1, matty, Alloy_713LC, Pressure, 10000.0, NEX, 40, ANALYSIS_NAME, PLT_RS_X1
MOSY,MAX_MOSY, 23.3780734608, AID, 1, matty, Alloy_713LC, Pressure, 10000.0, NEX, 40, ANALYSIS_NAME, PLT_RS_X1
MOSY_ID,MAX_MOSY_ID, 123, AID, 1, matty, Alloy_713LC, Pressure, 10000.0, NEX, 40, ANALYSIS_NAME, PLT_RS_X1
SFU,MAX_SFU, 1.0, AID, 1, matty, Alloy_713LC, Pressure, 10000.0, NEX, 40, ANALYSIS_NAME, PLT_RS_X1
SFU_ID,MAX_SFU_ID, 70, AID, 1, matty, Alloy_713LC, Pressure, 10000.0, NEX, 40, ANALYSIS_NAME, PLT_RS_X1
SFY,MAX_SFY, 1.0, AID, 1, matty, Alloy_713LC, Pressure, 10000.0, NEX, 40, ANALYSIS_NAME, PLT_RS_X1
SFY_ID,MAX_SFY_ID, 70, AID, 1, matty, Alloy_713LC, Pressure, 10000.0, NEX, 40, ANALYSIS_NAME, PLT_RS_X1
SU,MAX_SU, 130000.0, AID, 1, matty, Alloy_713LC, Pressure, 10000.0, NEX, 40, ANALYSIS_NAME, PLT_RS_X1
SU_ID,MAX_SU_ID, 70, AID, 1, matty, Alloy_713LC, Pressure, 10000.0, NEX, 40, ANALYSIS_NAME, PLT_RS_X1
SXX,MAX_SXX, 110858.0, AID, 1, matty, Alloy_713LC, Pressure, 10000.0, NEX, 40, ANALYSIS_NAME, PLT_RS_X1
SXX_ID,MAX_SXX_ID, 720, AID, 1, matty, Alloy_713LC, Pressure, 10000.0, NEX, 40, ANALYSIS_NAME, PLT_RS_X1
SXY,MAX_SXY, 51435.7, AID, 1, matty, Alloy_713LC, Pressure, 10000.0, NEX, 40, ANALYSIS_NAME, PLT_RS_X1
SXY_ID,MAX_SXY_ID, 45, AID, 1, matty, Alloy_713LC, Pressure, 10000.0, NEX, 40, ANALYSIS_NAME, PLT_RS_X1
SY,MAX_SY, 108892.280072, AID, 1, matty, Alloy_713LC, Pressure, 10000.0, NEX, 40, ANALYSIS_NAME, PLT_RS_X1
SY_ID,MAX_SY_ID, 70, AID, 1, matty, Alloy_713LC, Pressure, 10000.0, NEX, 40, ANALYSIS_NAME, PLT_RS_X1
SYY,MAX_SYY, 44381.7, AID, 1, matty, Alloy_713LC, Pressure, 10000.0, NEX, 40, ANALYSIS_NAME, PLT_RS_X1
SYY_ID,MAX_SYY_ID, 720, AID, 1, matty, Alloy_713LC, Pressure, 10000.0, NEX, 40, ANALYSIS_NAME, PLT_RS_X1
SYZ,MAX_SYZ, 26410.3, AID, 1, matty, Alloy_713LC, Pressure, 10000.0, NEX, 40, ANALYSIS_NAME, PLT_RS_X1
SYZ_ID,MAX_SYZ_ID, 43, AID, 1, matty, Alloy_713LC, Pressure, 10000.0, NEX, 40, ANALYSIS_NAME, PLT_RS_X1
SZX,MAX_SZX, 45049.6, AID, 1, matty, Alloy_713LC, Pressure, 10000.0, NEX, 40, ANALYSIS_NAME, PLT_RS_X1
SZX_ID,MAX_SZX_ID, 403, AID, 1, matty, Alloy_713LC, Pressure, 10000.0, NEX, 40, ANALYSIS_NAME, PLT_RS_X1
SZZ,MAX_SZZ, 38268.6, AID, 1, matty, Alloy_713LC, Pressure, 10000.0, NEX, 40, ANALYSIS_NAME, PLT_RS_X1
SZZ_ID,MAX_SZZ_ID, 720, AID, 1, matty, Alloy_713LC, Pressure, 10000.0, NEX, 40, ANALYSIS_NAME, PLT_RS_X1
VM,MAX_VM, 117140.854968, AID, 1, matty, Alloy_713LC, Pressure, 10000.0, NEX, 40, ANALYSIS_NAME, PLT_RS_X1
VM_ID,MAX_VM_ID, 45, AID, 1, matty, Alloy_713LC, Pressure, 10000.0, NEX, 40, ANALYSIS_NAME, PLT_RS_X1
================================================================================
ALL,MIN_ALL, 0.0, AID, 1, matty, Alloy_713LC, Pressure, 10000.0, NEX, 40, ANALYSIS_NAME, PLT_RS_X1
ALL_ID,MIN_ALL_ID, 363, AID, 1, matty, Alloy_713LC, Pressure, 10000.0, NEX, 40, ANALYSIS_NAME, PLT_RS_X1
D1,MIN_D1, -0.00265659, AID, 1, matty, Alloy_713LC, Pressure, 10000.0, NEX, 40, ANALYSIS_NAME, PLT_RS_X1
D1_ID,MIN_D1_ID, 360, AID, 1, matty, Alloy_713LC, Pressure, 10000.0, NEX, 40, ANALYSIS_NAME, PLT_RS_X1
D2,MIN_D2, -0.000640697, AID, 1, matty, Alloy_713LC, Pressure, 10000.0, NEX, 40, ANALYSIS_NAME, PLT_RS_X1
D2_ID,MIN_D2_ID, 140, AID, 1, matty, Alloy_713LC, Pressure, 10000.0, NEX, 40, ANALYSIS_NAME, PLT_RS_X1
D3,MIN_D3, -0.00775738, AID, 1, matty, Alloy_713LC, Pressure, 10000.0, NEX, 40, ANALYSIS_NAME, PLT_RS_X1
D3_ID,MIN_D3_ID, 90, AID, 1, matty, Alloy_713LC, Pressure, 10000.0, NEX, 40, ANALYSIS_NAME, PLT_RS_X1
ID,MIN_ID, 1, AID, 1, matty, Alloy_713LC, Pressure, 10000.0, NEX, 40, ANALYSIS_NAME, PLT_RS_X1
ID_ID,MIN_ID_ID, 1, AID, 1, matty, Alloy_713LC, Pressure, 10000.0, NEX, 40, ANALYSIS_NAME, PLT_RS_X1
MOSU,MIN_MOSU, 0.10977506554, AID, 1, matty, Alloy_713LC, Pressure, 10000.0, NEX, 40, ANALYSIS_NAME, PLT_RS_X1
MOSU_ID,MIN_MOSU_ID, 45, AID, 1, matty, Alloy_713LC, Pressure, 10000.0, NEX, 40, ANALYSIS_NAME, PLT_RS_X1
MOSY,MIN_MOSY, -0.0704158672804, AID, 1, matty, Alloy_713LC, Pressure, 10000.0, NEX, 40, ANALYSIS_NAME, PLT_RS_X1
MOSY_ID,MIN_MOSY_ID, 45, AID, 1, matty, Alloy_713LC, Pressure, 10000.0, NEX, 40, ANALYSIS_NAME, PLT_RS_X1
SFU,MIN_SFU, 1.0, AID, 1, matty, Alloy_713LC, Pressure, 10000.0, NEX, 40, ANALYSIS_NAME, PLT_RS_X1
SFU_ID,MIN_SFU_ID, 70, AID, 1, matty, Alloy_713LC, Pressure, 10000.0, NEX, 40, ANALYSIS_NAME, PLT_RS_X1
SFY,MIN_SFY, 1.0, AID, 1, matty, Alloy_713LC, Pressure, 10000.0, NEX, 40, ANALYSIS_NAME, PLT_RS_X1
SFY_ID,MIN_SFY_ID, 70, AID, 1, matty, Alloy_713LC, Pressure, 10000.0, NEX, 40, ANALYSIS_NAME, PLT_RS_X1
SU,MIN_SU, 130000.0, AID, 1, matty, Alloy_713LC, Pressure, 10000.0, NEX, 40, ANALYSIS_NAME, PLT_RS_X1
SU_ID,MIN_SU_ID, 70, AID, 1, matty, Alloy_713LC, Pressure, 10000.0, NEX, 40, ANALYSIS_NAME, PLT_RS_X1
SXX,MIN_SXX, -107655.0, AID, 1, matty, Alloy_713LC, Pressure, 10000.0, NEX, 40, ANALYSIS_NAME, PLT_RS_X1
SXX_ID,MIN_SXX_ID, 716, AID, 1, matty, Alloy_713LC, Pressure, 10000.0, NEX, 40, ANALYSIS_NAME, PLT_RS_X1
SXY,MIN_SXY, -49543.7, AID, 1, matty, Alloy_713LC, Pressure, 10000.0, NEX, 40, ANALYSIS_NAME, PLT_RS_X1
SXY_ID,MIN_SXY_ID, 5, AID, 1, matty, Alloy_713LC, Pressure, 10000.0, NEX, 40, ANALYSIS_NAME, PLT_RS_X1
SY,MIN_SY, 108892.280072, AID, 1, matty, Alloy_713LC, Pressure, 10000.0, NEX, 40, ANALYSIS_NAME, PLT_RS_X1
SY_ID,MIN_SY_ID, 70, AID, 1, matty, Alloy_713LC, Pressure, 10000.0, NEX, 40, ANALYSIS_NAME, PLT_RS_X1
SYY,MIN_SYY, -43603.6, AID, 1, matty, Alloy_713LC, Pressure, 10000.0, NEX, 40, ANALYSIS_NAME, PLT_RS_X1
SYY_ID,MIN_SYY_ID, 716, AID, 1, matty, Alloy_713LC, Pressure, 10000.0, NEX, 40, ANALYSIS_NAME, PLT_RS_X1
SYZ,MIN_SYZ, -26167.9, AID, 1, matty, Alloy_713LC, Pressure, 10000.0, NEX, 40, ANALYSIS_NAME, PLT_RS_X1
SYZ_ID,MIN_SYZ_ID, 3, AID, 1, matty, Alloy_713LC, Pressure, 10000.0, NEX, 40, ANALYSIS_NAME, PLT_RS_X1
SZX,MIN_SZX, -36040.0, AID, 1, matty, Alloy_713LC, Pressure, 10000.0, NEX, 40, ANALYSIS_NAME, PLT_RS_X1
SZX_ID,MIN_SZX_ID, 720, AID, 1, matty, Alloy_713LC, Pressure, 10000.0, NEX, 40, ANALYSIS_NAME, PLT_RS_X1
SZZ,MIN_SZZ, -38926.1, AID, 1, matty, Alloy_713LC, Pressure, 10000.0, NEX, 40, ANALYSIS_NAME, PLT_RS_X1
SZZ_ID,MIN_SZZ_ID, 716, AID, 1, matty, Alloy_713LC, Pressure, 10000.0, NEX, 40, ANALYSIS_NAME, PLT_RS_X1
VM,MIN_VM, 4466.81236919, AID, 1, matty, Alloy_713LC, Pressure, 10000.0, NEX, 40, ANALYSIS_NAME, PLT_RS_X1
VM_ID,MIN_VM_ID, 123, AID, 1, matty, Alloy_713LC, Pressure, 10000.0, NEX, 40, ANALYSIS_NAME, PLT_RS_X1
################################################################################



INDEPENDENT VARIABLES:
AID,1,
ANALYSIS_NAME,PLT_RS_X1,
NEX,40,
Pressure,10000.0,
matty,Alloy_713LC,

MAX RESULTS:
ALL,0.00776369141494,
ALL_ID,90,
D1,0.0027682,
D1_ID,316,
D2,0.000647816,
D2_ID,180,
D3,0.0,
D3_ID,363,
ID,990,
ID_ID,990,
MOSU,28.1035282558,
MOSU_ID,123,
MOSY,23.3780734608,
MOSY_ID,123,
SFU,1.0,
SFU_ID,70,
SFY,1.0,
SFY_ID,70,
SU,130000.0,
SU_ID,70,
SXX,110858.0,
SXX_ID,720,
SXY,51435.7,
SXY_ID,45,
SY,108892.280072,
SY_ID,70,
SYY,44381.7,
SYY_ID,720,
SYZ,26410.3,
SYZ_ID,43,
SZX,45049.6,
SZX_ID,403,
SZZ,38268.6,
SZZ_ID,720,
VM,117140.854968,
VM_ID,45,

MIN RESULTS:
ALL,0.0,
ALL_ID,363,
D1,-0.00265659,
D1_ID,360,
D2,-0.000640697,
D2_ID,140,
D3,-0.00775738,
D3_ID,90,
ID,1,
ID_ID,1,
MOSU,0.10977506554,
MOSU_ID,45,
MOSY,-0.0704158672804,
MOSY_ID,45,
SFU,1.0,
SFU_ID,70,
SFY,1.0,
SFY_ID,70,
SU,130000.0,
SU_ID,70,
SXX,-107655.0,
SXX_ID,716,
SXY,-49543.7,
SXY_ID,5,
SY,108892.280072,
SY_ID,70,
SYY,-43603.6,
SYY_ID,716,
SYZ,-26167.9,
SYZ_ID,3,
SZX,-36040.0,
SZX_ID,720,
SZZ,-38926.1,
SZZ_ID,716,
VM,4466.81236919,
VM_ID,123,

AVERAGE RESULTS:
ALL,0.00384751879209,
ALL_ID,NA,
D1,2.67256272169e-05,
D1_ID,NA,
D2,-1.05385346442e-06,
D2_ID,NA,
D3,-0.00366102256273,
D3_ID,NA,
ID,467.980519481,
ID_ID,NA,
MOSU,3.29648491569,
MOSU_ID,NA,
MOSY,2.61574652789,
MOSY_ID,NA,
SFU,0.896103896104,
SFU_ID,NA,
SFY,0.896103896104,
SFY_ID,NA,
SU,116493.506494,
SU_ID,NA,
SXX,-829.432452416,
SXX_ID,NA,
SXY,-27.4469994416,
SXY_ID,NA,
SY,97578.796428,
SY_ID,NA,
SYY,-246.52655087,
SYY_ID,NA,
SYZ,6.87300600052,
SYZ_ID,NA,
SZX,-4854.83035061,
SZX_ID,NA,
SZZ,-4124.93465259,
SZZ_ID,NA,
VM,34344.7128665,
VM_ID,NA,
