#, DOE RESULTS FROM ANLAYSIS "NOZ_T2_PLAY11"
#, THE ANALYSIS TOOK PLACE ON: Friday, April 26th, 2013 at 03:50:47 PM
#, THE INPUT FILE WAS: C:\Dan\DEV\pywork\FEADOE\noz_t2.py
#, PERFORMED BY: dannyt
#, ANALYSIS FILES ARE STORED IN : NOZ_T2_PLAY11_MODELS.zip
#
#, INDEPENDENT VARIABLES:
#,Pressure,10000.0
#,matty,Alloy_713LC

################################################################################
#, THE NUMBER OF ANALYSES IN DOE = 1
################################################################################
ALL,MAX_ALL, 1.06213627165, AID, 1, Pressure, 10000.0, matty, Alloy_713LC, ANALYSIS_NAME, NOZ_T2_PLAY11_X1
ALL_ID,MAX_ALL_ID, 93, AID, 1, Pressure, 10000.0, matty, Alloy_713LC, ANALYSIS_NAME, NOZ_T2_PLAY11_X1
D1,MAX_D1, 0.492535, AID, 1, Pressure, 10000.0, matty, Alloy_713LC, ANALYSIS_NAME, NOZ_T2_PLAY11_X1
D1_ID,MAX_D1_ID, 62, AID, 1, Pressure, 10000.0, matty, Alloy_713LC, ANALYSIS_NAME, NOZ_T2_PLAY11_X1
D2,MAX_D2, 0.0489119, AID, 1, Pressure, 10000.0, matty, Alloy_713LC, ANALYSIS_NAME, NOZ_T2_PLAY11_X1
D2_ID,MAX_D2_ID, 93, AID, 1, Pressure, 10000.0, matty, Alloy_713LC, ANALYSIS_NAME, NOZ_T2_PLAY11_X1
D3,MAX_D3, 0.942625, AID, 1, Pressure, 10000.0, matty, Alloy_713LC, ANALYSIS_NAME, NOZ_T2_PLAY11_X1
D3_ID,MAX_D3_ID, 93, AID, 1, Pressure, 10000.0, matty, Alloy_713LC, ANALYSIS_NAME, NOZ_T2_PLAY11_X1
ID,MAX_ID, 539, AID, 1, Pressure, 10000.0, matty, Alloy_713LC, ANALYSIS_NAME, NOZ_T2_PLAY11_X1
ID_ID,MAX_ID_ID, 539, AID, 1, Pressure, 10000.0, matty, Alloy_713LC, ANALYSIS_NAME, NOZ_T2_PLAY11_X1
MOSU,MAX_MOSU, 11.8423884805, AID, 1, Pressure, 10000.0, matty, Alloy_713LC, ANALYSIS_NAME, NOZ_T2_PLAY11_X1
MOSU_ID,MAX_MOSU_ID, 524, AID, 1, Pressure, 10000.0, matty, Alloy_713LC, ANALYSIS_NAME, NOZ_T2_PLAY11_X1
MOSY,MAX_MOSY, 9.75720740934, AID, 1, Pressure, 10000.0, matty, Alloy_713LC, ANALYSIS_NAME, NOZ_T2_PLAY11_X1
MOSY_ID,MAX_MOSY_ID, 524, AID, 1, Pressure, 10000.0, matty, Alloy_713LC, ANALYSIS_NAME, NOZ_T2_PLAY11_X1
SFU,MAX_SFU, 1.0, AID, 1, Pressure, 10000.0, matty, Alloy_713LC, ANALYSIS_NAME, NOZ_T2_PLAY11_X1
SFU_ID,MAX_SFU_ID, 150, AID, 1, Pressure, 10000.0, matty, Alloy_713LC, ANALYSIS_NAME, NOZ_T2_PLAY11_X1
SFY,MAX_SFY, 1.0, AID, 1, Pressure, 10000.0, matty, Alloy_713LC, ANALYSIS_NAME, NOZ_T2_PLAY11_X1
SFY_ID,MAX_SFY_ID, 150, AID, 1, Pressure, 10000.0, matty, Alloy_713LC, ANALYSIS_NAME, NOZ_T2_PLAY11_X1
SU,MAX_SU, 130000.0, AID, 1, Pressure, 10000.0, matty, Alloy_713LC, ANALYSIS_NAME, NOZ_T2_PLAY11_X1
SU_ID,MAX_SU_ID, 150, AID, 1, Pressure, 10000.0, matty, Alloy_713LC, ANALYSIS_NAME, NOZ_T2_PLAY11_X1
SXX,MAX_SXX, 870975.0, AID, 1, Pressure, 10000.0, matty, Alloy_713LC, ANALYSIS_NAME, NOZ_T2_PLAY11_X1
SXX_ID,MAX_SXX_ID, 65, AID, 1, Pressure, 10000.0, matty, Alloy_713LC, ANALYSIS_NAME, NOZ_T2_PLAY11_X1
SXY,MAX_SXY, 73392.7, AID, 1, Pressure, 10000.0, matty, Alloy_713LC, ANALYSIS_NAME, NOZ_T2_PLAY11_X1
SXY_ID,MAX_SXY_ID, 40, AID, 1, Pressure, 10000.0, matty, Alloy_713LC, ANALYSIS_NAME, NOZ_T2_PLAY11_X1
SY,MAX_SY, 108892.280072, AID, 1, Pressure, 10000.0, matty, Alloy_713LC, ANALYSIS_NAME, NOZ_T2_PLAY11_X1
SY_ID,MAX_SY_ID, 150, AID, 1, Pressure, 10000.0, matty, Alloy_713LC, ANALYSIS_NAME, NOZ_T2_PLAY11_X1
SYY,MAX_SYY, 358680.0, AID, 1, Pressure, 10000.0, matty, Alloy_713LC, ANALYSIS_NAME, NOZ_T2_PLAY11_X1
SYY_ID,MAX_SYY_ID, 81, AID, 1, Pressure, 10000.0, matty, Alloy_713LC, ANALYSIS_NAME, NOZ_T2_PLAY11_X1
SYZ,MAX_SYZ, 144201.0, AID, 1, Pressure, 10000.0, matty, Alloy_713LC, ANALYSIS_NAME, NOZ_T2_PLAY11_X1
SYZ_ID,MAX_SYZ_ID, 317, AID, 1, Pressure, 10000.0, matty, Alloy_713LC, ANALYSIS_NAME, NOZ_T2_PLAY11_X1
SZX,MAX_SZX, 594225.0, AID, 1, Pressure, 10000.0, matty, Alloy_713LC, ANALYSIS_NAME, NOZ_T2_PLAY11_X1
SZX_ID,MAX_SZX_ID, 93, AID, 1, Pressure, 10000.0, matty, Alloy_713LC, ANALYSIS_NAME, NOZ_T2_PLAY11_X1
SZZ,MAX_SZZ, 265591.0, AID, 1, Pressure, 10000.0, matty, Alloy_713LC, ANALYSIS_NAME, NOZ_T2_PLAY11_X1
SZZ_ID,MAX_SZZ_ID, 92, AID, 1, Pressure, 10000.0, matty, Alloy_713LC, ANALYSIS_NAME, NOZ_T2_PLAY11_X1
VM,MAX_VM, 1374683.57947, AID, 1, Pressure, 10000.0, matty, Alloy_713LC, ANALYSIS_NAME, NOZ_T2_PLAY11_X1
VM_ID,MAX_VM_ID, 93, AID, 1, Pressure, 10000.0, matty, Alloy_713LC, ANALYSIS_NAME, NOZ_T2_PLAY11_X1
================================================================================
ALL,MIN_ALL, 1.31776e-15, AID, 1, Pressure, 10000.0, matty, Alloy_713LC, ANALYSIS_NAME, NOZ_T2_PLAY11_X1
ALL_ID,MIN_ALL_ID, 296, AID, 1, Pressure, 10000.0, matty, Alloy_713LC, ANALYSIS_NAME, NOZ_T2_PLAY11_X1
D1,MIN_D1, -0.159308, AID, 1, Pressure, 10000.0, matty, Alloy_713LC, ANALYSIS_NAME, NOZ_T2_PLAY11_X1
D1_ID,MIN_D1_ID, 37, AID, 1, Pressure, 10000.0, matty, Alloy_713LC, ANALYSIS_NAME, NOZ_T2_PLAY11_X1
D2,MIN_D2, -0.0489119, AID, 1, Pressure, 10000.0, matty, Alloy_713LC, ANALYSIS_NAME, NOZ_T2_PLAY11_X1
D2_ID,MIN_D2_ID, 61, AID, 1, Pressure, 10000.0, matty, Alloy_713LC, ANALYSIS_NAME, NOZ_T2_PLAY11_X1
D3,MIN_D3, 0.0, AID, 1, Pressure, 10000.0, matty, Alloy_713LC, ANALYSIS_NAME, NOZ_T2_PLAY11_X1
D3_ID,MIN_D3_ID, 31, AID, 1, Pressure, 10000.0, matty, Alloy_713LC, ANALYSIS_NAME, NOZ_T2_PLAY11_X1
ID,MIN_ID, 1, AID, 1, Pressure, 10000.0, matty, Alloy_713LC, ANALYSIS_NAME, NOZ_T2_PLAY11_X1
ID_ID,MIN_ID_ID, 1, AID, 1, Pressure, 10000.0, matty, Alloy_713LC, ANALYSIS_NAME, NOZ_T2_PLAY11_X1
MOSU,MIN_MOSU, -0.905432783266, AID, 1, Pressure, 10000.0, matty, Alloy_713LC, ANALYSIS_NAME, NOZ_T2_PLAY11_X1
MOSU_ID,MIN_MOSU_ID, 93, AID, 1, Pressure, 10000.0, matty, Alloy_713LC, ANALYSIS_NAME, NOZ_T2_PLAY11_X1
MOSY,MIN_MOSY, -0.920787385768, AID, 1, Pressure, 10000.0, matty, Alloy_713LC, ANALYSIS_NAME, NOZ_T2_PLAY11_X1
MOSY_ID,MIN_MOSY_ID, 93, AID, 1, Pressure, 10000.0, matty, Alloy_713LC, ANALYSIS_NAME, NOZ_T2_PLAY11_X1
SFU,MIN_SFU, 1.0, AID, 1, Pressure, 10000.0, matty, Alloy_713LC, ANALYSIS_NAME, NOZ_T2_PLAY11_X1
SFU_ID,MIN_SFU_ID, 150, AID, 1, Pressure, 10000.0, matty, Alloy_713LC, ANALYSIS_NAME, NOZ_T2_PLAY11_X1
SFY,MIN_SFY, 1.0, AID, 1, Pressure, 10000.0, matty, Alloy_713LC, ANALYSIS_NAME, NOZ_T2_PLAY11_X1
SFY_ID,MIN_SFY_ID, 150, AID, 1, Pressure, 10000.0, matty, Alloy_713LC, ANALYSIS_NAME, NOZ_T2_PLAY11_X1
SU,MIN_SU, 130000.0, AID, 1, Pressure, 10000.0, matty, Alloy_713LC, ANALYSIS_NAME, NOZ_T2_PLAY11_X1
SU_ID,MIN_SU_ID, 150, AID, 1, Pressure, 10000.0, matty, Alloy_713LC, ANALYSIS_NAME, NOZ_T2_PLAY11_X1
SXX,MIN_SXX, -1073000.0, AID, 1, Pressure, 10000.0, matty, Alloy_713LC, ANALYSIS_NAME, NOZ_T2_PLAY11_X1
SXX_ID,MIN_SXX_ID, 93, AID, 1, Pressure, 10000.0, matty, Alloy_713LC, ANALYSIS_NAME, NOZ_T2_PLAY11_X1
SXY,MIN_SXY, -73392.7, AID, 1, Pressure, 10000.0, matty, Alloy_713LC, ANALYSIS_NAME, NOZ_T2_PLAY11_X1
SXY_ID,MIN_SXY_ID, 60, AID, 1, Pressure, 10000.0, matty, Alloy_713LC, ANALYSIS_NAME, NOZ_T2_PLAY11_X1
SY,MIN_SY, 108892.280072, AID, 1, Pressure, 10000.0, matty, Alloy_713LC, ANALYSIS_NAME, NOZ_T2_PLAY11_X1
SY_ID,MIN_SY_ID, 150, AID, 1, Pressure, 10000.0, matty, Alloy_713LC, ANALYSIS_NAME, NOZ_T2_PLAY11_X1
SYY,MIN_SYY, -373444.0, AID, 1, Pressure, 10000.0, matty, Alloy_713LC, ANALYSIS_NAME, NOZ_T2_PLAY11_X1
SYY_ID,MIN_SYY_ID, 77, AID, 1, Pressure, 10000.0, matty, Alloy_713LC, ANALYSIS_NAME, NOZ_T2_PLAY11_X1
SYZ,MIN_SYZ, -144201.0, AID, 1, Pressure, 10000.0, matty, Alloy_713LC, ANALYSIS_NAME, NOZ_T2_PLAY11_X1
SYZ_ID,MIN_SYZ_ID, 365, AID, 1, Pressure, 10000.0, matty, Alloy_713LC, ANALYSIS_NAME, NOZ_T2_PLAY11_X1
SZX,MIN_SZX, -483697.0, AID, 1, Pressure, 10000.0, matty, Alloy_713LC, ANALYSIS_NAME, NOZ_T2_PLAY11_X1
SZX_ID,MIN_SZX_ID, 65, AID, 1, Pressure, 10000.0, matty, Alloy_713LC, ANALYSIS_NAME, NOZ_T2_PLAY11_X1
SZZ,MIN_SZZ, -330731.0, AID, 1, Pressure, 10000.0, matty, Alloy_713LC, ANALYSIS_NAME, NOZ_T2_PLAY11_X1
SZZ_ID,MIN_SZZ_ID, 93, AID, 1, Pressure, 10000.0, matty, Alloy_713LC, ANALYSIS_NAME, NOZ_T2_PLAY11_X1
VM,MIN_VM, 10122.7275749, AID, 1, Pressure, 10000.0, matty, Alloy_713LC, ANALYSIS_NAME, NOZ_T2_PLAY11_X1
VM_ID,MIN_VM_ID, 524, AID, 1, Pressure, 10000.0, matty, Alloy_713LC, ANALYSIS_NAME, NOZ_T2_PLAY11_X1
################################################################################



INDEPENDENT VARIABLES:
AID,1,
ANALYSIS_NAME,NOZ_T2_PLAY11_X1,
Pressure,10000.0,
matty,Alloy_713LC,

MAX RESULTS:
ALL,1.06213627165,
ALL_ID,93,
D1,0.492535,
D1_ID,62,
D2,0.0489119,
D2_ID,93,
D3,0.942625,
D3_ID,93,
ID,539,
ID_ID,539,
MOSU,11.8423884805,
MOSU_ID,524,
MOSY,9.75720740934,
MOSY_ID,524,
SFU,1.0,
SFU_ID,150,
SFY,1.0,
SFY_ID,150,
SU,130000.0,
SU_ID,150,
SXX,870975.0,
SXX_ID,65,
SXY,73392.7,
SXY_ID,40,
SY,108892.280072,
SY_ID,150,
SYY,358680.0,
SYY_ID,81,
SYZ,144201.0,
SYZ_ID,317,
SZX,594225.0,
SZX_ID,93,
SZZ,265591.0,
SZZ_ID,92,
VM,1374683.57947,
VM_ID,93,

MIN RESULTS:
ALL,1.31776e-15,
ALL_ID,296,
D1,-0.159308,
D1_ID,37,
D2,-0.0489119,
D2_ID,61,
D3,0.0,
D3_ID,31,
ID,1,
ID_ID,1,
MOSU,-0.905432783266,
MOSU_ID,93,
MOSY,-0.920787385768,
MOSY_ID,93,
SFU,1.0,
SFU_ID,150,
SFY,1.0,
SFY_ID,150,
SU,130000.0,
SU_ID,150,
SXX,-1073000.0,
SXX_ID,93,
SXY,-73392.7,
SXY_ID,60,
SY,108892.280072,
SY_ID,150,
SYY,-373444.0,
SYY_ID,77,
SYZ,-144201.0,
SYZ_ID,365,
SZX,-483697.0,
SZX_ID,65,
SZZ,-330731.0,
SZZ_ID,93,
VM,10122.7275749,
VM_ID,524,

AVERAGE RESULTS:
ALL,0.187634199382,
ALL_ID,NA,
D1,0.0117104955203,
D1_ID,NA,
D2,-7.3853649704e-17,
D2_ID,NA,
D3,0.163344841829,
D3_ID,NA,
ID,263.479541735,
ID_ID,NA,
MOSU,0.261167277616,
MOSU_ID,NA,
MOSY,0.0712766681033,
MOSY_ID,NA,
SFU,0.908346972177,
SFU_ID,NA,
SFY,0.908346972177,
SFY_ID,NA,
SU,118085.106383,
SU_ID,NA,
SXX,-38409.0214992,
SXX_ID,NA,
SXY,-4.75969486047e-10,
SXY_ID,NA,
SY,98911.9728967,
SY_ID,NA,
SYY,5157.30732111,
SYY_ID,NA,
SYZ,-6.49221565396e-10,
SYZ_ID,NA,
SZX,7581.14706236,
SZX_ID,NA,
SZZ,-6930.66806088,
SZZ_ID,NA,
VM,238509.79264,
VM_ID,NA,
