#, DOE RESULTS FROM ANLAYSIS "PGV_BUTT1"
#, THE ANALYSIS TOOK PLACE ON: Tuesday, April 16th, 2013 at 12:13:47 PM
#, THE INPUT FILE WAS: C:\Dan\DEV\pywork\FEADOE\playground_RIGID.py
#, PERFORMED BY: dannyt
#, ANALYSIS FILES ARE STORED IN : PGV_BUTT1_MODELS.zip
#
#, INDEPENDENT VARIABLES:
#,Pressure,-10000.0
#,matty,Alloy_713LC

################################################################################
#, THE NUMBER OF ANALYSES IN DOE = 1
################################################################################
ALL,MAX_ALL, 0.173525784841, AID, 1, Pressure, -10000.0, matty, Alloy_713LC, ANALYSIS_NAME, PGV_BUTT1_X1
ALL_ID,MAX_ALL_ID, 566, AID, 1, Pressure, -10000.0, matty, Alloy_713LC, ANALYSIS_NAME, PGV_BUTT1_X1
D1,MAX_D1, 0.111296, AID, 1, Pressure, -10000.0, matty, Alloy_713LC, ANALYSIS_NAME, PGV_BUTT1_X1
D1_ID,MAX_D1_ID, 566, AID, 1, Pressure, -10000.0, matty, Alloy_713LC, ANALYSIS_NAME, PGV_BUTT1_X1
D2,MAX_D2, 0.00122161, AID, 1, Pressure, -10000.0, matty, Alloy_713LC, ANALYSIS_NAME, PGV_BUTT1_X1
D2_ID,MAX_D2_ID, 17, AID, 1, Pressure, -10000.0, matty, Alloy_713LC, ANALYSIS_NAME, PGV_BUTT1_X1
D3,MAX_D3, 0.133133, AID, 1, Pressure, -10000.0, matty, Alloy_713LC, ANALYSIS_NAME, PGV_BUTT1_X1
D3_ID,MAX_D3_ID, 566, AID, 1, Pressure, -10000.0, matty, Alloy_713LC, ANALYSIS_NAME, PGV_BUTT1_X1
ID,MAX_ID, 586, AID, 1, Pressure, -10000.0, matty, Alloy_713LC, ANALYSIS_NAME, PGV_BUTT1_X1
ID_ID,MAX_ID_ID, 586, AID, 1, Pressure, -10000.0, matty, Alloy_713LC, ANALYSIS_NAME, PGV_BUTT1_X1
MOSU,MAX_MOSU, 23.8559311988, AID, 1, Pressure, -10000.0, matty, Alloy_713LC, ANALYSIS_NAME, PGV_BUTT1_X1
MOSU_ID,MAX_MOSU_ID, 304, AID, 1, Pressure, -10000.0, matty, Alloy_713LC, ANALYSIS_NAME, PGV_BUTT1_X1
MOSY,MAX_MOSY, 19.8201463196, AID, 1, Pressure, -10000.0, matty, Alloy_713LC, ANALYSIS_NAME, PGV_BUTT1_X1
MOSY_ID,MAX_MOSY_ID, 304, AID, 1, Pressure, -10000.0, matty, Alloy_713LC, ANALYSIS_NAME, PGV_BUTT1_X1
SFU,MAX_SFU, 1.0, AID, 1, Pressure, -10000.0, matty, Alloy_713LC, ANALYSIS_NAME, PGV_BUTT1_X1
SFU_ID,MAX_SFU_ID, 131, AID, 1, Pressure, -10000.0, matty, Alloy_713LC, ANALYSIS_NAME, PGV_BUTT1_X1
SFY,MAX_SFY, 1.0, AID, 1, Pressure, -10000.0, matty, Alloy_713LC, ANALYSIS_NAME, PGV_BUTT1_X1
SFY_ID,MAX_SFY_ID, 131, AID, 1, Pressure, -10000.0, matty, Alloy_713LC, ANALYSIS_NAME, PGV_BUTT1_X1
SU,MAX_SU, 130000.0, AID, 1, Pressure, -10000.0, matty, Alloy_713LC, ANALYSIS_NAME, PGV_BUTT1_X1
SU_ID,MAX_SU_ID, 131, AID, 1, Pressure, -10000.0, matty, Alloy_713LC, ANALYSIS_NAME, PGV_BUTT1_X1
SXX,MAX_SXX, 28618.4, AID, 1, Pressure, -10000.0, matty, Alloy_713LC, ANALYSIS_NAME, PGV_BUTT1_X1
SXX_ID,MAX_SXX_ID, 207, AID, 1, Pressure, -10000.0, matty, Alloy_713LC, ANALYSIS_NAME, PGV_BUTT1_X1
SXY,MAX_SXY, 12065.5, AID, 1, Pressure, -10000.0, matty, Alloy_713LC, ANALYSIS_NAME, PGV_BUTT1_X1
SXY_ID,MAX_SXY_ID, 181, AID, 1, Pressure, -10000.0, matty, Alloy_713LC, ANALYSIS_NAME, PGV_BUTT1_X1
SY,MAX_SY, 108892.280072, AID, 1, Pressure, -10000.0, matty, Alloy_713LC, ANALYSIS_NAME, PGV_BUTT1_X1
SY_ID,MAX_SY_ID, 131, AID, 1, Pressure, -10000.0, matty, Alloy_713LC, ANALYSIS_NAME, PGV_BUTT1_X1
SYY,MAX_SYY, 15879.0, AID, 1, Pressure, -10000.0, matty, Alloy_713LC, ANALYSIS_NAME, PGV_BUTT1_X1
SYY_ID,MAX_SYY_ID, 43, AID, 1, Pressure, -10000.0, matty, Alloy_713LC, ANALYSIS_NAME, PGV_BUTT1_X1
SYZ,MAX_SYZ, 2128.84, AID, 1, Pressure, -10000.0, matty, Alloy_713LC, ANALYSIS_NAME, PGV_BUTT1_X1
SYZ_ID,MAX_SYZ_ID, 277, AID, 1, Pressure, -10000.0, matty, Alloy_713LC, ANALYSIS_NAME, PGV_BUTT1_X1
SZX,MAX_SZX, 14754.6, AID, 1, Pressure, -10000.0, matty, Alloy_713LC, ANALYSIS_NAME, PGV_BUTT1_X1
SZX_ID,MAX_SZX_ID, 267, AID, 1, Pressure, -10000.0, matty, Alloy_713LC, ANALYSIS_NAME, PGV_BUTT1_X1
SZZ,MAX_SZZ, 253535.0, AID, 1, Pressure, -10000.0, matty, Alloy_713LC, ANALYSIS_NAME, PGV_BUTT1_X1
SZZ_ID,MAX_SZZ_ID, 43, AID, 1, Pressure, -10000.0, matty, Alloy_713LC, ANALYSIS_NAME, PGV_BUTT1_X1
VM,MAX_VM, 246216.467036, AID, 1, Pressure, -10000.0, matty, Alloy_713LC, ANALYSIS_NAME, PGV_BUTT1_X1
VM_ID,MAX_VM_ID, 267, AID, 1, Pressure, -10000.0, matty, Alloy_713LC, ANALYSIS_NAME, PGV_BUTT1_X1
================================================================================
ALL,MIN_ALL, 0.0, AID, 1, Pressure, -10000.0, matty, Alloy_713LC, ANALYSIS_NAME, PGV_BUTT1_X1
ALL_ID,MIN_ALL_ID, 155, AID, 1, Pressure, -10000.0, matty, Alloy_713LC, ANALYSIS_NAME, PGV_BUTT1_X1
D1,MIN_D1, 0.0, AID, 1, Pressure, -10000.0, matty, Alloy_713LC, ANALYSIS_NAME, PGV_BUTT1_X1
D1_ID,MIN_D1_ID, 138, AID, 1, Pressure, -10000.0, matty, Alloy_713LC, ANALYSIS_NAME, PGV_BUTT1_X1
D2,MIN_D2, -0.00122161, AID, 1, Pressure, -10000.0, matty, Alloy_713LC, ANALYSIS_NAME, PGV_BUTT1_X1
D2_ID,MIN_D2_ID, 69, AID, 1, Pressure, -10000.0, matty, Alloy_713LC, ANALYSIS_NAME, PGV_BUTT1_X1
D3,MIN_D3, -0.0166351, AID, 1, Pressure, -10000.0, matty, Alloy_713LC, ANALYSIS_NAME, PGV_BUTT1_X1
D3_ID,MIN_D3_ID, 53, AID, 1, Pressure, -10000.0, matty, Alloy_713LC, ANALYSIS_NAME, PGV_BUTT1_X1
ID,MIN_ID, 1, AID, 1, Pressure, -10000.0, matty, Alloy_713LC, ANALYSIS_NAME, PGV_BUTT1_X1
ID_ID,MIN_ID_ID, 1, AID, 1, Pressure, -10000.0, matty, Alloy_713LC, ANALYSIS_NAME, PGV_BUTT1_X1
MOSU,MIN_MOSU, -0.472009319421, AID, 1, Pressure, -10000.0, matty, Alloy_713LC, ANALYSIS_NAME, PGV_BUTT1_X1
MOSU_ID,MIN_MOSU_ID, 267, AID, 1, Pressure, -10000.0, matty, Alloy_713LC, ANALYSIS_NAME, PGV_BUTT1_X1
MOSY,MIN_MOSY, -0.557737622578, AID, 1, Pressure, -10000.0, matty, Alloy_713LC, ANALYSIS_NAME, PGV_BUTT1_X1
MOSY_ID,MIN_MOSY_ID, 267, AID, 1, Pressure, -10000.0, matty, Alloy_713LC, ANALYSIS_NAME, PGV_BUTT1_X1
SFU,MIN_SFU, 1.0, AID, 1, Pressure, -10000.0, matty, Alloy_713LC, ANALYSIS_NAME, PGV_BUTT1_X1
SFU_ID,MIN_SFU_ID, 131, AID, 1, Pressure, -10000.0, matty, Alloy_713LC, ANALYSIS_NAME, PGV_BUTT1_X1
SFY,MIN_SFY, 1.0, AID, 1, Pressure, -10000.0, matty, Alloy_713LC, ANALYSIS_NAME, PGV_BUTT1_X1
SFY_ID,MIN_SFY_ID, 131, AID, 1, Pressure, -10000.0, matty, Alloy_713LC, ANALYSIS_NAME, PGV_BUTT1_X1
SU,MIN_SU, 130000.0, AID, 1, Pressure, -10000.0, matty, Alloy_713LC, ANALYSIS_NAME, PGV_BUTT1_X1
SU_ID,MIN_SU_ID, 131, AID, 1, Pressure, -10000.0, matty, Alloy_713LC, ANALYSIS_NAME, PGV_BUTT1_X1
SXX,MIN_SXX, -28618.4, AID, 1, Pressure, -10000.0, matty, Alloy_713LC, ANALYSIS_NAME, PGV_BUTT1_X1
SXX_ID,MIN_SXX_ID, 95, AID, 1, Pressure, -10000.0, matty, Alloy_713LC, ANALYSIS_NAME, PGV_BUTT1_X1
SXY,MIN_SXY, -12065.5, AID, 1, Pressure, -10000.0, matty, Alloy_713LC, ANALYSIS_NAME, PGV_BUTT1_X1
SXY_ID,MIN_SXY_ID, 129, AID, 1, Pressure, -10000.0, matty, Alloy_713LC, ANALYSIS_NAME, PGV_BUTT1_X1
SY,MIN_SY, 108892.280072, AID, 1, Pressure, -10000.0, matty, Alloy_713LC, ANALYSIS_NAME, PGV_BUTT1_X1
SY_ID,MIN_SY_ID, 131, AID, 1, Pressure, -10000.0, matty, Alloy_713LC, ANALYSIS_NAME, PGV_BUTT1_X1
SYY,MIN_SYY, -15879.0, AID, 1, Pressure, -10000.0, matty, Alloy_713LC, ANALYSIS_NAME, PGV_BUTT1_X1
SYY_ID,MIN_SYY_ID, 267, AID, 1, Pressure, -10000.0, matty, Alloy_713LC, ANALYSIS_NAME, PGV_BUTT1_X1
SYZ,MIN_SYZ, -2128.84, AID, 1, Pressure, -10000.0, matty, Alloy_713LC, ANALYSIS_NAME, PGV_BUTT1_X1
SYZ_ID,MIN_SYZ_ID, 53, AID, 1, Pressure, -10000.0, matty, Alloy_713LC, ANALYSIS_NAME, PGV_BUTT1_X1
SZX,MIN_SZX, -45043.9, AID, 1, Pressure, -10000.0, matty, Alloy_713LC, ANALYSIS_NAME, PGV_BUTT1_X1
SZX_ID,MIN_SZX_ID, 155, AID, 1, Pressure, -10000.0, matty, Alloy_713LC, ANALYSIS_NAME, PGV_BUTT1_X1
SZZ,MIN_SZZ, -253535.0, AID, 1, Pressure, -10000.0, matty, Alloy_713LC, ANALYSIS_NAME, PGV_BUTT1_X1
SZZ_ID,MIN_SZZ_ID, 267, AID, 1, Pressure, -10000.0, matty, Alloy_713LC, ANALYSIS_NAME, PGV_BUTT1_X1
VM,MIN_VM, 5230.14, AID, 1, Pressure, -10000.0, matty, Alloy_713LC, ANALYSIS_NAME, PGV_BUTT1_X1
VM_ID,MIN_VM_ID, 304, AID, 1, Pressure, -10000.0, matty, Alloy_713LC, ANALYSIS_NAME, PGV_BUTT1_X1
################################################################################



INDEPENDENT VARIABLES:
AID,1,
ANALYSIS_NAME,PGV_BUTT1_X1,
Pressure,-10000.0,
matty,Alloy_713LC,

MAX RESULTS:
ALL,0.173525784841,
ALL_ID,566,
D1,0.111296,
D1_ID,566,
D2,0.00122161,
D2_ID,17,
D3,0.133133,
D3_ID,566,
ID,586,
ID_ID,586,
MOSU,23.8559311988,
MOSU_ID,304,
MOSY,19.8201463196,
MOSY_ID,304,
SFU,1.0,
SFU_ID,131,
SFY,1.0,
SFY_ID,131,
SU,130000.0,
SU_ID,131,
SXX,28618.4,
SXX_ID,207,
SXY,12065.5,
SXY_ID,181,
SY,108892.280072,
SY_ID,131,
SYY,15879.0,
SYY_ID,43,
SYZ,2128.84,
SYZ_ID,277,
SZX,14754.6,
SZX_ID,267,
SZZ,253535.0,
SZZ_ID,43,
VM,246216.467036,
VM_ID,267,

MIN RESULTS:
ALL,0.0,
ALL_ID,155,
D1,0.0,
D1_ID,138,
D2,-0.00122161,
D2_ID,69,
D3,-0.0166351,
D3_ID,53,
ID,1,
ID_ID,1,
MOSU,-0.472009319421,
MOSU_ID,267,
MOSY,-0.557737622578,
MOSY_ID,267,
SFU,1.0,
SFU_ID,131,
SFY,1.0,
SFY_ID,131,
SU,130000.0,
SU_ID,131,
SXX,-28618.4,
SXX_ID,95,
SXY,-12065.5,
SXY_ID,129,
SY,108892.280072,
SY_ID,131,
SYY,-15879.0,
SYY_ID,267,
SYZ,-2128.84,
SYZ_ID,53,
SZX,-45043.9,
SZX_ID,155,
SZZ,-253535.0,
SZZ_ID,267,
VM,5230.14,
VM_ID,304,

AVERAGE RESULTS:
ALL,0.0753849326291,
ALL_ID,NA,
D1,0.0617488170062,
D1_ID,NA,
D2,-3.71787228222e-15,
D2_ID,NA,
D3,0.0332702121077,
D3_ID,NA,
ID,279.026153846,
ID_ID,NA,
MOSU,6.90153728934,
MOSU_ID,NA,
MOSY,5.63457469297,
MOSY_ID,NA,
SFU,0.901538461538,
SFU_ID,NA,
SFY,0.901538461538,
SFY_ID,NA,
SU,117200.0,
SU_ID,NA,
SXX,5008.87897846,
SXX_ID,NA,
SXY,-4.71208405628e-10,
SXY_ID,NA,
SY,98170.5786494,
SY_ID,NA,
SYY,125.871775896,
SYY_ID,NA,
SYZ,-1.39130800197e-10,
SYZ_ID,NA,
SZX,-3283.25941231,
SZX_ID,NA,
SZZ,125.871775898,
SZZ_ID,NA,
VM,39404.9661044,
VM_ID,NA,
