#, DOE RESULTS FROM ANLAYSIS "NOZ_T2"
#, THE ANALYSIS TOOK PLACE ON: Thursday, April 18th, 2013 at 01:49:47 PM
#, THE INPUT FILE WAS: C:\Dan\DEV\pywork\FEADOE\noz_t2.py
#, PERFORMED BY: dannyt
#, ANALYSIS FILES ARE STORED IN : NOZ_T2_MODELS.zip
#
#, INDEPENDENT VARIABLES:
#,Pressure,10000.0
#,matty,Alloy_713LC

################################################################################
#, THE NUMBER OF ANALYSES IN DOE = 1
################################################################################
ALL,MAX_ALL, 0.991140793575, AID, 1, Pressure, 10000.0, matty, Alloy_713LC, ANALYSIS_NAME, NOZ_T2_X1
ALL_ID,MAX_ALL_ID, 51, AID, 1, Pressure, 10000.0, matty, Alloy_713LC, ANALYSIS_NAME, NOZ_T2_X1
D1,MAX_D1, 0.459555, AID, 1, Pressure, 10000.0, matty, Alloy_713LC, ANALYSIS_NAME, NOZ_T2_X1
D1_ID,MAX_D1_ID, 36, AID, 1, Pressure, 10000.0, matty, Alloy_713LC, ANALYSIS_NAME, NOZ_T2_X1
D2,MAX_D2, 0.0250169, AID, 1, Pressure, 10000.0, matty, Alloy_713LC, ANALYSIS_NAME, NOZ_T2_X1
D2_ID,MAX_D2_ID, 51, AID, 1, Pressure, 10000.0, matty, Alloy_713LC, ANALYSIS_NAME, NOZ_T2_X1
D3,MAX_D3, 0.880419, AID, 1, Pressure, 10000.0, matty, Alloy_713LC, ANALYSIS_NAME, NOZ_T2_X1
D3_ID,MAX_D3_ID, 51, AID, 1, Pressure, 10000.0, matty, Alloy_713LC, ANALYSIS_NAME, NOZ_T2_X1
ID,MAX_ID, 267, AID, 1, Pressure, 10000.0, matty, Alloy_713LC, ANALYSIS_NAME, NOZ_T2_X1
ID_ID,MAX_ID_ID, 267, AID, 1, Pressure, 10000.0, matty, Alloy_713LC, ANALYSIS_NAME, NOZ_T2_X1
MOSU,MAX_MOSU, 14.5941593977, AID, 1, Pressure, 10000.0, matty, Alloy_713LC, ANALYSIS_NAME, NOZ_T2_X1
MOSU_ID,MAX_MOSU_ID, 101, AID, 1, Pressure, 10000.0, matty, Alloy_713LC, ANALYSIS_NAME, NOZ_T2_X1
MOSY,MAX_MOSY, 12.0621813278, AID, 1, Pressure, 10000.0, matty, Alloy_713LC, ANALYSIS_NAME, NOZ_T2_X1
MOSY_ID,MAX_MOSY_ID, 101, AID, 1, Pressure, 10000.0, matty, Alloy_713LC, ANALYSIS_NAME, NOZ_T2_X1
SFU,MAX_SFU, 1.0, AID, 1, Pressure, 10000.0, matty, Alloy_713LC, ANALYSIS_NAME, NOZ_T2_X1
SFU_ID,MAX_SFU_ID, 79, AID, 1, Pressure, 10000.0, matty, Alloy_713LC, ANALYSIS_NAME, NOZ_T2_X1
SFY,MAX_SFY, 1.0, AID, 1, Pressure, 10000.0, matty, Alloy_713LC, ANALYSIS_NAME, NOZ_T2_X1
SFY_ID,MAX_SFY_ID, 79, AID, 1, Pressure, 10000.0, matty, Alloy_713LC, ANALYSIS_NAME, NOZ_T2_X1
SU,MAX_SU, 130000.0, AID, 1, Pressure, 10000.0, matty, Alloy_713LC, ANALYSIS_NAME, NOZ_T2_X1
SU_ID,MAX_SU_ID, 79, AID, 1, Pressure, 10000.0, matty, Alloy_713LC, ANALYSIS_NAME, NOZ_T2_X1
SXX,MAX_SXX, 843613.0, AID, 1, Pressure, 10000.0, matty, Alloy_713LC, ANALYSIS_NAME, NOZ_T2_X1
SXX_ID,MAX_SXX_ID, 47, AID, 1, Pressure, 10000.0, matty, Alloy_713LC, ANALYSIS_NAME, NOZ_T2_X1
SXY,MAX_SXY, 46059.7, AID, 1, Pressure, 10000.0, matty, Alloy_713LC, ANALYSIS_NAME, NOZ_T2_X1
SXY_ID,MAX_SXY_ID, 184, AID, 1, Pressure, 10000.0, matty, Alloy_713LC, ANALYSIS_NAME, NOZ_T2_X1
SY,MAX_SY, 108892.280072, AID, 1, Pressure, 10000.0, matty, Alloy_713LC, ANALYSIS_NAME, NOZ_T2_X1
SY_ID,MAX_SY_ID, 79, AID, 1, Pressure, 10000.0, matty, Alloy_713LC, ANALYSIS_NAME, NOZ_T2_X1
SYY,MAX_SYY, 207526.0, AID, 1, Pressure, 10000.0, matty, Alloy_713LC, ANALYSIS_NAME, NOZ_T2_X1
SYY_ID,MAX_SYY_ID, 187, AID, 1, Pressure, 10000.0, matty, Alloy_713LC, ANALYSIS_NAME, NOZ_T2_X1
SYZ,MAX_SYZ, 156763.0, AID, 1, Pressure, 10000.0, matty, Alloy_713LC, ANALYSIS_NAME, NOZ_T2_X1
SYZ_ID,MAX_SYZ_ID, 181, AID, 1, Pressure, 10000.0, matty, Alloy_713LC, ANALYSIS_NAME, NOZ_T2_X1
SZX,MAX_SZX, 564203.0, AID, 1, Pressure, 10000.0, matty, Alloy_713LC, ANALYSIS_NAME, NOZ_T2_X1
SZX_ID,MAX_SZX_ID, 43, AID, 1, Pressure, 10000.0, matty, Alloy_713LC, ANALYSIS_NAME, NOZ_T2_X1
SZZ,MAX_SZZ, 260031.0, AID, 1, Pressure, 10000.0, matty, Alloy_713LC, ANALYSIS_NAME, NOZ_T2_X1
SZZ_ID,MAX_SZZ_ID, 47, AID, 1, Pressure, 10000.0, matty, Alloy_713LC, ANALYSIS_NAME, NOZ_T2_X1
VM,MAX_VM, 1317415.1789, AID, 1, Pressure, 10000.0, matty, Alloy_713LC, ANALYSIS_NAME, NOZ_T2_X1
VM_ID,MAX_VM_ID, 51, AID, 1, Pressure, 10000.0, matty, Alloy_713LC, ANALYSIS_NAME, NOZ_T2_X1
================================================================================
ALL,MIN_ALL, 2.51374e-17, AID, 1, Pressure, 10000.0, matty, Alloy_713LC, ANALYSIS_NAME, NOZ_T2_X1
ALL_ID,MIN_ALL_ID, 11, AID, 1, Pressure, 10000.0, matty, Alloy_713LC, ANALYSIS_NAME, NOZ_T2_X1
D1,MIN_D1, -0.151685, AID, 1, Pressure, 10000.0, matty, Alloy_713LC, ANALYSIS_NAME, NOZ_T2_X1
D1_ID,MIN_D1_ID, 21, AID, 1, Pressure, 10000.0, matty, Alloy_713LC, ANALYSIS_NAME, NOZ_T2_X1
D2,MIN_D2, -0.0250169, AID, 1, Pressure, 10000.0, matty, Alloy_713LC, ANALYSIS_NAME, NOZ_T2_X1
D2_ID,MIN_D2_ID, 35, AID, 1, Pressure, 10000.0, matty, Alloy_713LC, ANALYSIS_NAME, NOZ_T2_X1
D3,MIN_D3, 0.0, AID, 1, Pressure, 10000.0, matty, Alloy_713LC, ANALYSIS_NAME, NOZ_T2_X1
D3_ID,MIN_D3_ID, 19, AID, 1, Pressure, 10000.0, matty, Alloy_713LC, ANALYSIS_NAME, NOZ_T2_X1
ID,MIN_ID, 1, AID, 1, Pressure, 10000.0, matty, Alloy_713LC, ANALYSIS_NAME, NOZ_T2_X1
ID_ID,MIN_ID_ID, 1, AID, 1, Pressure, 10000.0, matty, Alloy_713LC, ANALYSIS_NAME, NOZ_T2_X1
MOSU,MIN_MOSU, -0.901321920316, AID, 1, Pressure, 10000.0, matty, Alloy_713LC, ANALYSIS_NAME, NOZ_T2_X1
MOSU_ID,MIN_MOSU_ID, 51, AID, 1, Pressure, 10000.0, matty, Alloy_713LC, ANALYSIS_NAME, NOZ_T2_X1
MOSY,MIN_MOSY, -0.917343991617, AID, 1, Pressure, 10000.0, matty, Alloy_713LC, ANALYSIS_NAME, NOZ_T2_X1
MOSY_ID,MIN_MOSY_ID, 51, AID, 1, Pressure, 10000.0, matty, Alloy_713LC, ANALYSIS_NAME, NOZ_T2_X1
SFU,MIN_SFU, 1.0, AID, 1, Pressure, 10000.0, matty, Alloy_713LC, ANALYSIS_NAME, NOZ_T2_X1
SFU_ID,MIN_SFU_ID, 79, AID, 1, Pressure, 10000.0, matty, Alloy_713LC, ANALYSIS_NAME, NOZ_T2_X1
SFY,MIN_SFY, 1.0, AID, 1, Pressure, 10000.0, matty, Alloy_713LC, ANALYSIS_NAME, NOZ_T2_X1
SFY_ID,MIN_SFY_ID, 79, AID, 1, Pressure, 10000.0, matty, Alloy_713LC, ANALYSIS_NAME, NOZ_T2_X1
SU,MIN_SU, 130000.0, AID, 1, Pressure, 10000.0, matty, Alloy_713LC, ANALYSIS_NAME, NOZ_T2_X1
SU_ID,MIN_SU_ID, 79, AID, 1, Pressure, 10000.0, matty, Alloy_713LC, ANALYSIS_NAME, NOZ_T2_X1
SXX,MIN_SXX, -1027710.0, AID, 1, Pressure, 10000.0, matty, Alloy_713LC, ANALYSIS_NAME, NOZ_T2_X1
SXX_ID,MIN_SXX_ID, 43, AID, 1, Pressure, 10000.0, matty, Alloy_713LC, ANALYSIS_NAME, NOZ_T2_X1
SXY,MIN_SXY, -46059.7, AID, 1, Pressure, 10000.0, matty, Alloy_713LC, ANALYSIS_NAME, NOZ_T2_X1
SXY_ID,MIN_SXY_ID, 192, AID, 1, Pressure, 10000.0, matty, Alloy_713LC, ANALYSIS_NAME, NOZ_T2_X1
SY,MIN_SY, 108892.280072, AID, 1, Pressure, 10000.0, matty, Alloy_713LC, ANALYSIS_NAME, NOZ_T2_X1
SY_ID,MIN_SY_ID, 79, AID, 1, Pressure, 10000.0, matty, Alloy_713LC, ANALYSIS_NAME, NOZ_T2_X1
SYY,MIN_SYY, -239535.0, AID, 1, Pressure, 10000.0, matty, Alloy_713LC, ANALYSIS_NAME, NOZ_T2_X1
SYY_ID,MIN_SYY_ID, 170, AID, 1, Pressure, 10000.0, matty, Alloy_713LC, ANALYSIS_NAME, NOZ_T2_X1
SYZ,MIN_SYZ, -156763.0, AID, 1, Pressure, 10000.0, matty, Alloy_713LC, ANALYSIS_NAME, NOZ_T2_X1
SYZ_ID,MIN_SYZ_ID, 197, AID, 1, Pressure, 10000.0, matty, Alloy_713LC, ANALYSIS_NAME, NOZ_T2_X1
SZX,MIN_SZX, -466166.0, AID, 1, Pressure, 10000.0, matty, Alloy_713LC, ANALYSIS_NAME, NOZ_T2_X1
SZX_ID,MIN_SZX_ID, 47, AID, 1, Pressure, 10000.0, matty, Alloy_713LC, ANALYSIS_NAME, NOZ_T2_X1
SZZ,MIN_SZZ, -322574.0, AID, 1, Pressure, 10000.0, matty, Alloy_713LC, ANALYSIS_NAME, NOZ_T2_X1
SZZ_ID,MIN_SZZ_ID, 43, AID, 1, Pressure, 10000.0, matty, Alloy_713LC, ANALYSIS_NAME, NOZ_T2_X1
VM,MIN_VM, 8336.45448177, AID, 1, Pressure, 10000.0, matty, Alloy_713LC, ANALYSIS_NAME, NOZ_T2_X1
VM_ID,MIN_VM_ID, 101, AID, 1, Pressure, 10000.0, matty, Alloy_713LC, ANALYSIS_NAME, NOZ_T2_X1
################################################################################



INDEPENDENT VARIABLES:
AID,1,
ANALYSIS_NAME,NOZ_T2_X1,
Pressure,10000.0,
matty,Alloy_713LC,

MAX RESULTS:
ALL,0.991140793575,
ALL_ID,51,
D1,0.459555,
D1_ID,36,
D2,0.0250169,
D2_ID,51,
D3,0.880419,
D3_ID,51,
ID,267,
ID_ID,267,
MOSU,14.5941593977,
MOSU_ID,101,
MOSY,12.0621813278,
MOSY_ID,101,
SFU,1.0,
SFU_ID,79,
SFY,1.0,
SFY_ID,79,
SU,130000.0,
SU_ID,79,
SXX,843613.0,
SXX_ID,47,
SXY,46059.7,
SXY_ID,184,
SY,108892.280072,
SY_ID,79,
SYY,207526.0,
SYY_ID,187,
SYZ,156763.0,
SYZ_ID,181,
SZX,564203.0,
SZX_ID,43,
SZZ,260031.0,
SZZ_ID,47,
VM,1317415.1789,
VM_ID,51,

MIN RESULTS:
ALL,2.51374e-17,
ALL_ID,11,
D1,-0.151685,
D1_ID,21,
D2,-0.0250169,
D2_ID,35,
D3,0.0,
D3_ID,19,
ID,1,
ID_ID,1,
MOSU,-0.901321920316,
MOSU_ID,51,
MOSY,-0.917343991617,
MOSY_ID,51,
SFU,1.0,
SFU_ID,79,
SFY,1.0,
SFY_ID,79,
SU,130000.0,
SU_ID,79,
SXX,-1027710.0,
SXX_ID,43,
SXY,-46059.7,
SXY_ID,192,
SY,108892.280072,
SY_ID,79,
SYY,-239535.0,
SYY_ID,170,
SYZ,-156763.0,
SYZ_ID,197,
SZX,-466166.0,
SZX_ID,47,
SZZ,-322574.0,
SZZ_ID,43,
VM,8336.45448177,
VM_ID,101,

AVERAGE RESULTS:
ALL,0.208863812069,
ALL_ID,NA,
D1,0.0238085669058,
D1_ID,NA,
D2,1.97102449244e-16,
D2_ID,NA,
D3,0.180186751803,
D3_ID,NA,
ID,130.288659794,
ID_ID,NA,
MOSU,0.0664196103769,
MOSU_ID,NA,
MOSY,-0.0933407248622,
MOSY_ID,NA,
SFU,0.917525773196,
SFU_ID,NA,
SFY,0.917525773196,
SFY_ID,NA,
SU,119278.350515,
SU_ID,NA,
SXX,-44277.573079,
SXX_ID,NA,
SXY,-3.67322172679e-10,
SXY_ID,NA,
SY,99911.473468,
SY_ID,NA,
SYY,1721.40621168,
SYY_ID,NA,
SYZ,6.64858390564e-10,
SYZ_ID,NA,
SZX,4926.50404674,
SZX_ID,NA,
SZZ,-10884.6944096,
SZZ_ID,NA,
VM,268891.631539,
VM_ID,NA,
