#, DOE RESULTS FROM ANLAYSIS "NOZ_T2"
#, THE ANALYSIS TOOK PLACE ON: Wednesday, April 17th, 2013 at 05:42:19 PM
#, THE INPUT FILE WAS: C:\Dan\DEV\pywork\FEADOE\noz_t2.py
#, PERFORMED BY: dannyt
#, ANALYSIS FILES ARE STORED IN : NOZ_T2_MODELS.zip
#
#, INDEPENDENT VARIABLES:
#,Pressure,-10000.0
#,matty,Alloy_713LC

################################################################################
#, THE NUMBER OF ANALYSES IN DOE = 1
################################################################################
ALL,MAX_ALL, 0.991087010806, AID, 1, Pressure, -10000.0, matty, Alloy_713LC, ANALYSIS_NAME, NOZ_T2_X1
ALL_ID,MAX_ALL_ID, 51, AID, 1, Pressure, -10000.0, matty, Alloy_713LC, ANALYSIS_NAME, NOZ_T2_X1
D1,MAX_D1, 0.459514, AID, 1, Pressure, -10000.0, matty, Alloy_713LC, ANALYSIS_NAME, NOZ_T2_X1
D1_ID,MAX_D1_ID, 36, AID, 1, Pressure, -10000.0, matty, Alloy_713LC, ANALYSIS_NAME, NOZ_T2_X1
D2,MAX_D2, 0.0251079, AID, 1, Pressure, -10000.0, matty, Alloy_713LC, ANALYSIS_NAME, NOZ_T2_X1
D2_ID,MAX_D2_ID, 51, AID, 1, Pressure, -10000.0, matty, Alloy_713LC, ANALYSIS_NAME, NOZ_T2_X1
D3,MAX_D3, 0.880392, AID, 1, Pressure, -10000.0, matty, Alloy_713LC, ANALYSIS_NAME, NOZ_T2_X1
D3_ID,MAX_D3_ID, 51, AID, 1, Pressure, -10000.0, matty, Alloy_713LC, ANALYSIS_NAME, NOZ_T2_X1
ID,MAX_ID, 267, AID, 1, Pressure, -10000.0, matty, Alloy_713LC, ANALYSIS_NAME, NOZ_T2_X1
ID_ID,MAX_ID_ID, 267, AID, 1, Pressure, -10000.0, matty, Alloy_713LC, ANALYSIS_NAME, NOZ_T2_X1
MOSU,MAX_MOSU, 8.62341598434, AID, 1, Pressure, -10000.0, matty, Alloy_713LC, ANALYSIS_NAME, NOZ_T2_X1
MOSU_ID,MAX_MOSU_ID, 101, AID, 1, Pressure, -10000.0, matty, Alloy_713LC, ANALYSIS_NAME, NOZ_T2_X1
MOSY,MAX_MOSY, 7.06089006626, AID, 1, Pressure, -10000.0, matty, Alloy_713LC, ANALYSIS_NAME, NOZ_T2_X1
MOSY_ID,MAX_MOSY_ID, 101, AID, 1, Pressure, -10000.0, matty, Alloy_713LC, ANALYSIS_NAME, NOZ_T2_X1
SFU,MAX_SFU, 1.0, AID, 1, Pressure, -10000.0, matty, Alloy_713LC, ANALYSIS_NAME, NOZ_T2_X1
SFU_ID,MAX_SFU_ID, 79, AID, 1, Pressure, -10000.0, matty, Alloy_713LC, ANALYSIS_NAME, NOZ_T2_X1
SFY,MAX_SFY, 1.0, AID, 1, Pressure, -10000.0, matty, Alloy_713LC, ANALYSIS_NAME, NOZ_T2_X1
SFY_ID,MAX_SFY_ID, 79, AID, 1, Pressure, -10000.0, matty, Alloy_713LC, ANALYSIS_NAME, NOZ_T2_X1
SU,MAX_SU, 130000.0, AID, 1, Pressure, -10000.0, matty, Alloy_713LC, ANALYSIS_NAME, NOZ_T2_X1
SU_ID,MAX_SU_ID, 79, AID, 1, Pressure, -10000.0, matty, Alloy_713LC, ANALYSIS_NAME, NOZ_T2_X1
SXX,MAX_SXX, 844015.0, AID, 1, Pressure, -10000.0, matty, Alloy_713LC, ANALYSIS_NAME, NOZ_T2_X1
SXX_ID,MAX_SXX_ID, 47, AID, 1, Pressure, -10000.0, matty, Alloy_713LC, ANALYSIS_NAME, NOZ_T2_X1
SXY,MAX_SXY, 40407.5, AID, 1, Pressure, -10000.0, matty, Alloy_713LC, ANALYSIS_NAME, NOZ_T2_X1
SXY_ID,MAX_SXY_ID, 181, AID, 1, Pressure, -10000.0, matty, Alloy_713LC, ANALYSIS_NAME, NOZ_T2_X1
SY,MAX_SY, 108892.280072, AID, 1, Pressure, -10000.0, matty, Alloy_713LC, ANALYSIS_NAME, NOZ_T2_X1
SY_ID,MAX_SY_ID, 79, AID, 1, Pressure, -10000.0, matty, Alloy_713LC, ANALYSIS_NAME, NOZ_T2_X1
SYY,MAX_SYY, 258474.0, AID, 1, Pressure, -10000.0, matty, Alloy_713LC, ANALYSIS_NAME, NOZ_T2_X1
SYY_ID,MAX_SYY_ID, 187, AID, 1, Pressure, -10000.0, matty, Alloy_713LC, ANALYSIS_NAME, NOZ_T2_X1
SYZ,MAX_SYZ, 54832.3, AID, 1, Pressure, -10000.0, matty, Alloy_713LC, ANALYSIS_NAME, NOZ_T2_X1
SYZ_ID,MAX_SYZ_ID, 197, AID, 1, Pressure, -10000.0, matty, Alloy_713LC, ANALYSIS_NAME, NOZ_T2_X1
SZX,MAX_SZX, 564374.0, AID, 1, Pressure, -10000.0, matty, Alloy_713LC, ANALYSIS_NAME, NOZ_T2_X1
SZX_ID,MAX_SZX_ID, 43, AID, 1, Pressure, -10000.0, matty, Alloy_713LC, ANALYSIS_NAME, NOZ_T2_X1
SZZ,MAX_SZZ, 260157.0, AID, 1, Pressure, -10000.0, matty, Alloy_713LC, ANALYSIS_NAME, NOZ_T2_X1
SZZ_ID,MAX_SZZ_ID, 47, AID, 1, Pressure, -10000.0, matty, Alloy_713LC, ANALYSIS_NAME, NOZ_T2_X1
VM,MAX_VM, 1317060.80993, AID, 1, Pressure, -10000.0, matty, Alloy_713LC, ANALYSIS_NAME, NOZ_T2_X1
VM_ID,MAX_VM_ID, 51, AID, 1, Pressure, -10000.0, matty, Alloy_713LC, ANALYSIS_NAME, NOZ_T2_X1
================================================================================
ALL,MIN_ALL, 2.3298e-16, AID, 1, Pressure, -10000.0, matty, Alloy_713LC, ANALYSIS_NAME, NOZ_T2_X1
ALL_ID,MIN_ALL_ID, 11, AID, 1, Pressure, -10000.0, matty, Alloy_713LC, ANALYSIS_NAME, NOZ_T2_X1
D1,MIN_D1, -0.151683, AID, 1, Pressure, -10000.0, matty, Alloy_713LC, ANALYSIS_NAME, NOZ_T2_X1
D1_ID,MIN_D1_ID, 21, AID, 1, Pressure, -10000.0, matty, Alloy_713LC, ANALYSIS_NAME, NOZ_T2_X1
D2,MIN_D2, -0.0251079, AID, 1, Pressure, -10000.0, matty, Alloy_713LC, ANALYSIS_NAME, NOZ_T2_X1
D2_ID,MIN_D2_ID, 35, AID, 1, Pressure, -10000.0, matty, Alloy_713LC, ANALYSIS_NAME, NOZ_T2_X1
D3,MIN_D3, -0.000774323, AID, 1, Pressure, -10000.0, matty, Alloy_713LC, ANALYSIS_NAME, NOZ_T2_X1
D3_ID,MIN_D3_ID, 210, AID, 1, Pressure, -10000.0, matty, Alloy_713LC, ANALYSIS_NAME, NOZ_T2_X1
ID,MIN_ID, 1, AID, 1, Pressure, -10000.0, matty, Alloy_713LC, ANALYSIS_NAME, NOZ_T2_X1
ID_ID,MIN_ID_ID, 1, AID, 1, Pressure, -10000.0, matty, Alloy_713LC, ANALYSIS_NAME, NOZ_T2_X1
MOSU,MIN_MOSU, -0.901295369948, AID, 1, Pressure, -10000.0, matty, Alloy_713LC, ANALYSIS_NAME, NOZ_T2_X1
MOSU_ID,MIN_MOSU_ID, 51, AID, 1, Pressure, -10000.0, matty, Alloy_713LC, ANALYSIS_NAME, NOZ_T2_X1
MOSY,MIN_MOSY, -0.917321752154, AID, 1, Pressure, -10000.0, matty, Alloy_713LC, ANALYSIS_NAME, NOZ_T2_X1
MOSY_ID,MIN_MOSY_ID, 51, AID, 1, Pressure, -10000.0, matty, Alloy_713LC, ANALYSIS_NAME, NOZ_T2_X1
SFU,MIN_SFU, 1.0, AID, 1, Pressure, -10000.0, matty, Alloy_713LC, ANALYSIS_NAME, NOZ_T2_X1
SFU_ID,MIN_SFU_ID, 79, AID, 1, Pressure, -10000.0, matty, Alloy_713LC, ANALYSIS_NAME, NOZ_T2_X1
SFY,MIN_SFY, 1.0, AID, 1, Pressure, -10000.0, matty, Alloy_713LC, ANALYSIS_NAME, NOZ_T2_X1
SFY_ID,MIN_SFY_ID, 79, AID, 1, Pressure, -10000.0, matty, Alloy_713LC, ANALYSIS_NAME, NOZ_T2_X1
SU,MIN_SU, 130000.0, AID, 1, Pressure, -10000.0, matty, Alloy_713LC, ANALYSIS_NAME, NOZ_T2_X1
SU_ID,MIN_SU_ID, 79, AID, 1, Pressure, -10000.0, matty, Alloy_713LC, ANALYSIS_NAME, NOZ_T2_X1
SXX,MIN_SXX, -1028040.0, AID, 1, Pressure, -10000.0, matty, Alloy_713LC, ANALYSIS_NAME, NOZ_T2_X1
SXX_ID,MIN_SXX_ID, 43, AID, 1, Pressure, -10000.0, matty, Alloy_713LC, ANALYSIS_NAME, NOZ_T2_X1
SXY,MIN_SXY, -40407.5, AID, 1, Pressure, -10000.0, matty, Alloy_713LC, ANALYSIS_NAME, NOZ_T2_X1
SXY_ID,MIN_SXY_ID, 197, AID, 1, Pressure, -10000.0, matty, Alloy_713LC, ANALYSIS_NAME, NOZ_T2_X1
SY,MIN_SY, 108892.280072, AID, 1, Pressure, -10000.0, matty, Alloy_713LC, ANALYSIS_NAME, NOZ_T2_X1
SY_ID,MIN_SY_ID, 79, AID, 1, Pressure, -10000.0, matty, Alloy_713LC, ANALYSIS_NAME, NOZ_T2_X1
SYY,MIN_SYY, -211659.0, AID, 1, Pressure, -10000.0, matty, Alloy_713LC, ANALYSIS_NAME, NOZ_T2_X1
SYY_ID,MIN_SYY_ID, 170, AID, 1, Pressure, -10000.0, matty, Alloy_713LC, ANALYSIS_NAME, NOZ_T2_X1
SYZ,MIN_SYZ, -54832.3, AID, 1, Pressure, -10000.0, matty, Alloy_713LC, ANALYSIS_NAME, NOZ_T2_X1
SYZ_ID,MIN_SYZ_ID, 181, AID, 1, Pressure, -10000.0, matty, Alloy_713LC, ANALYSIS_NAME, NOZ_T2_X1
SZX,MIN_SZX, -466362.0, AID, 1, Pressure, -10000.0, matty, Alloy_713LC, ANALYSIS_NAME, NOZ_T2_X1
SZX_ID,MIN_SZX_ID, 47, AID, 1, Pressure, -10000.0, matty, Alloy_713LC, ANALYSIS_NAME, NOZ_T2_X1
SZZ,MIN_SZZ, -322633.0, AID, 1, Pressure, -10000.0, matty, Alloy_713LC, ANALYSIS_NAME, NOZ_T2_X1
SZZ_ID,MIN_SZZ_ID, 43, AID, 1, Pressure, -10000.0, matty, Alloy_713LC, ANALYSIS_NAME, NOZ_T2_X1
VM,MIN_VM, 13508.7166773, AID, 1, Pressure, -10000.0, matty, Alloy_713LC, ANALYSIS_NAME, NOZ_T2_X1
VM_ID,MIN_VM_ID, 101, AID, 1, Pressure, -10000.0, matty, Alloy_713LC, ANALYSIS_NAME, NOZ_T2_X1
################################################################################



INDEPENDENT VARIABLES:
AID,1,
ANALYSIS_NAME,NOZ_T2_X1,
Pressure,-10000.0,
matty,Alloy_713LC,

MAX RESULTS:
ALL,0.991087010806,
ALL_ID,51,
D1,0.459514,
D1_ID,36,
D2,0.0251079,
D2_ID,51,
D3,0.880392,
D3_ID,51,
ID,267,
ID_ID,267,
MOSU,8.62341598434,
MOSU_ID,101,
MOSY,7.06089006626,
MOSY_ID,101,
SFU,1.0,
SFU_ID,79,
SFY,1.0,
SFY_ID,79,
SU,130000.0,
SU_ID,79,
SXX,844015.0,
SXX_ID,47,
SXY,40407.5,
SXY_ID,181,
SY,108892.280072,
SY_ID,79,
SYY,258474.0,
SYY_ID,187,
SYZ,54832.3,
SYZ_ID,197,
SZX,564374.0,
SZX_ID,43,
SZZ,260157.0,
SZZ_ID,47,
VM,1317060.80993,
VM_ID,51,

MIN RESULTS:
ALL,2.3298e-16,
ALL_ID,11,
D1,-0.151683,
D1_ID,21,
D2,-0.0251079,
D2_ID,35,
D3,-0.000774323,
D3_ID,210,
ID,1,
ID_ID,1,
MOSU,-0.901295369948,
MOSU_ID,51,
MOSY,-0.917321752154,
MOSY_ID,51,
SFU,1.0,
SFU_ID,79,
SFY,1.0,
SFY_ID,79,
SU,130000.0,
SU_ID,79,
SXX,-1028040.0,
SXX_ID,43,
SXY,-40407.5,
SXY_ID,197,
SY,108892.280072,
SY_ID,79,
SYY,-211659.0,
SYY_ID,170,
SYZ,-54832.3,
SYZ_ID,181,
SZX,-466362.0,
SZX_ID,47,
SZZ,-322633.0,
SZZ_ID,43,
VM,13508.7166773,
VM_ID,101,

AVERAGE RESULTS:
ALL,0.198480559386,
ALL_ID,NA,
D1,0.0271841285588,
D1_ID,NA,
D2,2.3659408986e-16,
D2_ID,NA,
D3,0.169985910998,
D3_ID,NA,
ID,130.288659794,
ID_ID,NA,
MOSU,-0.0805476801977,
MOSU_ID,NA,
MOSY,-0.216445366144,
MOSY_ID,NA,
SFU,0.917525773196,
SFU_ID,NA,
SFY,0.917525773196,
SFY_ID,NA,
SU,119278.350515,
SU_ID,NA,
SXX,-44037.5889141,
SXX_ID,NA,
SXY,-1.41207046056e-10,
SXY_ID,NA,
SY,99911.473468,
SY_ID,NA,
SYY,1824.74698763,
SYY_ID,NA,
SYZ,5.83942227905e-10,
SYZ_ID,NA,
SZX,5067.24558213,
SZX_ID,NA,
SZZ,-10609.5186766,
SZZ_ID,NA,
VM,267466.314332,
VM_ID,NA,
