#, DOE RESULTS FROM ANLAYSIS "PLAYGROUND_RIGID"
#, THE ANALYSIS TOOK PLACE ON: Friday, April 19th, 2013 at 10:30:53 AM
#, THE INPUT FILE WAS: C:\Dan\DEV\pywork\FEADOE\playground_RIGID.py
#, PERFORMED BY: dannyt
#, ANALYSIS FILES ARE STORED IN : PLAYGROUND_RIGID_MODELS.zip
#
#, INDEPENDENT VARIABLES:
#,Pressure,-10000.0
#,matty,Alloy_713LC

################################################################################
#, THE NUMBER OF ANALYSES IN DOE = 1
################################################################################
ALL,MAX_ALL, 0.173159828783, AID, 1, Pressure, -10000.0, matty, Alloy_713LC, ANALYSIS_NAME, PLAYGROUND_RIGID_X1
ALL_ID,MAX_ALL_ID, 166, AID, 1, Pressure, -10000.0, matty, Alloy_713LC, ANALYSIS_NAME, PLAYGROUND_RIGID_X1
D1,MAX_D1, 0.111052, AID, 1, Pressure, -10000.0, matty, Alloy_713LC, ANALYSIS_NAME, PLAYGROUND_RIGID_X1
D1_ID,MAX_D1_ID, 166, AID, 1, Pressure, -10000.0, matty, Alloy_713LC, ANALYSIS_NAME, PLAYGROUND_RIGID_X1
D2,MAX_D2, 0.0011271, AID, 1, Pressure, -10000.0, matty, Alloy_713LC, ANALYSIS_NAME, PLAYGROUND_RIGID_X1
D2_ID,MAX_D2_ID, 89, AID, 1, Pressure, -10000.0, matty, Alloy_713LC, ANALYSIS_NAME, PLAYGROUND_RIGID_X1
D3,MAX_D3, 0.13286, AID, 1, Pressure, -10000.0, matty, Alloy_713LC, ANALYSIS_NAME, PLAYGROUND_RIGID_X1
D3_ID,MAX_D3_ID, 166, AID, 1, Pressure, -10000.0, matty, Alloy_713LC, ANALYSIS_NAME, PLAYGROUND_RIGID_X1
ID,MAX_ID, 178, AID, 1, Pressure, -10000.0, matty, Alloy_713LC, ANALYSIS_NAME, PLAYGROUND_RIGID_X1
ID_ID,MAX_ID_ID, 178, AID, 1, Pressure, -10000.0, matty, Alloy_713LC, ANALYSIS_NAME, PLAYGROUND_RIGID_X1
MOSU,MAX_MOSU, 14.3528957569, AID, 1, Pressure, -10000.0, matty, Alloy_713LC, ANALYSIS_NAME, PLAYGROUND_RIGID_X1
MOSU_ID,MAX_MOSU_ID, 100, AID, 1, Pressure, -10000.0, matty, Alloy_713LC, ANALYSIS_NAME, PLAYGROUND_RIGID_X1
MOSY,MAX_MOSY, 11.860090959, AID, 1, Pressure, -10000.0, matty, Alloy_713LC, ANALYSIS_NAME, PLAYGROUND_RIGID_X1
MOSY_ID,MAX_MOSY_ID, 100, AID, 1, Pressure, -10000.0, matty, Alloy_713LC, ANALYSIS_NAME, PLAYGROUND_RIGID_X1
SFU,MAX_SFU, 1.0, AID, 1, Pressure, -10000.0, matty, Alloy_713LC, ANALYSIS_NAME, PLAYGROUND_RIGID_X1
SFU_ID,MAX_SFU_ID, 79, AID, 1, Pressure, -10000.0, matty, Alloy_713LC, ANALYSIS_NAME, PLAYGROUND_RIGID_X1
SFY,MAX_SFY, 1.0, AID, 1, Pressure, -10000.0, matty, Alloy_713LC, ANALYSIS_NAME, PLAYGROUND_RIGID_X1
SFY_ID,MAX_SFY_ID, 79, AID, 1, Pressure, -10000.0, matty, Alloy_713LC, ANALYSIS_NAME, PLAYGROUND_RIGID_X1
SU,MAX_SU, 130000.0, AID, 1, Pressure, -10000.0, matty, Alloy_713LC, ANALYSIS_NAME, PLAYGROUND_RIGID_X1
SU_ID,MAX_SU_ID, 79, AID, 1, Pressure, -10000.0, matty, Alloy_713LC, ANALYSIS_NAME, PLAYGROUND_RIGID_X1
SXX,MAX_SXX, 13158.6, AID, 1, Pressure, -10000.0, matty, Alloy_713LC, ANALYSIS_NAME, PLAYGROUND_RIGID_X1
SXX_ID,MAX_SXX_ID, 63, AID, 1, Pressure, -10000.0, matty, Alloy_713LC, ANALYSIS_NAME, PLAYGROUND_RIGID_X1
SXY,MAX_SXY, 11986.8, AID, 1, Pressure, -10000.0, matty, Alloy_713LC, ANALYSIS_NAME, PLAYGROUND_RIGID_X1
SXY_ID,MAX_SXY_ID, 55, AID, 1, Pressure, -10000.0, matty, Alloy_713LC, ANALYSIS_NAME, PLAYGROUND_RIGID_X1
SY,MAX_SY, 108892.280072, AID, 1, Pressure, -10000.0, matty, Alloy_713LC, ANALYSIS_NAME, PLAYGROUND_RIGID_X1
SY_ID,MAX_SY_ID, 79, AID, 1, Pressure, -10000.0, matty, Alloy_713LC, ANALYSIS_NAME, PLAYGROUND_RIGID_X1
SYY,MAX_SYY, 8541.49, AID, 1, Pressure, -10000.0, matty, Alloy_713LC, ANALYSIS_NAME, PLAYGROUND_RIGID_X1
SYY_ID,MAX_SYY_ID, 13, AID, 1, Pressure, -10000.0, matty, Alloy_713LC, ANALYSIS_NAME, PLAYGROUND_RIGID_X1
SYZ,MAX_SYZ, 2418.49, AID, 1, Pressure, -10000.0, matty, Alloy_713LC, ANALYSIS_NAME, PLAYGROUND_RIGID_X1
SYZ_ID,MAX_SYZ_ID, 85, AID, 1, Pressure, -10000.0, matty, Alloy_713LC, ANALYSIS_NAME, PLAYGROUND_RIGID_X1
SZX,MAX_SZX, 1253.07, AID, 1, Pressure, -10000.0, matty, Alloy_713LC, ANALYSIS_NAME, PLAYGROUND_RIGID_X1
SZX_ID,MAX_SZX_ID, 106, AID, 1, Pressure, -10000.0, matty, Alloy_713LC, ANALYSIS_NAME, PLAYGROUND_RIGID_X1
SZZ,MAX_SZZ, 244530.0, AID, 1, Pressure, -10000.0, matty, Alloy_713LC, ANALYSIS_NAME, PLAYGROUND_RIGID_X1
SZZ_ID,MAX_SZZ_ID, 13, AID, 1, Pressure, -10000.0, matty, Alloy_713LC, ANALYSIS_NAME, PLAYGROUND_RIGID_X1
VM,MAX_VM, 242633.121789, AID, 1, Pressure, -10000.0, matty, Alloy_713LC, ANALYSIS_NAME, PLAYGROUND_RIGID_X1
VM_ID,MAX_VM_ID, 13, AID, 1, Pressure, -10000.0, matty, Alloy_713LC, ANALYSIS_NAME, PLAYGROUND_RIGID_X1
================================================================================
ALL,MIN_ALL, 0.0, AID, 1, Pressure, -10000.0, matty, Alloy_713LC, ANALYSIS_NAME, PLAYGROUND_RIGID_X1
ALL_ID,MIN_ALL_ID, 47, AID, 1, Pressure, -10000.0, matty, Alloy_713LC, ANALYSIS_NAME, PLAYGROUND_RIGID_X1
D1,MIN_D1, 0.0, AID, 1, Pressure, -10000.0, matty, Alloy_713LC, ANALYSIS_NAME, PLAYGROUND_RIGID_X1
D1_ID,MIN_D1_ID, 47, AID, 1, Pressure, -10000.0, matty, Alloy_713LC, ANALYSIS_NAME, PLAYGROUND_RIGID_X1
D2,MIN_D2, -0.0011271, AID, 1, Pressure, -10000.0, matty, Alloy_713LC, ANALYSIS_NAME, PLAYGROUND_RIGID_X1
D2_ID,MIN_D2_ID, 21, AID, 1, Pressure, -10000.0, matty, Alloy_713LC, ANALYSIS_NAME, PLAYGROUND_RIGID_X1
D3,MIN_D3, -0.0166033, AID, 1, Pressure, -10000.0, matty, Alloy_713LC, ANALYSIS_NAME, PLAYGROUND_RIGID_X1
D3_ID,MIN_D3_ID, 17, AID, 1, Pressure, -10000.0, matty, Alloy_713LC, ANALYSIS_NAME, PLAYGROUND_RIGID_X1
ID,MIN_ID, 1, AID, 1, Pressure, -10000.0, matty, Alloy_713LC, ANALYSIS_NAME, PLAYGROUND_RIGID_X1
ID_ID,MIN_ID_ID, 1, AID, 1, Pressure, -10000.0, matty, Alloy_713LC, ANALYSIS_NAME, PLAYGROUND_RIGID_X1
MOSU,MIN_MOSU, -0.464211649912, AID, 1, Pressure, -10000.0, matty, Alloy_713LC, ANALYSIS_NAME, PLAYGROUND_RIGID_X1
MOSU_ID,MIN_MOSU_ID, 13, AID, 1, Pressure, -10000.0, matty, Alloy_713LC, ANALYSIS_NAME, PLAYGROUND_RIGID_X1
MOSY,MIN_MOSY, -0.55120603787, AID, 1, Pressure, -10000.0, matty, Alloy_713LC, ANALYSIS_NAME, PLAYGROUND_RIGID_X1
MOSY_ID,MIN_MOSY_ID, 13, AID, 1, Pressure, -10000.0, matty, Alloy_713LC, ANALYSIS_NAME, PLAYGROUND_RIGID_X1
SFU,MIN_SFU, 1.0, AID, 1, Pressure, -10000.0, matty, Alloy_713LC, ANALYSIS_NAME, PLAYGROUND_RIGID_X1
SFU_ID,MIN_SFU_ID, 79, AID, 1, Pressure, -10000.0, matty, Alloy_713LC, ANALYSIS_NAME, PLAYGROUND_RIGID_X1
SFY,MIN_SFY, 1.0, AID, 1, Pressure, -10000.0, matty, Alloy_713LC, ANALYSIS_NAME, PLAYGROUND_RIGID_X1
SFY_ID,MIN_SFY_ID, 79, AID, 1, Pressure, -10000.0, matty, Alloy_713LC, ANALYSIS_NAME, PLAYGROUND_RIGID_X1
SU,MIN_SU, 130000.0, AID, 1, Pressure, -10000.0, matty, Alloy_713LC, ANALYSIS_NAME, PLAYGROUND_RIGID_X1
SU_ID,MIN_SU_ID, 79, AID, 1, Pressure, -10000.0, matty, Alloy_713LC, ANALYSIS_NAME, PLAYGROUND_RIGID_X1
SXX,MIN_SXX, -13158.6, AID, 1, Pressure, -10000.0, matty, Alloy_713LC, ANALYSIS_NAME, PLAYGROUND_RIGID_X1
SXX_ID,MIN_SXX_ID, 29, AID, 1, Pressure, -10000.0, matty, Alloy_713LC, ANALYSIS_NAME, PLAYGROUND_RIGID_X1
SXY,MIN_SXY, -11986.8, AID, 1, Pressure, -10000.0, matty, Alloy_713LC, ANALYSIS_NAME, PLAYGROUND_RIGID_X1
SXY_ID,MIN_SXY_ID, 39, AID, 1, Pressure, -10000.0, matty, Alloy_713LC, ANALYSIS_NAME, PLAYGROUND_RIGID_X1
SY,MIN_SY, 108892.280072, AID, 1, Pressure, -10000.0, matty, Alloy_713LC, ANALYSIS_NAME, PLAYGROUND_RIGID_X1
SY_ID,MIN_SY_ID, 79, AID, 1, Pressure, -10000.0, matty, Alloy_713LC, ANALYSIS_NAME, PLAYGROUND_RIGID_X1
SYY,MIN_SYY, -8541.49, AID, 1, Pressure, -10000.0, matty, Alloy_713LC, ANALYSIS_NAME, PLAYGROUND_RIGID_X1
SYY_ID,MIN_SYY_ID, 81, AID, 1, Pressure, -10000.0, matty, Alloy_713LC, ANALYSIS_NAME, PLAYGROUND_RIGID_X1
SYZ,MIN_SYZ, -2418.49, AID, 1, Pressure, -10000.0, matty, Alloy_713LC, ANALYSIS_NAME, PLAYGROUND_RIGID_X1
SYZ_ID,MIN_SYZ_ID, 17, AID, 1, Pressure, -10000.0, matty, Alloy_713LC, ANALYSIS_NAME, PLAYGROUND_RIGID_X1
SZX,MIN_SZX, -23382.8, AID, 1, Pressure, -10000.0, matty, Alloy_713LC, ANALYSIS_NAME, PLAYGROUND_RIGID_X1
SZX_ID,MIN_SZX_ID, 53, AID, 1, Pressure, -10000.0, matty, Alloy_713LC, ANALYSIS_NAME, PLAYGROUND_RIGID_X1
SZZ,MIN_SZZ, -244530.0, AID, 1, Pressure, -10000.0, matty, Alloy_713LC, ANALYSIS_NAME, PLAYGROUND_RIGID_X1
SZZ_ID,MIN_SZZ_ID, 81, AID, 1, Pressure, -10000.0, matty, Alloy_713LC, ANALYSIS_NAME, PLAYGROUND_RIGID_X1
VM,MIN_VM, 8467.458, AID, 1, Pressure, -10000.0, matty, Alloy_713LC, ANALYSIS_NAME, PLAYGROUND_RIGID_X1
VM_ID,MIN_VM_ID, 100, AID, 1, Pressure, -10000.0, matty, Alloy_713LC, ANALYSIS_NAME, PLAYGROUND_RIGID_X1
################################################################################



INDEPENDENT VARIABLES:
AID,1,
ANALYSIS_NAME,PLAYGROUND_RIGID_X1,
Pressure,-10000.0,
matty,Alloy_713LC,

MAX RESULTS:
ALL,0.173159828783,
ALL_ID,166,
D1,0.111052,
D1_ID,166,
D2,0.0011271,
D2_ID,89,
D3,0.13286,
D3_ID,166,
ID,178,
ID_ID,178,
MOSU,14.3528957569,
MOSU_ID,100,
MOSY,11.860090959,
MOSY_ID,100,
SFU,1.0,
SFU_ID,79,
SFY,1.0,
SFY_ID,79,
SU,130000.0,
SU_ID,79,
SXX,13158.6,
SXX_ID,63,
SXY,11986.8,
SXY_ID,55,
SY,108892.280072,
SY_ID,79,
SYY,8541.49,
SYY_ID,13,
SYZ,2418.49,
SYZ_ID,85,
SZX,1253.07,
SZX_ID,106,
SZZ,244530.0,
SZZ_ID,13,
VM,242633.121789,
VM_ID,13,

MIN RESULTS:
ALL,0.0,
ALL_ID,47,
D1,0.0,
D1_ID,47,
D2,-0.0011271,
D2_ID,21,
D3,-0.0166033,
D3_ID,17,
ID,1,
ID_ID,1,
MOSU,-0.464211649912,
MOSU_ID,13,
MOSY,-0.55120603787,
MOSY_ID,13,
SFU,1.0,
SFU_ID,79,
SFY,1.0,
SFY_ID,79,
SU,130000.0,
SU_ID,79,
SXX,-13158.6,
SXX_ID,29,
SXY,-11986.8,
SXY_ID,39,
SY,108892.280072,
SY_ID,79,
SYY,-8541.49,
SYY_ID,81,
SYZ,-2418.49,
SYZ_ID,17,
SZX,-23382.8,
SZX_ID,53,
SZZ,-244530.0,
SZZ_ID,81,
VM,8467.458,
VM_ID,100,

AVERAGE RESULTS:
ALL,0.0781343350393,
ALL_ID,NA,
D1,0.0634453580825,
D1_ID,NA,
D2,-3.91841819898e-14,
D2_ID,NA,
D3,0.0332067243299,
D3_ID,NA,
ID,85.7886597938,
ID_ID,NA,
MOSU,7.13888210897,
MOSU_ID,NA,
MOSY,5.83078671509,
MOSY_ID,NA,
SFU,0.917525773196,
SFU_ID,NA,
SFY,0.917525773196,
SFY_ID,NA,
SU,119278.350515,
SU_ID,NA,
SXX,4966.42416495,
SXX_ID,NA,
SXY,-1.32844307776e-09,
SXY_ID,NA,
SY,99911.473468,
SY_ID,NA,
SYY,107.864470722,
SYY_ID,NA,
SYZ,1.14383728184e-09,
SYZ_ID,NA,
SZX,-3643.93957732,
SZX_ID,NA,
SZZ,107.864470718,
SZZ_ID,NA,
VM,41222.2836985,
VM_ID,NA,
