#, DOE RESULTS FROM ANLAYSIS "PLT_SMALL_zz"
#, THE ANALYSIS TOOK PLACE ON: Monday, April 8th, 2013 at 06:28:30 PM
#, THE INPUT FILE WAS: E:\DEV\pywork\FEADOE\plt_small_rigid.py
#, PERFORMED BY: Trowbridge
#, ANALYSIS FILES ARE STORED IN : PLT_SMALL_zz_MODELS.zip
#
#, INDEPENDENT VARIABLES:
#,NEX,40
#,Pressure,10000.0
#,matty,Alloy_713LC

################################################################################
#, THE NUMBER OF ANALYSES IN DOE = 1
################################################################################
ALL,MAX_ALL, 0.0105856405141, AID, 1, matty, Alloy_713LC, Pressure, 10000.0, NEX, 40, ANALYSIS_NAME, PLT_SMALL_zz_X1
ALL_ID,MAX_ALL_ID, 105, AID, 1, matty, Alloy_713LC, Pressure, 10000.0, NEX, 40, ANALYSIS_NAME, PLT_SMALL_zz_X1
D1,MAX_D1, 0.00286391, AID, 1, matty, Alloy_713LC, Pressure, 10000.0, NEX, 40, ANALYSIS_NAME, PLT_SMALL_zz_X1
D1_ID,MAX_D1_ID, 115, AID, 1, matty, Alloy_713LC, Pressure, 10000.0, NEX, 40, ANALYSIS_NAME, PLT_SMALL_zz_X1
D2,MAX_D2, 0.000369455, AID, 1, matty, Alloy_713LC, Pressure, 10000.0, NEX, 40, ANALYSIS_NAME, PLT_SMALL_zz_X1
D2_ID,MAX_D2_ID, 241, AID, 1, matty, Alloy_713LC, Pressure, 10000.0, NEX, 40, ANALYSIS_NAME, PLT_SMALL_zz_X1
D3,MAX_D3, 0.0, AID, 1, matty, Alloy_713LC, Pressure, 10000.0, NEX, 40, ANALYSIS_NAME, PLT_SMALL_zz_X1
D3_ID,MAX_D3_ID, 175, AID, 1, matty, Alloy_713LC, Pressure, 10000.0, NEX, 40, ANALYSIS_NAME, PLT_SMALL_zz_X1
ID,MAX_ID, 250, AID, 1, matty, Alloy_713LC, Pressure, 10000.0, NEX, 40, ANALYSIS_NAME, PLT_SMALL_zz_X1
ID_ID,MAX_ID_ID, 250, AID, 1, matty, Alloy_713LC, Pressure, 10000.0, NEX, 40, ANALYSIS_NAME, PLT_SMALL_zz_X1
MOSU,MAX_MOSU, 108.282265921, AID, 1, matty, Alloy_713LC, Pressure, 10000.0, NEX, 40, ANALYSIS_NAME, PLT_SMALL_zz_X1
MOSU_ID,MAX_MOSU_ID, 111, AID, 1, matty, Alloy_713LC, Pressure, 10000.0, NEX, 40, ANALYSIS_NAME, PLT_SMALL_zz_X1
MOSY,MAX_MOSY, 90.5384239041, AID, 1, matty, Alloy_713LC, Pressure, 10000.0, NEX, 40, ANALYSIS_NAME, PLT_SMALL_zz_X1
MOSY_ID,MAX_MOSY_ID, 111, AID, 1, matty, Alloy_713LC, Pressure, 10000.0, NEX, 40, ANALYSIS_NAME, PLT_SMALL_zz_X1
SFU,MAX_SFU, 1.0, AID, 1, matty, Alloy_713LC, Pressure, 10000.0, NEX, 40, ANALYSIS_NAME, PLT_SMALL_zz_X1
SFU_ID,MAX_SFU_ID, 113, AID, 1, matty, Alloy_713LC, Pressure, 10000.0, NEX, 40, ANALYSIS_NAME, PLT_SMALL_zz_X1
SFY,MAX_SFY, 1.0, AID, 1, matty, Alloy_713LC, Pressure, 10000.0, NEX, 40, ANALYSIS_NAME, PLT_SMALL_zz_X1
SFY_ID,MAX_SFY_ID, 113, AID, 1, matty, Alloy_713LC, Pressure, 10000.0, NEX, 40, ANALYSIS_NAME, PLT_SMALL_zz_X1
SU,MAX_SU, 130000.0, AID, 1, matty, Alloy_713LC, Pressure, 10000.0, NEX, 40, ANALYSIS_NAME, PLT_SMALL_zz_X1
SU_ID,MAX_SU_ID, 113, AID, 1, matty, Alloy_713LC, Pressure, 10000.0, NEX, 40, ANALYSIS_NAME, PLT_SMALL_zz_X1
SXX,MAX_SXX, 130507.0, AID, 1, matty, Alloy_713LC, Pressure, 10000.0, NEX, 40, ANALYSIS_NAME, PLT_SMALL_zz_X1
SXX_ID,MAX_SXX_ID, 150, AID, 1, matty, Alloy_713LC, Pressure, 10000.0, NEX, 40, ANALYSIS_NAME, PLT_SMALL_zz_X1
SXY,MAX_SXY, 25152.8, AID, 1, matty, Alloy_713LC, Pressure, 10000.0, NEX, 40, ANALYSIS_NAME, PLT_SMALL_zz_X1
SXY_ID,MAX_SXY_ID, 246, AID, 1, matty, Alloy_713LC, Pressure, 10000.0, NEX, 40, ANALYSIS_NAME, PLT_SMALL_zz_X1
SY,MAX_SY, 108892.280072, AID, 1, matty, Alloy_713LC, Pressure, 10000.0, NEX, 40, ANALYSIS_NAME, PLT_SMALL_zz_X1
SY_ID,MAX_SY_ID, 113, AID, 1, matty, Alloy_713LC, Pressure, 10000.0, NEX, 40, ANALYSIS_NAME, PLT_SMALL_zz_X1
SYY,MAX_SYY, 44031.8, AID, 1, matty, Alloy_713LC, Pressure, 10000.0, NEX, 40, ANALYSIS_NAME, PLT_SMALL_zz_X1
SYY_ID,MAX_SYY_ID, 150, AID, 1, matty, Alloy_713LC, Pressure, 10000.0, NEX, 40, ANALYSIS_NAME, PLT_SMALL_zz_X1
SYZ,MAX_SYZ, 2441.36, AID, 1, matty, Alloy_713LC, Pressure, 10000.0, NEX, 40, ANALYSIS_NAME, PLT_SMALL_zz_X1
SYZ_ID,MAX_SYZ_ID, 150, AID, 1, matty, Alloy_713LC, Pressure, 10000.0, NEX, 40, ANALYSIS_NAME, PLT_SMALL_zz_X1
SZX,MAX_SZX, 1666.1, AID, 1, matty, Alloy_713LC, Pressure, 10000.0, NEX, 40, ANALYSIS_NAME, PLT_SMALL_zz_X1
SZX_ID,MAX_SZX_ID, 190, AID, 1, matty, Alloy_713LC, Pressure, 10000.0, NEX, 40, ANALYSIS_NAME, PLT_SMALL_zz_X1
SZZ,MAX_SZZ, 43614.3, AID, 1, matty, Alloy_713LC, Pressure, 10000.0, NEX, 40, ANALYSIS_NAME, PLT_SMALL_zz_X1
SZZ_ID,MAX_SZZ_ID, 150, AID, 1, matty, Alloy_713LC, Pressure, 10000.0, NEX, 40, ANALYSIS_NAME, PLT_SMALL_zz_X1
VM,MAX_VM, 109632.441515, AID, 1, matty, Alloy_713LC, Pressure, 10000.0, NEX, 40, ANALYSIS_NAME, PLT_SMALL_zz_X1
VM_ID,MAX_VM_ID, 150, AID, 1, matty, Alloy_713LC, Pressure, 10000.0, NEX, 40, ANALYSIS_NAME, PLT_SMALL_zz_X1
================================================================================
ALL,MIN_ALL, 0.0, AID, 1, matty, Alloy_713LC, Pressure, 10000.0, NEX, 40, ANALYSIS_NAME, PLT_SMALL_zz_X1
ALL_ID,MIN_ALL_ID, 175, AID, 1, matty, Alloy_713LC, Pressure, 10000.0, NEX, 40, ANALYSIS_NAME, PLT_SMALL_zz_X1
D1,MIN_D1, -0.00267313, AID, 1, matty, Alloy_713LC, Pressure, 10000.0, NEX, 40, ANALYSIS_NAME, PLT_SMALL_zz_X1
D1_ID,MIN_D1_ID, 86, AID, 1, matty, Alloy_713LC, Pressure, 10000.0, NEX, 40, ANALYSIS_NAME, PLT_SMALL_zz_X1
D2,MIN_D2, -0.000369455, AID, 1, matty, Alloy_713LC, Pressure, 10000.0, NEX, 40, ANALYSIS_NAME, PLT_SMALL_zz_X1
D2_ID,MIN_D2_ID, 141, AID, 1, matty, Alloy_713LC, Pressure, 10000.0, NEX, 40, ANALYSIS_NAME, PLT_SMALL_zz_X1
D3,MIN_D3, -0.010195, AID, 1, matty, Alloy_713LC, Pressure, 10000.0, NEX, 40, ANALYSIS_NAME, PLT_SMALL_zz_X1
D3_ID,MIN_D3_ID, 105, AID, 1, matty, Alloy_713LC, Pressure, 10000.0, NEX, 40, ANALYSIS_NAME, PLT_SMALL_zz_X1
ID,MIN_ID, 1, AID, 1, matty, Alloy_713LC, Pressure, 10000.0, NEX, 40, ANALYSIS_NAME, PLT_SMALL_zz_X1
ID_ID,MIN_ID_ID, 1, AID, 1, matty, Alloy_713LC, Pressure, 10000.0, NEX, 40, ANALYSIS_NAME, PLT_SMALL_zz_X1
MOSU,MIN_MOSU, 0.185780396788, AID, 1, matty, Alloy_713LC, Pressure, 10000.0, NEX, 40, ANALYSIS_NAME, PLT_SMALL_zz_X1
MOSU_ID,MIN_MOSU_ID, 150, AID, 1, matty, Alloy_713LC, Pressure, 10000.0, NEX, 40, ANALYSIS_NAME, PLT_SMALL_zz_X1
MOSY,MIN_MOSY, -0.00675129945571, AID, 1, matty, Alloy_713LC, Pressure, 10000.0, NEX, 40, ANALYSIS_NAME, PLT_SMALL_zz_X1
MOSY_ID,MIN_MOSY_ID, 150, AID, 1, matty, Alloy_713LC, Pressure, 10000.0, NEX, 40, ANALYSIS_NAME, PLT_SMALL_zz_X1
SFU,MIN_SFU, 1.0, AID, 1, matty, Alloy_713LC, Pressure, 10000.0, NEX, 40, ANALYSIS_NAME, PLT_SMALL_zz_X1
SFU_ID,MIN_SFU_ID, 113, AID, 1, matty, Alloy_713LC, Pressure, 10000.0, NEX, 40, ANALYSIS_NAME, PLT_SMALL_zz_X1
SFY,MIN_SFY, 1.0, AID, 1, matty, Alloy_713LC, Pressure, 10000.0, NEX, 40, ANALYSIS_NAME, PLT_SMALL_zz_X1
SFY_ID,MIN_SFY_ID, 113, AID, 1, matty, Alloy_713LC, Pressure, 10000.0, NEX, 40, ANALYSIS_NAME, PLT_SMALL_zz_X1
SU,MIN_SU, 130000.0, AID, 1, matty, Alloy_713LC, Pressure, 10000.0, NEX, 40, ANALYSIS_NAME, PLT_SMALL_zz_X1
SU_ID,MIN_SU_ID, 113, AID, 1, matty, Alloy_713LC, Pressure, 10000.0, NEX, 40, ANALYSIS_NAME, PLT_SMALL_zz_X1
SXX,MIN_SXX, -127578.0, AID, 1, matty, Alloy_713LC, Pressure, 10000.0, NEX, 40, ANALYSIS_NAME, PLT_SMALL_zz_X1
SXX_ID,MIN_SXX_ID, 246, AID, 1, matty, Alloy_713LC, Pressure, 10000.0, NEX, 40, ANALYSIS_NAME, PLT_SMALL_zz_X1
SXY,MIN_SXY, -25152.8, AID, 1, matty, Alloy_713LC, Pressure, 10000.0, NEX, 40, ANALYSIS_NAME, PLT_SMALL_zz_X1
SXY_ID,MIN_SXY_ID, 146, AID, 1, matty, Alloy_713LC, Pressure, 10000.0, NEX, 40, ANALYSIS_NAME, PLT_SMALL_zz_X1
SY,MIN_SY, 108892.280072, AID, 1, matty, Alloy_713LC, Pressure, 10000.0, NEX, 40, ANALYSIS_NAME, PLT_SMALL_zz_X1
SY_ID,MIN_SY_ID, 113, AID, 1, matty, Alloy_713LC, Pressure, 10000.0, NEX, 40, ANALYSIS_NAME, PLT_SMALL_zz_X1
SYY,MIN_SYY, -43329.1, AID, 1, matty, Alloy_713LC, Pressure, 10000.0, NEX, 40, ANALYSIS_NAME, PLT_SMALL_zz_X1
SYY_ID,MIN_SYY_ID, 246, AID, 1, matty, Alloy_713LC, Pressure, 10000.0, NEX, 40, ANALYSIS_NAME, PLT_SMALL_zz_X1
SYZ,MIN_SYZ, -2441.36, AID, 1, matty, Alloy_713LC, Pressure, 10000.0, NEX, 40, ANALYSIS_NAME, PLT_SMALL_zz_X1
SYZ_ID,MIN_SYZ_ID, 250, AID, 1, matty, Alloy_713LC, Pressure, 10000.0, NEX, 40, ANALYSIS_NAME, PLT_SMALL_zz_X1
SZX,MIN_SZX, -38764.6, AID, 1, matty, Alloy_713LC, Pressure, 10000.0, NEX, 40, ANALYSIS_NAME, PLT_SMALL_zz_X1
SZX_ID,MIN_SZX_ID, 200, AID, 1, matty, Alloy_713LC, Pressure, 10000.0, NEX, 40, ANALYSIS_NAME, PLT_SMALL_zz_X1
SZZ,MIN_SZZ, -44326.9, AID, 1, matty, Alloy_713LC, Pressure, 10000.0, NEX, 40, ANALYSIS_NAME, PLT_SMALL_zz_X1
SZZ_ID,MIN_SZZ_ID, 246, AID, 1, matty, Alloy_713LC, Pressure, 10000.0, NEX, 40, ANALYSIS_NAME, PLT_SMALL_zz_X1
VM,MIN_VM, 1189.58001927, AID, 1, matty, Alloy_713LC, Pressure, 10000.0, NEX, 40, ANALYSIS_NAME, PLT_SMALL_zz_X1
VM_ID,MIN_VM_ID, 111, AID, 1, matty, Alloy_713LC, Pressure, 10000.0, NEX, 40, ANALYSIS_NAME, PLT_SMALL_zz_X1
################################################################################



INDEPENDENT VARIABLES:
AID,1,
ANALYSIS_NAME,PLT_SMALL_zz_X1,
NEX,40,
Pressure,10000.0,
matty,Alloy_713LC,

MAX RESULTS:
ALL,0.0105856405141,
ALL_ID,105,
D1,0.00286391,
D1_ID,115,
D2,0.000369455,
D2_ID,241,
D3,0.0,
D3_ID,175,
ID,250,
ID_ID,250,
MOSU,108.282265921,
MOSU_ID,111,
MOSY,90.5384239041,
MOSY_ID,111,
SFU,1.0,
SFU_ID,113,
SFY,1.0,
SFY_ID,113,
SU,130000.0,
SU_ID,113,
SXX,130507.0,
SXX_ID,150,
SXY,25152.8,
SXY_ID,246,
SY,108892.280072,
SY_ID,113,
SYY,44031.8,
SYY_ID,150,
SYZ,2441.36,
SYZ_ID,150,
SZX,1666.1,
SZX_ID,190,
SZZ,43614.3,
SZZ_ID,150,
VM,109632.441515,
VM_ID,150,

MIN RESULTS:
ALL,0.0,
ALL_ID,175,
D1,-0.00267313,
D1_ID,86,
D2,-0.000369455,
D2_ID,141,
D3,-0.010195,
D3_ID,105,
ID,1,
ID_ID,1,
MOSU,0.185780396788,
MOSU_ID,150,
MOSY,-0.00675129945571,
MOSY_ID,150,
SFU,1.0,
SFU_ID,113,
SFY,1.0,
SFY_ID,113,
SU,130000.0,
SU_ID,113,
SXX,-127578.0,
SXX_ID,246,
SXY,-25152.8,
SXY_ID,146,
SY,108892.280072,
SY_ID,113,
SYY,-43329.1,
SYY_ID,246,
SYZ,-2441.36,
SYZ_ID,250,
SZX,-38764.6,
SZX_ID,200,
SZZ,-44326.9,
SZZ_ID,246,
VM,1189.58001927,
VM_ID,111,

AVERAGE RESULTS:
ALL,0.00421017515963,
ALL_ID,NA,
D1,4.01648022371e-05,
D1_ID,NA,
D2,1.04571511294e-17,
D2_ID,NA,
D3,-0.00396598446186,
D3_ID,NA,
ID,120.304123711,
ID_ID,NA,
MOSU,8.36864753986,
MOSU_ID,NA,
MOSY,6.86087872835,
MOSY_ID,NA,
SFU,0.917525773196,
SFU_ID,NA,
SFY,0.917525773196,
SFY_ID,NA,
SU,119278.350515,
SU_ID,NA,
SXX,15.4106504124,
SXX_ID,NA,
SXY,3.76605413521e-11,
SXY_ID,NA,
SY,99911.473468,
SY_ID,NA,
SYY,-37.9473801284,
SYY_ID,NA,
SYZ,7.54241114009e-12,
SYZ_ID,NA,
SZX,-8603.98558165,
SZX_ID,NA,
SZZ,-4061.75448948,
SZZ_ID,NA,
VM,33681.7072014,
VM_ID,NA,
